addr,side,group,btcblack_found,btcblack_latency_ms,block_height
bc1qkyw7ga6xc6j93jreh83xr49hre4vjr9tzgr4wy,input,target_blocks,False,118.0,
bc1q2svk5sdyz2clv5qjwyd775dpuquvty32z5fe77,input,target_blocks,False,146.1,
bc1qyeq40d9newssuw4sk26wkwnufcdwql9wl988sn,input,target_blocks,False,140.9,
bc1q0mtes3aeu6twet3ctu8p8er2up85ackypv3yz8,input,target_blocks,False,118.0,
bc1pqyuyhcd954tt4075d6e8t5j8t8g4swvn8epwg08jpfjmu2683w9stmvutj,input,target_blocks,False,141.7,
bc1p00crz8kdyy2e6kaw36wh00xrwverq3hakk2j0uhevrvwuv56ewrqh4xsr0,input,target_blocks,False,141.6,
bc1q403jhh2w7m3t57z3e4k3nsc2vyqqeqa65s40dp,input,target_blocks,False,117.9,
bc1p6f0eepw70pg27466mcr2r72cg2nyattqxsr4vdmg5s54465tc2aslp4gp3,input,target_blocks,False,140.9,
bc1qv5m0yglcs0y9q5prvtnc393whtvfpz7w79zh6m,input,target_blocks,False,141.7,
bc1qwuadplkffmy29uvw0mkg6kznmnhjqs8hg802sr,input,target_blocks,False,147.7,
bc1q8dfr8xm72ydfqk7cutu8t367jkzhmss8agg30d,input,target_blocks,False,141.9,
bc1q6r90660f77vn60c6pjk9thzeukwwsu6xnkxq5t,input,target_blocks,False,26.1,
bc1qhzzdm9mh73wcv938egatkgvyue9wr447ez0le3,input,target_blocks,False,65.4,
bc1q5u2mt3mv9mqwssvex4mnjp4czk0n07dwv5rytl,input,target_blocks,False,92.3,
bc1qx665m0wrs4aruhuj0mvxj5avscjzpz7n8m33x8,input,target_blocks,False,140.4,
bc1qqvmyg0c6lax249y8mjytcg0tw7mmtvuevlpr6f,input,target_blocks,False,57.0,
bc1qeq5uur7f06lfyvu80pjemtwlr9mazydnkmp0aa,input,target_blocks,False,91.4,
bc1qlh8m84xlqvvk92te0pv3jjkc355stgqnunfh00,input,target_blocks,False,134.4,
bc1qeecz0dccstst3uluh7e3jfrjc8gjz99ugef2dt,input,target_blocks,False,128.4,
bc1qpv5zagk24h40c36jta2e26kn9zxu92sr0fl566,input,target_blocks,False,90.3,
bc1qn34d9pazjw53zvpeysj4hkyguumfjax47vxumu,input,target_blocks,False,24.7,
bc1p8wy2004g90j4sysh6xxnd8wnfewjvzxc0ekq4kqftfyhn05k7p9q6wjhyk,input,target_blocks,False,88.7,
bc1qvak24nnh6ss5vkrjfj7w0sdvhat2alh8d92rv5,input,target_blocks,False,79.0,
bc1qagq20qhxfgwl425pwru4frvea7egcht6qvl0aa,input,target_blocks,False,24.3,
bc1pk8jwe9uv70zyjztx7902qxn4dn2uhvwg97gq4rzus6g4jphan9rscpf027,input,target_blocks,False,61.2,
bc1q6ta6ac84lvty6xxrnh33rn2l2svccmpxsqytru,input,target_blocks,False,69.5,
bc1qtrwlurkd43hmn4ylhgz7g7gpe0fa9vnerkkvmg,input,target_blocks,False,93.8,
bc1ql0yt06hew85500sl7twjp8vg9auhaxtstvdy4w,input,target_blocks,False,25.0,
bc1q3naqyvmkr7n6tfshgkgcgfj39xn0erkzynrx4q,input,target_blocks,False,73.8,
bc1q5nrthjqwt8dultynutzhyp8cvmvt72pm6ee0vy,input,target_blocks,False,149.3,
bc1qd83ckxwskul2stuytzu6rd600rugg4wje6w3lu,input,target_blocks,False,23.2,
bc1q599eq4kcrvcc3ljn67kg3sjhru08skhtqw3rhe,input,target_blocks,False,23.0,
bc1q4ddqrx0fgrey4t0cxvgd8vjxlhuwfwdzc6d0ad,input,target_blocks,False,90.2,
bc1qucy0aas70rmy2w9mnskfltvtcnpyr8kz8pl5ek,input,target_blocks,False,25.5,
bc1pxguny9pcusk29lrlh4nfpjmk5ukajlcl5zx9ghtwrqdlvpj0y54se9rm5f,input,target_blocks,False,24.3,
bc1paju4rpaagajx5dnnl5zuyplcrdck4qjw9tv62v5c8fzzen8tpzuqapm7xl,input,target_blocks,False,25.7,
bc1qqjn0fytqw8gmwsvnejlfyhvtw9l5lk73452ld7,input,target_blocks,False,23.4,
bc1pvdesls5tdqkrnsdqr22gd653ert6r3x202hln5hw0ecaeg56w5xqktawev,input,target_blocks,False,25.5,
bc1qkr4v3wnpw5mv59uyqjcmyu8zt7czgmg67lafan,input,target_blocks,False,23.2,
bc1qzxnnhjv7vqn9h3s5ea55m0c8uvlfsnwt3fepys,input,target_blocks,False,130.0,
bc1qvamehzzskhqx5n9a78ryzpcj34tynlwpz466k3,input,target_blocks,False,124.8,
bc1q5ungle36hk8qkyrw2y49upk78grunxemen8apl,input,target_blocks,False,34.6,
bc1qea4gt64053wl0alwp5yltn6kpwwrxlfk3kfcs8,input,target_blocks,False,26.9,
bc1qhv7gc508kw8sl4hzkye0thr8dxdt94z6s9ly00,input,target_blocks,False,90.2,
bc1q22w62zua3g6lnmsdk9fu57v3am0kdr4mvg2nl4,input,target_blocks,False,127.5,
bc1qacy7cvat2m5v8zh22n7swyjcxraf6sm03r2dpm,input,target_blocks,False,95.2,
bc1q2ux8g4wkcamlupju4m9lmhp47ruge6rf0kwraa,input,target_blocks,False,90.8,
bc1q8rxrkhzmuzv5f46qlhvw55gxva9lkv32536u4j,input,target_blocks,False,24.2,
bc1q9cfz7cuvhpvj9w8zdthze0s0alv58w6xtvuyjq,input,target_blocks,False,89.6,
bc1qwa9vyrtg78466d7rd6q3ww2f9e7clxhp3vtsnm,input,target_blocks,False,24.2,
bc1q8sehnx6f5zf79thgh0ggauzg8u4vkwsc9tstn2,input,target_blocks,False,23.3,
bc1quvhgmpfrln37dv06hmwu7zkcfmmppx8hlxtnpl,input,target_blocks,False,88.7,
bc1qezuj50s4ydy2zungm7ku9t6mvwmjtvymx2plz4,input,target_blocks,False,23.8,
bc1qpx2u69mdv0jrkdspau3vhgrlaarujc2n7nde0y,input,target_blocks,False,26.4,
bc1qwhke3549ea355qanjehfxzagtscl4hslulg0we,input,target_blocks,False,89.0,
bc1qq92rlecr46f2uqs4hpq5glf0j3nq2jt0gn4kun,input,target_blocks,False,23.2,
bc1qmhvjc2uj4cz2873vy2v5el3e2qqyvvk9szjey6,input,target_blocks,False,24.1,
bc1q29perd8wlm7p5626293k05vtc05h8ck7l23haa,input,target_blocks,False,21.7,
bc1qqng2s7f69f0ztrkm3aw8h8d7c4u6hr0pvj24ck,input,target_blocks,False,75.3,
bc1qj0984c2wztxvnqcqu5ufrxu7me3nylzz4rlrws,input,target_blocks,False,21.8,
bc1q62zpzt3alfg7lgj59dl5nnsld72lmca52zxrd8,input,target_blocks,False,23.9,
bc1q8vgd82nd78ndj54qukmv6qggw4scgd6qz2eum7,input,target_blocks,False,27.3,
bc1qjtxysazsha27sgs4dfvtkn5z2xmtkff625swh9,input,target_blocks,False,136.3,
bc1q92090vuh3yxfymtrfxq3gjnfwt76msxtuh006r,input,target_blocks,False,23.3,
bc1qam0aheeakyth8h9jt6shykvjggk8euylqr9jrs,input,target_blocks,False,24.1,
bc1qdc7zxea4rrflhmms74vwvkzve5u8y8ksczmck4,input,target_blocks,False,89.3,
bc1qd9zv708ewm0kg070ppx37d9h4rnj3put0c49aa,input,target_blocks,False,149.2,
bc1qguqd4wfvlmknuy8u02qmntqskepzyjdd44vjpa,input,target_blocks,False,92.2,
bc1q6pm94akcga6sz759phckdd4v8cst7tznl9x0pq,input,target_blocks,False,25.4,
bc1qf7p7z2caneumsueytsqggd0pcxrh4a27fcu09p,input,target_blocks,False,92.0,
bc1qpkp9q6chv4n977kvwrcpjvq2e02ttkqakrerlg,input,target_blocks,False,92.3,
bc1q7mg7u0sgnl36qd8sxvc8l5h6wp37xrkvlrgnvp,input,target_blocks,False,132.2,
bc1qafc23gaejew0pxnskz9aesxzew47l5mah66vxj,input,target_blocks,False,89.3,
bc1qfwl64mqyw5tjekp6u5lcrmmf39u9ldjpy8qtvd,input,target_blocks,False,23.6,
bc1qm8xt3353xyjlg7stm5qxk6wjqaa9vhmklfwvrp,input,target_blocks,False,23.8,
bc1qaem7flehk2s0qu45chlnwzs3090r5hj22ngn00,input,target_blocks,False,26.3,
bc1q9e5y650c5xmp95ggj2lm48cufy5xcaxzcvj5f9,input,target_blocks,False,23.9,
bc1qf6rlwpv5e93q3cvpc6yz7rmpql4rqwn2vczzgn,input,target_blocks,False,25.5,
bc1qdxqpn7tv9xxzax8h5u6ah6xzkv9l8zsdm5nvwq,input,target_blocks,False,23.3,
bc1qynjyuq54vhvyq359qn76n8terqgxanfzs8tt2u,input,target_blocks,False,24.3,
bc1qesg8wy8tl05gyfvx7a4walcgvd7zwenmfzf6s3,input,target_blocks,False,89.0,
bc1qvlynjywfgzqcp6p0se5230ez2la626z0p347pn,input,target_blocks,False,24.3,
bc1qhe88g80tsewmtk58gtp2l5clnsraak9hxrsc3a,input,target_blocks,False,22.4,
bc1qld45jcahn4vjmcw42qzucf7n6my7fr5t82n630,input,target_blocks,False,26.6,
bc1qec2hzn57prvlm5l79vdvfk73mxutw29k3gkahu,input,target_blocks,False,23.3,
bc1qgwlz8063q4wuenlmxcx3mntuqmug5kp6jm8gg9,input,target_blocks,False,24.0,
bc1p57jw3w3h7f0wfdlvlcl5xevcuqpxk58w04k4trkxupag4mwrmp7s0lrk83,input,target_blocks,False,88.4,
bc1pand98dhm6cdf9e8xxvl0ep7rnv2yjzjjttz07az5epjjrskdgfjqwv473q,input,target_blocks,False,24.0,
bc1qkmjhc80n3gxjmd49sch50gs4ys8kedmryvfprm,input,target_blocks,False,90.1,
bc1q6hgun0cdud5epzpc24q7vncgtfst3szyt5gszs,input,target_blocks,False,54.9,
bc1qcd4su8tu3exz73tlnkjqz6p54xlsa0wuxmmy00,input,target_blocks,False,142.5,
bc1qsggvluasczm7ynmznlrq6hxzvyddwualw0dl0l,input,target_blocks,False,23.6,
bc1q7n05d8mqlc6py2etqmxsxs8j69hpced6je2s7j,input,target_blocks,False,24.6,
bc1qcd3xm4ssqvn3qphudccg4fgv05qnzpa0kg3700,input,target_blocks,False,22.5,
bc1qcappr2fjlnrmta6gzuvwvlqxcv0r2nnlg3qp7a,input,target_blocks,False,24.6,
bc1qhgmc4k70ucvv9p6dk6rdtteexfgnrd6a5gma00,input,target_blocks,False,24.8,
bc1qlc5qmg0ursd0t3lv7w6a0du3fh2pfj6s74ezq7,input,target_blocks,False,23.9,
bc1qrdcu6jypr54k50jkja7dl86w8dlftsu63ehmd3,input,target_blocks,False,23.5,
bc1qyrnfgw8ctdle4cgqm6c264qfp2v6scvkafah4h,input,target_blocks,False,22.8,
bc1qqh6ch58znu3qmcpcrlg5r2slcl4dgdzjrm83vq,input,target_blocks,False,22.5,
bc1pchleug6er4hg477jlwy3377nxfncfu94x758st6cy2ssk45a3c2seek9l6,input,target_blocks,False,23.9,
bc1pqxhh7kstha7fea4dhc3yv79pnwf2psx96nd7c3zs9duaac7veksqqfzcgc,input,target_blocks,False,89.8,
bc1qy8733ta0x88y22jsuxwxq7sfxdfxrnvhtpk7jl,input,target_blocks,False,24.3,
bc1qj3w3w57mzlx8m6vd5y0m7d70qpsucmm74jxza2,input,target_blocks,False,89.7,
bc1qk0u2m6mer7qh4j7xe2vy0q4d6e6jd5mkyr86hc,input,target_blocks,False,23.4,
bc1qgl7fynx75shl67lprhndqfaj42sv7n9d6kdvy4,input,target_blocks,False,26.0,
bc1pjy7rc5v6r36t03j89w2qmqaaq5m94rytgttqg2mv59mdj508gnrqmgvhef,input,target_blocks,False,22.6,
bc1qq9jkvxp55kveepuzhef63f0uek9y2u3st3q80q,input,target_blocks,False,22.9,
bc1padxc3vwac53l24pru4hx66wmuu8t7krzvqfkrasu557xkchru5ksjgftsk,input,target_blocks,False,24.3,
bc1q5au5pysevn79vxy9fggfml38y2kwxcgs00qwlc,input,target_blocks,False,22.7,
bc1q9pf5nqll7uj9alvr2vtmcae52zevgfxg605ggq,input,target_blocks,False,90.4,
bc1puj0fmx25gw93chq348t6lruvweud27trzvqutaxd7v0tlhtxnlvqxyj882,input,target_blocks,False,24.4,
bc1q28c0ta6cjyvwqgxwpu299f2jjaf98hly2f0mql,input,target_blocks,False,23.6,
bc1qqz2j9z7x99y5y80q6phjrasn9d237c8tygmtcx,input,target_blocks,False,69.6,
bc1q4tvaecqqzgyyscdqwwsfcdn7c5tuvhjn5hsfmm,input,target_blocks,False,89.1,
bc1qf96du30gemuxpec62hv6ds94gm7p6ulvgh7tll,input,target_blocks,False,25.1,
bc1qtthwf9pr64faepx5lq8kyypsrg0qdc6gn0gerz,input,target_blocks,False,24.3,
bc1qj42f00phuh8yn5r65ugfd3qf55nj67fwanqlrc,input,target_blocks,False,88.9,
bc1qg5l02dut3wca2206kyxvhjz3r7zmh59xudjdnc,input,target_blocks,False,88.1,
bc1q4ef3j29a2krrhwgtvz8d0emherrkqq68j7ht59,input,target_blocks,False,22.4,
bc1q33cx20gurv6ylvfvlr57w9pc8cdxxker4fzaxf,input,target_blocks,False,24.8,
bc1pa2h6lda6v0jlj4kqh5kdsvyxkdx23ldth289z2lys33t6khdpltq38xkqk,input,target_blocks,False,25.6,
bc1qy08rz2myg86jdvhj66zzeac6q2fxdj8n0j08xw,input,target_blocks,False,26.4,
bc1qpjd33hqj8py424ghvz9hhpcvjdnrjn4xd7aa2l,input,target_blocks,False,87.9,
bc1pa5mcaeww9ae6mj3gdfhgmpry4p7sx30ly968hmw5s9eqfnz98yhqtsx3f3,input,target_blocks,False,23.2,
bc1q3sky3glu7udn94jp4e9uj2hh638phvxzkpn4ry,input,target_blocks,False,24.4,
bc1qca52we7uyap9g9w0f5wjzytkg4m36sa9zxxugm,input,target_blocks,False,87.5,
bc1qy0khqljkyt8adhmv9e7hvag7vjt8rra7pxhq45,input,target_blocks,False,89.4,
bc1qzeqcrgjzzqx6gt84nj0yh97pq4anncqzjsr57y,input,target_blocks,False,23.6,
bc1pwy2ytcxdjs82lat69ugr3xftw33nqrzv0gmpa5cp0g7q8rw0n3ns2c9eas,input,target_blocks,False,22.3,
bc1qfmv0pf625yz6lmg7ux899fqd0zpshztufnkytj,input,target_blocks,False,27.8,
bc1qdn2n8e3s76umksknwgrn0cr8hdwt8cx6qv3dty,input,target_blocks,False,23.9,
bc1qg2kx2xa97k4fm5hteyn7ktwwexa8nfwnmc0yva,input,target_blocks,False,22.3,
bc1qdwuup5qjdfme96zhpplztpgfy4zseyy9jvl5gf,input,target_blocks,False,24.0,
bc1q732gl6qeuwtvtekeqyvkunpmllw7phtta2yh00,input,target_blocks,False,27.1,
bc1qhmm54ms5lzy0hsn8qt3kumfuzyurw70zvf09te,input,target_blocks,False,23.5,
bc1qdfratczjvw2j873u2whwtpdj0uf4cfzc2v9xxk,input,target_blocks,False,22.9,
bc1q2s8l00aunq9teqt8ttjtnzn5x5z6w33tj7u5hq,input,target_blocks,False,23.1,
bc1qr8xtugc47a3sd9nq8eecscqje3nd566rffznu2,input,target_blocks,False,88.2,
bc1qeef6k87562l95eey7s7cxpuyatmqz792dz4sat,input,target_blocks,False,23.9,
bc1prhwq5exc6v928wghz50gtvsyezlavzz2y2rqffyzk07ae67k4hpq7yjdfu,input,target_blocks,False,23.1,
bc1pae8p3yh2g6xntsarn87dpyqxark87ag4v35qy5dtcrlpfskwetlsn9je43,input,target_blocks,False,24.1,
bc1quy3tl87jpygjmdn6z9cmp4s64znqcv2x5q7tk3,input,target_blocks,False,91.1,
bc1q455hur75c20dpnkkec0n4xwexrnzgm6srfztv4,input,target_blocks,False,90.8,
bc1pmq8ket62zkvuejmspv0cd54sqeevvns3lmc4kvx39r3nuz67lwus3q3yp4,input,target_blocks,False,21.6,
bc1qqz623jyqdsh2w5y5kdmzk2ws6mzr2mt2etv5gx,input,target_blocks,False,21.6,
bc1qnmvq37p5sn80e9p056s74rsz6ajq2qgmtyyq00,input,target_blocks,False,23.4,
bc1qlsuz6wmux9yv8zly7pqtga27fptfhuge78t7ks,input,target_blocks,False,23.6,
bc1p5muznmewf3zrwc8rawumz900j27tpxlturhsyymrqkm4ev8cuchs7shnzu,input,target_blocks,False,87.3,
bc1qq8s3g0ag4gn9qmdpsgawp9x46hdankudvz2ukp,input,target_blocks,False,22.9,
bc1q4a42gdgv5su8j0agljt9vcwlte9nz9jql0xr9n,input,target_blocks,False,23.6,
bc1qtahjnxyz532t49culw87pknzklnt6pk0xtacuf,input,target_blocks,False,88.8,
bc1qex279aerh885fr62m0lnv3htvja2kw9km9c2aa,input,target_blocks,False,23.3,
bc1qvlnhp3jh8upw7rgn7fk0hkaw6pg4rjfu83334x,input,target_blocks,False,22.6,
bc1qvkg5gccjjx9vp7pyxeltj80wdeyh3hzpx6fhwl,input,target_blocks,False,22.6,
bc1qs075xxup5ktw5mxszu48emy400tha4x7nv6tpq,input,target_blocks,False,22.3,
bc1qv9x0zhl20dhjj5yty9rm5253wgnlyqsevvv6sp,input,target_blocks,False,23.1,
bc1qgs4uv87qpfpvqdw2thjktw52cahk7pnr8x3kn5,input,target_blocks,False,22.4,
bc1q74v5n4lcpqsh8e8vax0and72e9p8wt26ze0sjf,input,target_blocks,False,26.5,
bc1qqt853xkk8hu4jkwszcqrd6xd38x4velva8mw73,input,target_blocks,False,23.1,
bc1qdmh4eh2wk6vzst0m0us6eg7gynqas8zsk6qs4v,input,target_blocks,False,25.7,
bc1q0358kuuyesly0zmgwfhfxd7k4xx35uhznge5cu,input,target_blocks,False,20.6,
bc1qc67yspqq05yepjavzrfc93rwp06fdk3jem0krx,input,target_blocks,False,23.4,
bc1qupxtg3t78pqzd84793zgz4j8wv00macesyxawf,input,target_blocks,False,87.6,
bc1qd9c36ddy8dn6jndfe4f5yryrvqajs8hfhuf5pd,input,target_blocks,False,22.9,
bc1q98ngtqknr9yqkhjxlwdu5mkx6yzl07c2q7f5gv,input,target_blocks,False,22.5,
bc1qkvf6u8fndmt8j5sre664z3tqv7zp3nz7lngu8n,input,target_blocks,False,24.8,
bc1pk99g60tc7d6rxnc5wwr0jwpdgqm2ev5kmguh0ttjuujj5dc0j6cq4hwh2j,input,target_blocks,False,24.2,
bc1qn9tvur4gdjdt0p85l20z3qwtdudx4gcdpjma4w,input,target_blocks,False,23.5,
bc1qf3qpjcczk50csrgszyxhdyvkr6yayfydc4ur00,input,target_blocks,False,22.7,
bc1q6gllp7568tnhyt84uyprw35pxqepycvct0qj00,input,target_blocks,False,24.7,
bc1qfsn2gkqsqnrsv88vxr3mdkwdz0xqxfg5f7n2mp,input,target_blocks,False,27.8,
bc1qpkh730knd0d2ankja4wp9syccet8zj8grznpkl,input,target_blocks,False,23.5,
bc1q7unnl3pluj0fdsfc3tfklx5x4cgchw4jls5y8w,input,target_blocks,False,27.4,
bc1q5r7590gneslgaexhq9u4z5zknrf8rhm4ut6cau,input,target_blocks,False,24.1,
bc1q4phhpw4x4hav5a6gvdmsge42v7snk9w9n90q4w,input,target_blocks,False,23.0,
bc1qxlne4qmmgpc6rlrvrdyjprnay9q6ykg98gz2j3,input,target_blocks,False,22.4,
bc1qd32aq08rjug5ruufd33m3484nr8fyh0u0hewuh,input,target_blocks,False,22.4,
bc1qknqylktc5t304ltf3vhxvsjc9w3n64uzaw33ah,input,target_blocks,False,26.6,
bc1q4z5kaq9qpqxssmdwsmatthnss7mu36cam5xe00,input,target_blocks,False,23.0,
bc1qy7q7v5hn6ww8q327a3vrgjgrvdl0che50g8t3s,input,target_blocks,False,23.3,
bc1qmrg83pxfzl7hndduzr45eegdstejwda4v6wfn2,input,target_blocks,False,94.3,
bc1qynhauw3g7zdyf7jq2efzry8zfn5rqyhgl9hkk8,input,target_blocks,False,38.2,
bc1qgjrq7ur63kvyu4eapazz5qv55vgtd3rk3rteaa,input,target_blocks,False,25.4,
bc1qc6ra562awe65e3g8ek2xm0u7a0hgn063xfmt82,input,target_blocks,False,24.1,
bc1qe0y8q44dfu3v375mhelxsm6d8aheudr6znk0fz,input,target_blocks,False,22.5,
bc1p3tr09g3g2w3p0956px6smkz05xq6uznu8vk9zr82r85z5dmfq6aqs3e6uk,input,target_blocks,False,88.4,
bc1qdkmsu8dqm5hhttew59khkfukp6495aknxydxd6,input,target_blocks,False,23.4,
bc1q2hegx5eswlhpmdxetgupgyhwexxs0u5w7z5s00,input,target_blocks,False,56.4,
bc1q7d0gn37nay6qsnksmq4jnp8x3ce6dtd3k2mevk,input,target_blocks,False,22.7,
bc1q70v3sea2t49txks30zeard4dltetpxpt2vtjph,input,target_blocks,False,24.4,
bc1qlup8craleh48z9l8hnaw8lzcpvjfk4378h3zf6,input,target_blocks,False,23.1,
bc1qcemj9t63rgfzk89760hh9lcjv7c57zlwkts80z,input,target_blocks,False,93.6,
bc1quwyv0kgkpuj7w3rz0xqhk3yvecwgnqzaafay3q,input,target_blocks,False,27.1,
bc1qqjmynn2g0nnkv536vvdks2356actfp63zx7d8e,input,target_blocks,False,24.4,
bc1qgtquys4nh4w5zwwuywy34584v3gw7c8myh2nhj,input,target_blocks,False,24.3,
bc1q3dyq9qu3qfwp3jm56ku99qr2j49g8lsfzw5cvw,input,target_blocks,False,26.6,
bc1qscu5nh352wwx87ymvf44885edn7k289vymee06,input,target_blocks,False,27.6,
bc1p2ajthnk28r3dnh4chvaffs4wytvvcrc42d72jvtsj2ezsgj66ppsqfqh0v,input,target_blocks,False,26.8,
bc1pk7ut2ls3wrgs04x4ezr0rgrdenzukmv7v85dqwqhfwd8q8a54htse6thwm,input,target_blocks,False,24.3,
38J6iCwhwSBaFYRen68tmnwu3BmNyx9iE6,input,target_blocks,False,25.0,
bc1qzf43ep2zy50lrqsrejwaahl3rvln0afqv22fmj,input,target_blocks,False,23.6,
bc1qwsk5z9evedtznahj7k44mmjw5ypr4q6uqw3utk,input,target_blocks,False,24.0,
bc1qsg2kzmg40v0420aqgppcpjrvkqr5gp3audrue0,input,target_blocks,False,23.7,
bc1qem47frwqu0d28j5d36czr50zhd8ez3jqsd239v,input,target_blocks,False,25.4,
bc1q2k47rfp7drgp5y4zjqveye2agjj4d8e6p250ts,input,target_blocks,False,24.2,
bc1qfcsrlud52g0rgapj2ewwzsfhhah42dlr357m54,input,target_blocks,False,22.1,
bc1qtkllvrgramk69zy2n8q0hjuz2glv6ur9ga699t,input,target_blocks,False,22.3,
bc1pa8x7nxyz73wp8j62rwhezw4usdq9n4e7h3h8kqqk5zuuuh73tnqq7y8hg5,input,target_blocks,False,27.2,
3HFiB5yzNuf3CFXx5S7TDJGEA9bFLEtXD3,input,target_blocks,False,25.1,
bc1qq3vfmrz08232u4wyvuvnxd533ly63efekf4ees,input,target_blocks,False,23.4,
1G4vvFLsk5T6hYj1oY3DsCHfwv4TUwiiSQ,input,target_blocks,False,89.2,
bc1qca0upxg9ze6375tr82zme5nz3c2uc0ddnd8m3s,input,target_blocks,False,23.6,
bc1qvgaepmrr247wq5plqaka9d8dcw4dc88545gna8,input,target_blocks,False,23.3,
bc1qgm0pxnwktjzhm3ksm6hllrrlv6ymhfjeq4xnn2,input,target_blocks,False,88.5,
bc1qxsnxms9t5tggw8c04caq9w5fe26wqjnxaxrkkt,input,target_blocks,False,87.7,
bc1qktewyxu2zdeer3pr2vfsfp2a6yees9j6zjfsvy,input,target_blocks,False,24.1,
bc1qenzm64xrp0sxzmdtqrpsm9m3xdzzm3k0yymqxv,input,target_blocks,False,23.3,
bc1qrs888fespmpq6sywyvjlkzu3hcnef0trdgw9xq,input,target_blocks,False,23.6,
bc1qnst3g5ma767vqtt83yz97vy5g0nrtp4xejmgfx,input,target_blocks,False,86.9,
bc1qejrde5srumfrs5hyaj3783dqq4fcgukyuwpx92,input,target_blocks,False,24.0,
bc1qa4r6y0nt6vwy5p75mmplmaffukn5qhs8wc898a,input,target_blocks,False,27.2,
bc1qq0d4q9k6xe2aa08h8uz6ggmvwkwwfr0hpvp3xx,input,target_blocks,False,88.3,
bc1par84l4ju7qplgr3mdh8ky52nwxxy47zt0my35jkqfeatc3f4ppdqjhxqtz,input,target_blocks,False,22.0,
bc1qh83xgxda8fcpnfwmhfpqf24x4cdnuadkxjj2aa,input,target_blocks,False,23.4,
bc1qelvz4gkya49tfl562u9nyglrfyc2h62726mwwz,input,target_blocks,False,22.2,
bc1qfyxnn8t8922xrhvptnjd4k5tfdca8s6a2e5m7q,input,target_blocks,False,21.8,
bc1qw9z43vmsrxux8x5dx955np3kn709qxa5qlu5u9,input,target_blocks,False,23.3,
bc1qstzkdtqns0fm5ljmpw9mf06udq9fvytln3j9tg,input,target_blocks,False,23.8,
13YpuGPr1ikuc2T5pGxR21UXnZxfHxKMuL,input,target_blocks,False,26.2,
bc1qex2ctz5mrey8673hc5d2ye2wz8umthpx6l7389,input,target_blocks,False,21.9,
bc1p50p6wk3ahv2xwhz665mjjd4pqv3daenq349x5wwldeqhj8cs0auqvt2jz9,input,target_blocks,False,21.5,
bc1qq8mvxkh36h9kwzadgfanqakp7zsw4c93ldtxtt,input,target_blocks,False,87.8,
bc1qup03yzm7kqc59e65r3qg7qjxkfxaqlzdthutks,input,target_blocks,False,21.3,
bc1qmemk65j0ga8gykhf9fl6phmmz9de0vt4lpuc2w,input,target_blocks,False,22.6,
1EEyAbcmUbar3vu39HMSXXumgoTuVETA5C,input,target_blocks,False,23.2,
bc1puaz2trnxx8ugmlk4xyn44cwymmyd5erz2nkxuqlaq39g002s30ls9t2yjx,input,target_blocks,False,22.3,
3L636eFD3gb2YgqrhB7GfZg7ZaRWdL7AqR,input,target_blocks,False,21.7,
bc1qmcwv5mmj52wzxzf2hmn4tneyl8c020yrjdrmte,input,target_blocks,False,25.1,
bc1qnkkz4ejfxk7xvugv78xwlj8mqetqnhnahwnmdj,input,target_blocks,False,24.4,
bc1q4s42r2whny6rpect7w4ue7fqe4jdzxcdx39ell,input,target_blocks,False,26.7,
bc1qpjretw3a5r68puq6nea7ejn7kwyxxkfrrlhrtc,input,target_blocks,False,23.3,
bc1qnxnx6rekd6gtyzz4g3p2pzqvpynkm6lprq7hfk,input,target_blocks,False,22.9,
bc1qwvmsvkfsl532c8mwphvrefvt8jg98dcsgqdkr9,input,target_blocks,False,23.6,
bc1pcqwu7vy2km5wq7ghgxld5va8qpqx49rzr6u6rm3zhj2l86nmc8sqxtpq2l,input,target_blocks,False,21.6,
bc1puvzwk0xt42tdzxppnpede4sztx5nuzc9ps8az86uqphtxpkdxpqq7wjuus,input,target_blocks,False,89.8,
bc1ph663lteguw7whxhh8z7myf5aeun72n7ed5vwtfwplygyse945zzqas5rwr,input,target_blocks,False,24.5,
bc1pwqfcnp62pk25drd47hjw2ax8e033gzufd0d0s3x6v2jleg0d94csk9wnhy,input,target_blocks,False,22.7,
bc1pqy9gx34akvx8g25935an53ud8vftd72e9cx4536u0unsv2wvf50scpd6mx,input,target_blocks,False,21.4,
bc1qhvwek8vtr0ut27dsy2enqs4a20zkhz5jjfst54,input,target_blocks,False,24.0,
bc1qjhaa9pxmje5h906qung42qx5l9c0er6fgquny6,input,target_blocks,False,91.1,
bc1q0r73rpjkknpf833f28dhz754pyw7teye4cnhtw,input,target_blocks,False,25.3,
1BLLSu1k77VQMN2UnRMEVizZEHSb2JwVeU,input,target_blocks,False,23.9,
1PsikttrrPZ8MwypCHUKTjaFPErBeWq2Dp,input,target_blocks,False,23.2,
bc1qc6k9dddnral98n0tp86jz7djmxng4qfalllaw2,input,target_blocks,False,88.5,
bc1qj9qdquunz9x5npx46c6zhxeun20cgl3lyhk69w,input,target_blocks,False,22.3,
bc1qm0zty4yy448nnhzxhpm6xrr5f6fps6vxllqlvx,input,target_blocks,False,93.6,
bc1qawe8sxyd9y6fclu83wepdvmaue03whn4rg9qa7,input,target_blocks,False,23.3,
bc1q3w6tuhd63garfpadeuazksq93xff70jm7fehgxryxsnx4fv30e6sz4j0v4,input,target_blocks,False,24.3,
bc1qtjparwvk638ew6z0w397aspphxhkjpgdqv93ap,input,target_blocks,False,23.9,
bc1qajpt8pm6r86k6srxhekzuuj9ztnvw9wp6syg72,input,target_blocks,False,26.0,
bc1qlfk33lujxxarphgw5dpkftqj0snjmknmw2y9s2,input,target_blocks,False,87.5,
bc1qqhn3ztdcm0ct6yq6a725kvwzwykwewn4rr6uus,input,target_blocks,False,24.7,
bc1q5auqd4pfeptmhtsvj4au6qsnlds57pftph7r76,input,target_blocks,False,23.1,
bc1qlh2x9nh2y2zkx9yldrvl5332k6g4u8wn459njv,input,target_blocks,False,27.7,
bc1qcchwzrje6t9ptywwmwn0kkdr2zwh6dpxkqpasf,input,target_blocks,False,22.6,
bc1q5r7nzpzdw4p0mqdk6muvqa9rl5wpw98ke5zm2e,input,target_blocks,False,22.8,
bc1qarhft849rl3280v7rx73gs226tw3uzv3j6j0su,input,target_blocks,False,23.6,
bc1pu0m49kpdvfm94kefk47ennul9kagz7s6y3vdj3u24txrhxc4472s6qnwkg,input,target_blocks,False,22.2,
bc1ptkw4n4zp8nndklehj0f7w5596v3vfdckytx97akx5v9vnff6697qcuxjr8,input,target_blocks,False,89.8,
bc1qpyzhf6ym7dgatqv56qeepltlth3rask40m45d7,input,target_blocks,False,25.7,
bc1qjlqhuzhyn9kqvf9qawrhzhrmtl4fpsz338lamz,input,target_blocks,False,22.9,
bc1qhdthsc06uvjadhf7s7fta3g89xqsp8ackeayxa,input,target_blocks,False,87.8,
bc1qzjzmncmea4ycya0caffak7nv0pdjclylcctadz,input,target_blocks,False,22.9,
bc1pzv3neudz7jrt86k56mttyesn3967mzss2cgmq5jc2satdklg584qjv7yjk,input,target_blocks,False,24.3,
bc1qy58ux670825gehd5xjggvv6g8lkwseanp4eudq,input,target_blocks,False,27.5,
bc1qyvhlnahpepm00f4gq8x32np4487t4dp576jczt,input,target_blocks,False,22.1,
bc1p7n2pg2pnrkjhvuq03p4c0ptadts645exvdqlatuphra0j8nq2qxsl0x7ad,input,target_blocks,False,24.2,
bc1p0lhrdkvzkr8p7aqvk76avj82gz4ht3njw5juw445mhn8amgjg9dqvkvl2d,input,target_blocks,False,23.2,
bc1qke9tu7s7ldc8jumdj20xt8t82p02duf62rx9nl,input,target_blocks,False,87.8,
bc1qu3qn3l75fsw4wuc3w4w6md2qlde4cwsehy52eu,input,target_blocks,False,22.1,
bc1q5rgkld9nu3c2ycvczar5j7qlfhnv27j0ndy6uy,input,target_blocks,False,26.9,
bc1qywgfpfkgl7dlpe3al86tlan44af386ts8gjlk6,input,target_blocks,False,27.5,
3HCNC5Yrh6FdyzTLZcnwGjbRRs3TRJPfsT,input,target_blocks,False,24.2,
bc1ql088v0825mvhkh4luu29f6gufk6cg7zuuh0zqh,input,target_blocks,False,22.8,
bc1p2gk0xazppvw6uekda7f3epls4rq3xrcll00aj4kd856mxc8k6vys3kruj3,input,target_blocks,False,88.8,
bc1pkjhje2srukmgy0a5nq5hvr8a8c4v7zca2rqrk0v5kcg3g5j97sysm63dfy,input,target_blocks,False,24.4,
bc1qhyqkrnru2agaxf36acg3rdzmjtd2fr8nqt6duh,input,target_blocks,False,26.4,
bc1qt029utegrp40grz4antucwr8xmhprmlzff8gqa,input,target_blocks,False,24.3,
bc1p0hynwdu3l6s4edw25phq3gajexhrtjm0vfagvhv42nnkgtn0hzjspp9lef,input,target_blocks,False,21.7,
bc1qpxmjpssf5djqddvdp6js80st8nq0eq2ml4yaln,input,target_blocks,False,24.0,
bc1q24x50jjhn0fleuf2g2vl2j3mh2mc66hsj4el4e,input,target_blocks,False,22.3,
bc1q7k37a2xmg6l37v48dnzaj7tzayxkjvw4qp2f4c,input,target_blocks,False,23.1,
bc1qdp5n3cc2lclr3fs7mdn27uynsjt0y3u69a69m0,input,target_blocks,False,22.9,
bc1qvzsnzehsdq9xz50sl52kstjsvcyu7q0ddwmgg8,input,target_blocks,False,87.0,
bc1q6mmwt37w34parvf29z2r87s2wfuq92qa6n928l,input,target_blocks,False,23.3,
bc1qlrk3wvqwcd7e33lkujt35tjn7dzgz7e83t5qdr,input,target_blocks,False,22.8,
bc1qjl0ju23sr7yzgkzkqnkcrfr76vvqqs3u4qyd06,input,target_blocks,False,26.3,
bc1pwkrux532eu5kwwu6dda492kyf0mudv058utq8dkpaevmmk4wm5rsvszqmv,input,target_blocks,False,24.2,
bc1qx3d32m2me2zf5uzcrh6xxta0hrxzkxlhk3f995,input,target_blocks,False,23.3,
bc1qwdqn6dppy9d0t5mnnph87z66eaeglj5xrp6u8p,input,target_blocks,False,24.8,
bc1ql2hajk84mmj07qr3v3tt9zauncstlw2eqn7ep8,input,target_blocks,False,24.2,
bc1qjw2mk9n8ulxh4tqnj4esk0kn49k6gsav7759ty,input,target_blocks,False,25.9,
bc1qkd82ckynfxn39eknksx22guuqhnkx5mrpj54pr,input,target_blocks,False,25.9,
3CtDzSg3c2cddkkdsT7FJcKguEPY6phapC,input,target_blocks,False,88.4,
bc1q2pd7v7ujt40hka2rpp6xzpx0chtp2ggnl5svcy,input,target_blocks,False,23.0,
bc1qj3ts2e3cmz7kwdaerl99k4jkeauv0thy9mrqxt,input,target_blocks,False,89.5,
bc1qz9hgure52j5csz2ssy3r7qhmkueuvu5q22084d,input,target_blocks,False,24.2,
bc1q5wmrj4etlgtu0hugk3vs909mzpa8w67r5uxypg,input,target_blocks,False,23.3,
bc1qrgl0yu3zuglvcgrdsglc5a8zdsud6n023naqaz,input,target_blocks,False,24.6,
bc1qqvm3gn05vrmm8v8cmejfjvrmjwkrahu6z26dus,input,target_blocks,False,88.3,
bc1q7juatl77ppwu4dylvcs7wm4cr8jat2uhlj2y33,input,target_blocks,False,23.9,
bc1q5xxpcmsd58hllxharea8qkjwkd27ys5caxhv0v,input,target_blocks,False,24.3,
bc1pj49eqpj5wmus4538t59g4f5kpdqerurq6y7z3393enzp6cmn9keq96clj7,input,target_blocks,False,23.9,
bc1pfn8z3dhz7uc9xrrlrt8jd0xwkxf3q2vlafrjyu04y2jwxzluym7s2e6cw6,input,target_blocks,False,22.7,
bc1p35u73245cvudxvn38ucu89nnk48lejz6rh79vvuqpxc3dwqleueslqt346,input,target_blocks,False,24.9,
bc1p9nkpluq3y53mrnax3zfmgpd2wt4prkheps43202nhwayvre3dxsqjvxwza,input,target_blocks,False,22.2,
bc1ql0detze5sk5g5ata48zmfa5jhdtfaw4zsrd6zv,input,target_blocks,False,23.4,
bc1qhgvemzd056cjka25flqyc3t5hq283xcrq0m0gs,input,target_blocks,False,25.9,
bc1q320v4073cchn5rryctexe2qqpy0vd4zp0wld2n,input,target_blocks,False,87.5,
bc1pr6sxexuuvye0hjw5lxe0m3qusu2ntw6g5hfjc39c6efczt6rpppsy26y4u,input,target_blocks,False,26.8,
bc1qg5hves5nce5495y7zyhr99vx44xx5e2q6luqvg,input,target_blocks,False,23.2,
bc1pel3q8crjt36p4whlqf5jx5sjkf9qht8vup0r23cwuh8kw5ujc7eqgl5u66,input,target_blocks,False,22.2,
bc1q9wvygkq7h9xgcp59mc6ghzczrqlgrj9k3ey9tz,input,target_blocks,False,89.6,
bc1qsq3nwhgank4pg5g85kl8grwg7xmslm9m8wwdr7,input,target_blocks,False,22.3,
bc1q44f6rlvyewrqduzgep6xcdrglnhffwgg6mhevt,input,target_blocks,False,23.6,
bc1qm973x7zwy2pdmhvgqty8uydegkcvaym2skae7p,input,target_blocks,False,22.2,
bc1qthcseajcfn4zk0wgd7tt6rnlw83rdjwvyglrwuslznuavanayh9qp6kcqk,input,target_blocks,False,23.6,
bc1qx5vedmy424t63f2z0h994g85qknkk0u2qltuxf,input,target_blocks,False,23.8,
bc1p6zevrpp6j4az5w5qpwcwaugy4l3druyu38us2dq38usnj8nqh6yqyhm5s8,input,target_blocks,False,23.9,
bc1q4yds8e3jyzvj9ehzz70p76uherun58y6tsnpyj,input,target_blocks,False,86.9,
1NA4A2M1KhXHQuCo614kTHAWg52uDtTSha,input,target_blocks,False,26.7,
bc1qkhatw4kcc6pj9ut0jykt89er20yfn5eejuds00,input,target_blocks,False,24.4,
bc1qryhgpmfv03qjhhp2dj8nw8g4ewg08jzmgy3cyx,input,target_blocks,False,22.8,
bc1qd494298ntcr9lck5wd2yzw2z3htjx44h8nj87sl9sp0yzkluxz3swzj6a7,input,target_blocks,False,21.5,
bc1qgc2cpn8hj68cmqz38ydvg8xrdm9c0a525yjzp33542gamlsfpa0st8w7nx,input,target_blocks,False,22.3,
bc1pcacq5k8jh5naf560z7zucq6zt43a4yqlj6lxj7xh90g0rrtz50escaujcf,input,target_blocks,False,26.2,
bc1qvul7p40tf9uzdc68u4ahta9jqtm8st5adgn53u24rg9myct5lmlq055pcz,input,target_blocks,False,22.9,
bc1qxh3t2ynnvshr0xawusm20f4kdk4atkvkr05k40,input,target_blocks,False,90.4,
bc1qjrc3g8he8pfyr9rhkwy3948r2j4ujd026kuuc4,input,target_blocks,False,24.5,
bc1q9k0zk8wa96e9ntll3jwefkuml6revrpacjdp75,input,target_blocks,False,22.6,
bc1qutkyefj0tnf7a6ck0lgkcdyzs32lk6uz4jhumm,input,target_blocks,False,23.9,
bc1q7kfku9alcr26a427taqhxm09klvglg5rnrs3tl,input,target_blocks,False,22.2,
bc1qcjfm4t67zjf65ru6jvxlt0tmmwv55e3qcklws8,input,target_blocks,False,23.2,
bc1q5vkea84rkudq3xd84d4889kyqh3dpp0q8d0ulq,input,target_blocks,False,22.3,
bc1pcv3hp7f4znfusegnswnun08pej7w5cc5ajxpvwrhghjs43kjk9ps4q8x20,input,target_blocks,False,23.4,
bc1p80ldcjlt4fypzl7jnedr9kqjfjplnpvew0mjrp4pgfjwx3lvmlgshx58te,input,target_blocks,False,23.6,
bc1py4zazw5zu9vlz9rey38tx5xu7adl09naglu5cc3mjv4846l36apsu2s7kp,input,target_blocks,False,22.8,
1KkGqjSoA3n2ZYByXikDuF75mBcQi8uN2S,input,target_blocks,False,22.6,
bc1q23td00gdeh6ctf2y0l8kzt5zsgh2v4afap2m55,input,target_blocks,False,22.7,
bc1q6yyeum2ffe870elapkz3qjv5uzsavz8hkvhf60,input,target_blocks,False,89.5,
bc1qtw7eh3akjqnr97t8w529htfsmejw9tw8z9tq3k,input,target_blocks,False,23.3,
bc1pu7jlwl4ukh4gg609dl63uglasxtg0k6ulgnmpug28r2zs7y5358sfqh9qf,input,target_blocks,False,23.6,
bc1q8f902mnqg58jsdjl5n7f98h3hz4tqdn29egd3n,input,target_blocks,False,26.0,
bc1p3tdvg9dz984u9ys2uzwnqdruege3uz5h8sqe9kh0ljz3hxftxjwqgsndv2,input,target_blocks,False,25.0,
bc1pw74u6mcccc0wg3t7r7d5azz5x53487srg9h37fsdshg4759rggzqzju6dl,input,target_blocks,False,24.6,
bc1qv40qmqyat5udjctd8x6z4feyq0qe9v6xeacaze,input,target_blocks,False,23.6,
bc1qjjt048alcn90julwjvuzkwxfxfl4ylhsarmzul,input,target_blocks,False,21.4,
1FTsqYZNoULWrsbFM6GjLZEKGhQDidq6R5,input,target_blocks,False,23.6,
bc1qmp78vy5mlku3qrym4n7r6t9qn4m3y7kykmtw0c,input,target_blocks,False,23.7,
bc1q9vxrldh75lr2mdt7xylh2w2njhalnk3fl98y70,input,target_blocks,False,24.1,
bc1pgcq0ryrdajzn8nyrwsye0tugr9ltyre34xycezwslmsmm9lw4f8sqaksm4,input,target_blocks,False,22.9,
bc1pl8ygrk5fv2g3asx4jhe7tc23uaq424vl6x3g4zyhslh0zlmk4zcs0rec2k,input,target_blocks,False,22.4,
bc1qy362asyqhmrk9tqjewz067zyfsek7ymt0z72rx,input,target_blocks,False,88.8,
bc1q49a7jqzatcfa2laclvakun9dlul5kh9w046p80,input,target_blocks,False,23.1,
bc1q5fc5rksrd4uz83s2dqzumtjv8c4z4rdtn785gh,input,target_blocks,False,23.4,
bc1qffuwvwk5mwrkx8ec84ftfyzdfesvd3cme9uj8j,input,target_blocks,False,22.8,
bc1qyas02f93mje4zptdk75kkehtf38kuv2elszgmz,input,target_blocks,False,22.2,
bc1qr0ynk5vh8ffhqu2tllhlacezecv8uhdjuvdxty,input,target_blocks,False,23.7,
bc1qg3p40zzdfh0kg6tlmch7wvf05yn3jmugkvkrv2,input,target_blocks,False,23.4,
bc1q654fkmdelu7kpztcjan6raycg2xmyj2dvuce88,input,target_blocks,False,22.6,
bc1qvaf7h0afqnpsj8c7fl24krlf7ycdaah824dqf5,input,target_blocks,False,24.8,
bc1qzc05lmxvela7sl97prlf4ccvzv230q4gs2l6dt,input,target_blocks,False,22.0,
bc1qncgganr5k72n0rxpjt0a03zmrphm3698u5uum8,input,target_blocks,False,23.0,
bc1qy4cghgdy2s6zqsl2kfvcvjclyfu3w5s5aj7wfw,input,target_blocks,False,22.2,
bc1qkjpz4vfwed266syw8w0f5g8srzd3d6spdxmfhh,input,target_blocks,False,24.6,
bc1qjdj602j2lgyxzrdy2m2usj78fese8md6e44dtq,input,target_blocks,False,22.9,
bc1qftm2dm88v2cj25pkat0hcs8hgp0r54tmcy5crs,input,target_blocks,False,22.8,
bc1q5pea9cd6rv8maxzvf0u7ahw3uxwxwe50cmrzjm,input,target_blocks,False,24.9,
bc1q9257rck9vww70x3sghwhsyyljzr4vqynr9526e,input,target_blocks,False,87.1,
bc1qa74zzqkla9cnn7d4fcw2pgghmav6apl6k0n57e,input,target_blocks,False,30.4,
bc1qtuh2wlhrmtp28w5cxydz6zvzqd7e5axhcnauvz,input,target_blocks,False,26.5,
bc1qfm8pdt6acymac4qh74jgrcu7vk8qrqs534s0t7,input,target_blocks,False,23.6,
bc1qnap5m0t0q7xqngdp5tvfkrupwxalx0nnztwq0z,input,target_blocks,False,24.1,
bc1qj5hskkgd2eppgewdfadk67hq3ydyzvysumctn5,input,target_blocks,False,23.1,
bc1qfzh6rzlfx2zy848cypsrngdgzwev50ztauc9tt,input,target_blocks,False,23.0,
bc1q3qrk5pmwfsus8dg4thxm934qp6dvv8w9zld3r8,input,target_blocks,False,22.0,
bc1q7cmcdkqqjaznl673uu9schhmmy9z5nw7awt8hj,input,target_blocks,False,24.2,
bc1qczh5q3h92lr8lsms7scts93272s650l573rdth,input,target_blocks,False,22.0,
bc1qq20ff6puwz54326xm4ghn2ntztrraa224jl5m3,input,target_blocks,False,21.4,
bc1q9d5ec07tf5sc2jqym709773quzp3uxv8dannt3,input,target_blocks,False,24.1,
bc1q66mvjl9vps2gmp894rzmsk7p3ua5r3fg0tlvz2,input,target_blocks,False,23.0,
bc1qph74hsu6vpqa4dp5lj8mac08d3wskmtr4je82q,input,target_blocks,False,22.3,
bc1qjzdmg5268a9vjsrq633lkprgjsyp90uthsz32c,input,target_blocks,False,23.7,
bc1qy2ghf93ucvjnuhugpcguxv3j3hwt3uafz75e7w,input,target_blocks,False,24.3,
bc1qq9uvn280z5fx37z8cu8jpd2hm39cnnq6k6xfea,input,target_blocks,False,22.9,
bc1qh92z28n5fm4e0c8xcpxc5pkysk272m0v9p4z09,input,target_blocks,False,24.0,
bc1qmz8wfx6zl2gqhldfysk56w546cet3nl6j8f3u4,input,target_blocks,False,21.6,
bc1qx3xzdlha0kmjzzxwsnmqu5ystnp7q0efav6dq6,input,target_blocks,False,23.6,
bc1qfzmt7sdfv40lkzm69uj8ymvq4xel3g49cc7jt8,input,target_blocks,False,29.0,
bc1qvys2k3x8ct3tpmz5t58s89mp0f0mwpl2zujk96,input,target_blocks,False,24.3,
bc1qwsqrjudu24qmpluywy2nps8xq9mdk5jdmkll2z,input,target_blocks,False,22.4,
bc1q3e7hlkcgrfky79e58e5505uwrme9ygctkz9hxn,input,target_blocks,False,21.3,
bc1qzg0prn9hpqdumj75ht92896kvqmmxuf6gcy65t,input,target_blocks,False,23.2,
bc1qg87jqex6t2m6zwtlgjyx8qc50sad6r72mdekel,input,target_blocks,False,23.8,
bc1qt7kcpevsvwa05hxuxpvpz8znrpx3l5qw8a9q4e,input,target_blocks,False,24.7,
bc1q60fpp66r7psq9rpffmt3wv6x3y84q6dvmnqk6r,input,target_blocks,False,23.6,
bc1qquhm7p7d2yvqf50c9g9atyz62ppfmmejjq4pj2,input,target_blocks,False,23.3,
bc1qstvz9ywlmv3tnn9f32shzt4jtadmruqvtkqm7g,input,target_blocks,False,29.4,
bc1qfnsulxzuj8hfxl6zemjslclr5s00p6c9pg3x5r,input,target_blocks,False,87.6,
bc1qkyg75ch9gsvu4q5kgp6shv3n2vk0qzjqeuq8cg,input,target_blocks,False,22.6,
bc1q875xd2a9eg30umud6t8n4c6vl08hxdv4tgg5v8,input,target_blocks,False,87.5,
bc1qed969k56pf35sf70a6tug3lwlwvc53j2ew2fsd,input,target_blocks,False,22.5,
bc1qxxkqmmne9l5ephwlj3m7h4pru9s9thfse8qzzc,input,target_blocks,False,23.0,
bc1qk64m7qzvyf826ukgcnnjj9fnarq5xqh2awx4hd,input,target_blocks,False,24.1,
bc1qjvk403srt6z7vft7g5cf6cpkzxde4cc2dhcqup,input,target_blocks,False,88.7,
bc1qvr68tzsqedcg53g4xz7w9uhg8vu38tjxez04k7,input,target_blocks,False,23.4,
bc1q4ay05nz7jatx6r4evxqvku8fxv4qz4wxjss39a,input,target_blocks,False,24.9,
bc1qtytcmd0jhkm5r469t4x5jdl4d6kyaez89k0rue,input,target_blocks,False,23.0,
bc1qlv45e6tx4xlaqkuy04eggd2r2z3nrljh2a9mg2,input,target_blocks,False,21.9,
bc1q6n8xxf7cphu7v7g35ll5na8xs99nn30ctcsly4,input,target_blocks,False,27.5,
bc1qtx4tdgtjdv5ug8308m0ad87szjdc877syzm22s,input,target_blocks,False,23.3,
bc1qcsp589j3tsycdw0c5mx282r78q6qvku06z6cg9,input,target_blocks,False,89.1,
bc1qlv4lmgzszx7fpfnsa42r2h7hp2hvfcv642yslg,input,target_blocks,False,22.9,
bc1qa27chlt2mhzg5v64x3mymphesd8s4wf9suawgy,input,target_blocks,False,88.8,
bc1qf4qhvg88a8c05gau3ya3jqws0gl7w72stye9uw,input,target_blocks,False,88.1,
bc1qjp2zxxgk498sme8f59v6xywpjkzmahu0vyrmdc,input,target_blocks,False,23.3,
bc1qugavcpg9c3k4d827uhhda3g3l0zaqe4l2mx4me,input,target_blocks,False,24.1,
bc1qg8zdkr2vtyhnet4r4ryc8wgj9szja7xnpaezd0,input,target_blocks,False,23.0,
bc1qrj8hr5gdh4fa4nehpa2kc0qz49cuxyzj0c9pw2,input,target_blocks,False,24.1,
bc1qxfzfwva5peqk3sfdmuhc7yfsacrfcmlm7z4gvn,input,target_blocks,False,24.1,
bc1qt8xyde480tuvatgxe0s9033gedv64p3ktk9kf2,input,target_blocks,False,27.9,
bc1qylfrlgwxj54evzr5h0qex45tgpgl3dn23yygv4,input,target_blocks,False,24.5,
bc1q75kmd29kd8p5gpzxf0ahrqgagmyn36798m4f88,input,target_blocks,False,22.0,
bc1q7y9vur8s2rz2lhwucmrjnlkzln50szvwqep3dz,input,target_blocks,False,25.1,
bc1q2gqhg63hahqzxvf8vhrada5a84glz5k6u48n6q,input,target_blocks,False,24.2,
bc1qm2rqpldfz3cv3qlw3ylyu7jk0s53kfakh9tprx,input,target_blocks,False,24.0,
bc1qjjw03pec6f0n7xupzvcwqc0crqrwdk0re3zk9h,input,target_blocks,False,24.1,
bc1qh8053raxs9wf20kpznakt3lmhfsmzzt5uyemmt,input,target_blocks,False,29.4,
bc1qsky6kac5rp372wchm2stg7r82v9f3s6ygjun4v,input,target_blocks,False,22.8,
bc1qu6j7hy4kwj5qla9dj5d8296gdpsjyjr77ve754,input,target_blocks,False,90.9,
bc1qcq2659zaew0my6z8k6tqh4yqewhyaagzjjzzxh,input,target_blocks,False,23.3,
bc1qwjvmrj453708aepjjv0vn54ucuy6cnqcegxuse,input,target_blocks,False,87.4,
bc1qqlz6w500khckgln4lsg45jccfzygp2hpz2k5c6,input,target_blocks,False,23.4,
bc1q8k2m6xrkayn2k2n88llhkqllh3ew8wnhe0w3gd,input,target_blocks,False,22.5,
bc1qvef4kjav8z6lktgt7lztuszh8qvrktkdc4k3pf,input,target_blocks,False,23.6,
bc1qp9g9s6q3lvv0hvf3ems5xvgr8f78xzglvy5tvv,input,target_blocks,False,90.1,
bc1qu5r78cmswpxnr9a3whal6j6th07dd4ts6n4d09,input,target_blocks,False,23.0,
bc1q43xfq0yhlw5dtm2dscxzcmld863qtmp4wvzrak,input,target_blocks,False,22.1,
bc1q7t7x877pp2pm3z5kej3ped88lf9jqjcs7lf27v,input,target_blocks,False,22.9,
bc1qpqtn4tk3p6yjspa43lqzmk7wuxl3wjhvl65lsf,input,target_blocks,False,88.4,
bc1qadrkgmw0jx5ss0dzggvwspchd8l0akh7sjz64y,input,target_blocks,False,22.5,
bc1qz9h07w88qgcg8pevm2sq72se6chzt7wvuq7747,input,target_blocks,False,22.8,
bc1qydhvu999a4rzvvzekus640txh2jz3tjfcf9ktf,input,target_blocks,False,25.7,
bc1qthpe3c7payqkrnyfvjma8wel437atus4sfqdgv,input,target_blocks,False,26.9,
bc1q8sg95je6ctl8ru5fycq70lyetm2wm4wpx7s0ta,input,target_blocks,False,25.9,
bc1quq7ff9yf9da90kvp6ufx7w3tpjj70ge2yffyz9,input,target_blocks,False,22.9,
bc1qfpr59rmrd2m4jeyz6na6vepp2z7k720e8pjuqj,input,target_blocks,False,23.8,
bc1qthxqaw2f8f9qcpsfykdsdhejdehjle27xcma8g,input,target_blocks,False,89.9,
bc1qu3hsl7jcpqeulj4yhrc9qhsz74dle33fe2ydvy,input,target_blocks,False,24.8,
bc1qzr8zr4s9ynqk528ctj3fusdp7fmhlermdmdw35,input,target_blocks,False,22.7,
bc1q9g8905nmadtyurtp09pa9pucqk0eqpl5mthg7k,input,target_blocks,False,21.7,
bc1qw8njxmk46cq9ftf0vgfla66fuf8nk4pul72nrt,input,target_blocks,False,22.0,
bc1qc8clcu20hfs6hhpdynugur3pk54ka36umhupam,input,target_blocks,False,22.2,
bc1q4vrac962m3l5808jqh54rp7n6g0hl78kv00ql6,input,target_blocks,False,20.8,
bc1qdl0pvx3dnhg7c6p69m5xrngxka7nlutkje3p2w,input,target_blocks,False,22.1,
bc1qgckm665ezp67yclt0qwaxsagthg3nqhk54mzgg,input,target_blocks,False,23.8,
bc1qz9lsphsh8gxddthtsxuaczpq32z3q059aqcz74,input,target_blocks,False,25.7,
bc1qqpnvpvddcdnsduc0s30yn7aywh8szl4ng0tss6,input,target_blocks,False,21.7,
bc1qak67j7ac5a50jcx8czxxlycmhk0jzpaxxhu0d9,input,target_blocks,False,22.9,
bc1qvwlhvhvnkkmzxcka4qdc7te0fcsusujaf5nmmk,input,target_blocks,False,23.9,
bc1qactu3fxsnxzy6636k9uxj2v8dgxynr0mvn4llv,input,target_blocks,False,22.8,
bc1q7j3c4ex3270gard96my4mctjx4e580qds2fkdf,input,target_blocks,False,24.5,
bc1q6v4l579sa65epk7t0xa5cdlhclz72thxer9kfd,input,target_blocks,False,23.3,
bc1q73vd7a7a0nf8t29knmjkt45f6txf74ql48f9z6,input,target_blocks,False,24.3,
bc1qwjwecuekf48l839p36yk4zsp9zed62x3qnf76a,input,target_blocks,False,23.7,
bc1qemr6dh0s3f967k9elzmr2luxmgy2j094cwfjxk,input,target_blocks,False,23.0,
bc1q9mcjurj55s67ctpjpttfy9ep2xvvq7jq2lvca2,input,target_blocks,False,23.5,
bc1qemuqp9ymafyqfn3wwnpe0cgdmkfyraghk0mwh4,input,target_blocks,False,26.6,
bc1qlukdah9r29nevhtn63700es74x06afwau9lcal,input,target_blocks,False,28.4,
bc1q47tw7rdydqxss7cankas6dt937y4ta7smn0qsg,input,target_blocks,False,47.3,
bc1qgy0jqsmyfwchlv58xpp6ne9k8da5cd45r6hnnf,input,target_blocks,False,29.9,
bc1q6s3vtd0zmzrkkfqa5pjhtrgeypna0pk9z5r3j5,input,target_blocks,False,23.3,
bc1qvr00j5xdykhupakyyg2dg9lvdm260me8t04fhf,input,target_blocks,False,22.6,
bc1q28wdwvl02m7s0245wrncevtfm3q4lqjv9sk780,input,target_blocks,False,25.7,
bc1quvhtgfd38ctlepg6dhlawl60rrz36knyh4lkeq,input,target_blocks,False,22.0,
bc1q2zu4nc2l63maq9qu5ktupypl0lcaqhujwnllyd,input,target_blocks,False,21.8,
bc1qtufc7ntagxc7g2rqqh4kupzaslmlfltkvchutz,input,target_blocks,False,26.1,
bc1qz8ujsmss9y03vr0ty5f2qrnjmh6s9hsnm2534x,input,target_blocks,False,25.1,
bc1qm46u8j57t6dnlxyvqx2ec499rhd9dsq82urdh9,input,target_blocks,False,23.5,
bc1q6r200fxfw4er4ppjx7tw2sypew6jadp95n777c,input,target_blocks,False,25.3,
bc1qzm4urkekggqwlcz6e7xanm5hu9h229s9wm6v66,input,target_blocks,False,22.6,
bc1q3l5mel57hn2n069k56q4ydjzl46t38j5cwm504,input,target_blocks,False,21.8,
bc1qxstm72lq42rwwgpn9zqfzt0l4zu998g76gth8r,input,target_blocks,False,22.8,
bc1qwukhthsfp4tcn3fsykt6a50wmdfa9c7wj7j7n7,input,target_blocks,False,22.7,
bc1q9sc7ujqn83swv2cr3p69x8qfpckq93tpq9lqay,input,target_blocks,False,23.2,
bc1qlj2ta4xylp5308h9sxe9ulm3qm535gtawj85t5,input,target_blocks,False,22.5,
bc1q7k2euhpslhlhqkf6m7hvaj7n3vws4ex68qdu27,input,target_blocks,False,23.7,
bc1q2uagydffwfw9rd4eggvy8d093jehae9kkl85gz,input,target_blocks,False,22.4,
bc1qkr3yc9z7yuwlpdkcang9vgpplwl4eldc4wqprp,input,target_blocks,False,30.4,
bc1qmqkmck2tamtaxf5fue2m3q9wgdt2a52tfm36f9,input,target_blocks,False,92.2,
bc1qm9tcqycdreg9v5qqxcv0narghatn8lwlzwthcn,input,target_blocks,False,22.9,
bc1qmjq5h6z0xu087dh0357wjjwa74kkmnvzltxrkw,input,target_blocks,False,24.4,
bc1qhxcuy9fkpch7gvula4dj69jxpdkhvud9aqr05h,input,target_blocks,False,30.0,
bc1qd89gjm99rytdt63ya8jkyemws0uxcwepkt6nsh,input,target_blocks,False,25.9,
bc1qxy2jc9284ta0unv4x948pqv5nunymygxxze24d,input,target_blocks,False,26.0,
bc1q6yqunyckcspy5h8mhdgpcy732uw87hdm0h4t08,input,target_blocks,False,23.7,
bc1qphyexkw24f9ls7k6vx96hzmudykuv0pdeu7fqa,input,target_blocks,False,22.5,
bc1q2rtdm9v0vsw0xr5ta4g6c5mqyjagmqf2zfme6y,input,target_blocks,False,23.9,
bc1qk4tt4f2tddjx8qx24lhc8pf508ujs234wucvtm,input,target_blocks,False,21.5,
bc1qdlz4k50xgyxkuc7tsuzad6dsfl6f38x73c7sqp,input,target_blocks,False,87.5,
bc1qq77cxq55f0w83jz27c93z60g2um08e6leg6d7p,input,target_blocks,False,22.6,
bc1qjc2n05jap4wt7h05yxs36j7ne43nzunuaxqwmt,input,target_blocks,False,23.4,
bc1qulvnxfhu4guj047hruxrzhufuapzxlm79tlfvk,input,target_blocks,False,23.1,
bc1qcqhearz8e6gn775xtv6h9wzwu4yu5g5958vflw,input,target_blocks,False,22.6,
bc1qq4xyszjr5tarcmvmfy55hgxqs8jcfzg5qw36wz,input,target_blocks,False,24.2,
bc1qm379gusdz2xzvej9tza5vv4m9nejrwh9p56rzn,input,target_blocks,False,88.9,
bc1qjptnde25u9fk8sqcyf8lwdnap579mmpql9l8cr,input,target_blocks,False,85.4,
bc1qhd6s370mqgrstutve0vej0kvaldx5l8kgtd70l,input,target_blocks,False,23.9,
bc1qdv96eu48de6xnjrvfkqtvhpe7cxpsktrh9mkx8,input,target_blocks,False,22.9,
bc1q6luln9tt29qss7m52gjw6662g0yfey5x375uen,input,target_blocks,False,23.6,
bc1qs798pgl5cdswhs72nfktsstaan672ek6j6snm3,input,target_blocks,False,22.7,
bc1qksw5nnxanjpj6qam7wsn4p9agwl5xu5qlksx24,input,target_blocks,False,28.9,
bc1q3d4v2g29mamvuf8k3n5gyhvfe99wem05nuqqzd,input,target_blocks,False,23.1,
bc1q2232639pl0gdswl4zvl4n8r3xw7cn73p74g3t0,input,target_blocks,False,23.6,
bc1q8fk8kjv7l22r2qj6p28rfa9um5a45q47vnvnpd,input,target_blocks,False,23.3,
bc1q3tvm70wa3kw0927nv3z9gym3g9c49e86eg4hag,input,target_blocks,False,98.3,
bc1qax6trfuzh2ma8dzq00jfw3pr3tzg5hxzy3h7j3,input,target_blocks,False,21.4,
bc1q4aq8jwhg5rtg7lsmkyrnvvf7yggfja9ryujp72,input,target_blocks,False,22.1,
bc1qhjzhxu9uvyp0ydgd7sx7pptcrte7asraycedl0,input,target_blocks,False,22.1,
bc1quvwhwzgyjdhdnydavurv4ncsce9m928ql8qj2n,input,target_blocks,False,22.1,
bc1qmxlsk6y84kedhy4rjxt3qs7f040y566u7cwu2a,input,target_blocks,False,22.9,
bc1qdlyzkk8cluvssjln6hpvmx60nd2ap65h52ke2z,input,target_blocks,False,26.4,
bc1qjjym50r2hycjnvnsxcshdg99kh00r47kn5js5a,input,target_blocks,False,24.5,
bc1q3v2ymjw9g9nup54rlkppuzq8axeuz4uzxxe9k8,input,target_blocks,False,87.5,
bc1qsdtq0mhu0xj0kjr6vgs3zr7q32kysc9dm265ct,input,target_blocks,False,23.4,
bc1qj9awmma5007ejstjgaael5vlupl54updytp2wr,input,target_blocks,False,24.6,
bc1qf2zyks929mdg5exu2ttpyxm3h3y5tkcfhpygff,input,target_blocks,False,22.9,
bc1qu2puh6jeda3p007935t9kt6h3jtqkvk2jcj55x,input,target_blocks,False,89.2,
bc1q6g0vkgsn7k4legwf3r3vhpgk4zvlzd4tq453u0,input,target_blocks,False,23.4,
bc1qtuufwujkxh8dhsej3qmet4f88xg3adejf05r4p,input,target_blocks,False,23.2,
bc1qt7g9q4mm3ax5mghfxpqmyaprejma3ln0s02z82,input,target_blocks,False,23.4,
bc1qlcpqkn7t2y3hregnwg6qp64krk6z0aryze66xw,input,target_blocks,False,23.2,
bc1qrhhw2h54y9ex0y7n7wnuqy4x9xy27uwpe5m5p4,input,target_blocks,False,25.2,
bc1q22ep5fm06fhw2d4cezdzv803t8hnxakf8gv8ys,input,target_blocks,False,22.6,
bc1qfjerrf2ctagxgw39ja0e6qffa9skm52szyc230,input,target_blocks,False,22.5,
bc1q8c2zdrhhm5e2cu9u4my8z5lxmcnxzx9na5k9zk,input,target_blocks,False,23.8,
bc1qguq9fy4j334t8y6wzw6ka9dylzq5pu3z082zx5,input,target_blocks,False,22.4,
bc1q3ank02sym9yr8jwxscvralxszflt237enldph9,input,target_blocks,False,24.5,
bc1qyfc70lqjfjtze6t5ugnqgpjq80hqdka5f3wpgj,input,target_blocks,False,23.9,
bc1q7trppj0juv6ljh8gqlhmm57d36cjgpj4xx9r8v,input,target_blocks,False,21.9,
bc1qqmc6puyncw2zv9vcyeqhk557nvjfstcul48r79,input,target_blocks,False,22.1,
bc1q07r6uyvxwdmmljymk9tw69u5jxdl9l48xz6amk,input,target_blocks,False,22.6,
bc1q2z9fy8zwkxltpn83w6ukf9maxaedcqp7qnvmlg,input,target_blocks,False,24.7,
bc1qdcmseml6umd8htutwwygkct9fd8skleq38f0uw,input,target_blocks,False,32.8,
bc1qcyatn96wj543tnufsv7d0zq8k7e5y92u0z9gme,input,target_blocks,False,30.2,
bc1q6r8gr287ewdfwy36payjrfpk5gxhr2ffv69yje,input,target_blocks,False,26.0,
bc1qfcm8p8g0mfhc0a7kplyseurmyy5wzp864s26qv,input,target_blocks,False,26.4,
bc1qhm8kmea25hcr0ppyvscckn4unea5h7vgug9zql,input,target_blocks,False,28.7,
bc1qh2uc2fkdjwyzqgrf7sv5yslwuxlz2m40l2ywmh,input,target_blocks,False,24.3,
bc1qdmzdjsdtq2h3j6w7q3h89vtdfdr4nrk4suuhpd,input,target_blocks,False,23.4,
bc1qv8d0v9689wjec9z6v32sdf9wwzqa63hka0fkw8,input,target_blocks,False,91.7,
bc1qkl5zpk223tn0x8r6dfdneywdkkhdtl5jq2jmdx,input,target_blocks,False,24.2,
bc1qvpmd4vwwpkmwdjcxf6jt3qlfx78hhg8m02a3rd,input,target_blocks,False,24.7,
bc1qq6j0rnfn542l392upwnm8r0ugnl62mrhv6ek3s,input,target_blocks,False,22.0,
bc1q80yxvyrpwzgda37gd939cw2rujvxmhxel9y0hv,input,target_blocks,False,23.5,
bc1qe0wjut740uemz9yyt023zhl9zpx4hza4yuqqm7,input,target_blocks,False,89.1,
bc1qx6rha9c5xwq340exdpu4n6r6py9yrr8detkmeh,input,target_blocks,False,22.3,
bc1q6gnfrp3a0z4p9s58rukhfv893nhjv4slmvwknh,input,target_blocks,False,29.6,
bc1qreew3z2m094fc6d8s9jqpvvmdpdswqusdtyamu,input,target_blocks,False,22.9,
bc1q3vly5pn4fxsgfnyww0g5kh4dy3kk6h4eszfgxe,input,target_blocks,False,24.0,
bc1qtwuqd79840fasns08afzvdr85ny2mc9f8cqelu,input,target_blocks,False,21.8,
bc1qznxes84ftcvamtgl8uzgjsxjpqe6nnxky4grqe,input,target_blocks,False,21.6,
bc1qxszafxq85jv67f76xesttcgkmgr8tcx9h0gsu2,input,target_blocks,False,21.3,
bc1q6dmda66yc4qek3p6xkym26hufkgjls6qp48ga8,input,target_blocks,False,34.1,
bc1qkss03zafdx968grwjx6a9v0w46p3xslxmnj8yc,input,target_blocks,False,22.9,
bc1qc869susm5sm27kpcsvayhm7uvdd5akvcrrpsgl,input,target_blocks,False,23.1,
bc1qshke2jx6qtej8m9q66zepyzl7t5twe9l4jydq5,input,target_blocks,False,23.0,
bc1qptnnq5af4fefd6tntcpwsl9xta9njymn3378ck,input,target_blocks,False,23.4,
bc1qez95p3cg0htuh6pkfkgspfq6mdm0a3s0rk3a5c,input,target_blocks,False,25.2,
bc1qrrmmfemjua2feze3zpje067l6spk963wuu4h5s,input,target_blocks,False,23.6,
bc1qwqm3g3wmmsd028704pv4xt48vw5u9d8cg0d64d,input,target_blocks,False,22.5,
bc1qnnmj95ny5cthuac3fcaev7hmnj90pmfq3nw75w,input,target_blocks,False,24.6,
bc1q33dq4nws0ypnxl4prjrptn76lakhcuuhhe76uu,input,target_blocks,False,25.9,
bc1qjxrea60avjeq9uuj78htczgd3df7zgag8znswu,input,target_blocks,False,24.2,
bc1qnueemu8d46kc7tachpes7eqatrz646rezyte5e,input,target_blocks,False,24.0,
bc1qklalypq4h7drnkl6gcqx50acjdlmvh3mx2l9cc,input,target_blocks,False,23.1,
bc1qgs8mv0kuagn6t2u8mnv30s5jumkfsfq84keael,input,target_blocks,False,22.9,
bc1qlhmwygr59nxl6apfdu8fr8acswtlmplfpnd65a,input,target_blocks,False,22.4,
bc1qw999csr2qgy5t2henk6jjwqwyvaz7q794r9s0k,input,target_blocks,False,87.3,
bc1q98avsq6t6glyd6mrav39x4t8a0ffhhtz5z407r,input,target_blocks,False,23.1,
bc1q73nqara2at8wd3w89zfr72xr9kaqqr40jkknzt,input,target_blocks,False,23.9,
bc1qqhlhkpy4w2wg8q7nadm5srls7rvl6djczmsxlh,input,target_blocks,False,22.7,
bc1qvucj96u5fsnx6fav6hvy9rq6fqrkv6d72dl03d,input,target_blocks,False,23.0,
bc1qc394he5y8vp9appr6zz7epp3rx9khxpmrcj7m7,input,target_blocks,False,22.6,
bc1qcdgvfjer6fselj3a99v693r8r6350kpe4jznp8,input,target_blocks,False,88.6,
bc1qpapvx7k6zz94v3ttahsp3qcxu4k9g4uelge0kj,input,target_blocks,False,24.0,
bc1qhrlhhrc4aayaapcxzxs9tc39xqdgjf6sqd9l7s,input,target_blocks,False,97.8,
bc1qwnpzawn38xpy6fw9hf0he8ghkzmmmxhd5mcd0y,input,target_blocks,False,24.6,
bc1qfucz64kyz4fltmfly4ml2fg3wzp20akcaurlfn,input,target_blocks,False,22.4,
bc1qsvactr620adn47vu5r728mla2j5n5yaqccgfgd,input,target_blocks,False,24.6,
bc1qt7rnmxqvue7rnz84qhtxljmpjmxszx3dn4m8hs,input,target_blocks,False,92.1,
bc1qfh0y4u77xnm3mck22jnlextvsu8e0gcpawqdxx,input,target_blocks,False,24.1,
bc1qa47e4qt4xdgk35p90uw6ege78d0l2p8wvx5yww,input,target_blocks,False,24.0,
bc1qcgscjye26rdt2xhuceynagzg9mnldwmf072s6v,input,target_blocks,False,22.7,
bc1qh7k5hs23vh8u3nzcm7k8uxtxyyu6c9nn4v0z5j,input,target_blocks,False,22.6,
bc1qxjmjf40f73gtvjkcyc0jj596z8jdpukhpth7jf,input,target_blocks,False,88.7,
bc1quzx3ts239z0mgskscxw7eczwml5yxws92dand2,input,target_blocks,False,87.8,
bc1q6qr5vvn79vxy8l70qd85mcqvl4804tm5yjhxpq,input,target_blocks,False,23.0,
bc1qjtdk7gargkqz3r03t48l3q24vjgjzh5720lp89,input,target_blocks,False,21.7,
bc1qrs80kjq6p6swmcktevtvxk88xmqaqcj3nytqv2,input,target_blocks,False,24.2,
bc1qdjv2r203je2m7yqf2nv57pghjy90wjdmg5g767,input,target_blocks,False,87.0,
bc1qk6pmu6ednp6cew58hcs4l7eckf5y3eltfpmngz,input,target_blocks,False,21.5,
bc1quvv3xqlklettwhvmrfpajd5zrya8tu2p5fwvfe,input,target_blocks,False,21.8,
bc1qlrhh7r9hnks2gsz8lfesw47duq57g225t39tcs,input,target_blocks,False,24.3,
bc1qymhxef5gqprvuv62sm2rrkaw2fv3kzqlpuac8d,input,target_blocks,False,24.5,
bc1qc9pc0sr8vgxg8yfz2mf5xey6s674ucqlgrwgze,input,target_blocks,False,23.7,
bc1qreg8har5yj8c6ghcdjat58m2dj8svdm7u7xmeu,input,target_blocks,False,25.2,
bc1q759alh5g3x49gwg77kmm5ru3ftyfq6w39dn55v,input,target_blocks,False,22.4,
bc1qklrfqw48lq7lap5rvapfs2fg26xr0e63a669a6,input,target_blocks,False,31.1,
bc1qj66ep2fm6m2n7276v5lg7la74g3rnafyg8pflm,input,target_blocks,False,21.0,
bc1qd2arksh5sul0vhcyncdn4aftzc0aau42ewqhm5,input,target_blocks,False,22.3,
bc1q3r7mufza3ts58aag6uwn5vpzgz5yh4ghpuynw9,input,target_blocks,False,24.4,
bc1qv9s77szvcsep7kpu54j0e3ea2k99xl3slmcjln,input,target_blocks,False,90.5,
bc1qx240fhqsqxa33vknm07k7a2gvjgyx83p0dm48h,input,target_blocks,False,24.3,
bc1qpt245a9ts7x2j3nw20umvdyjqr6zg6sa3yvs6x,input,target_blocks,False,22.3,
bc1qdqu9rrmpu8ua7g850exnfgk782df3z4l8g4azj,input,target_blocks,False,23.3,
bc1qh4p6urjgdxwwz5v5edt3n2kz7p9s25mdvtznln,input,target_blocks,False,21.2,
bc1qlvncckq2s7wr4u5uthnnpstm5kgas7lql3a0jj,input,target_blocks,False,22.3,
bc1q8tmlv3xtvjnnjx527fa5ew5yrjwezknp9va92k,input,target_blocks,False,22.8,
bc1qveavnr4z5cy9lz2sfhkqa8mwr77glf5tnlh7jc,input,target_blocks,False,25.4,
bc1q8lgammprl7rfsjah8luxd9y7tvktkg954n6dfk,input,target_blocks,False,22.1,
bc1q7haa5hawnzgutx3yht3fy4yc57hq0yd69pqmkt,input,target_blocks,False,22.2,
bc1qpm25qdjvyeah2l78pmsvvzqxhzutytugfhqmqn,input,target_blocks,False,89.8,
bc1q24w9urwthwga7dc9egx8cglqw7u8ehrz765fqs,input,target_blocks,False,23.3,
bc1q538etq2mv495vywp53dvw54pjmk6p9ngwskexk,input,target_blocks,False,26.9,
bc1q5cds0fm3pd6z9frl4ldg5sjs633kpg6w0txpf9,input,target_blocks,False,25.1,
bc1qlaucy0tmwe5akmrulr9tr5u0atg97qh239ugpn,input,target_blocks,False,23.2,
bc1q972fwudn6v89p26cafd3vvhmpgk26cgx6fyjxv,input,target_blocks,False,88.0,
bc1qqaxcqrvx5qseg4td5egsln25n5630k9uks7nwl,input,target_blocks,False,25.5,
bc1qtn0sxaqrmde4dcervmqsrduymtxwau4rjvfue7,input,target_blocks,False,22.8,
bc1q9y9allflc3pk9lamfehjf77l2h4ju6gf2n6d3x,input,target_blocks,False,25.2,
bc1qjfz9ypuhp0mu6ju3y97w6trluwzsxn8cef4djs,input,target_blocks,False,86.4,
bc1qhxldl4h20d6rc50k69sv7585su508sspdgltjh,input,target_blocks,False,23.6,
bc1q3df0y3gtc04cuawn0y9wsefqseg9vdue0g9xv2,input,target_blocks,False,22.1,
bc1qwuzx9qwqz87c8s3u4wrm5npm9g539asmk2as4j,input,target_blocks,False,23.2,
bc1qv703cmxalhunmwmg6qg8lak99vcv4rwr657kqt,input,target_blocks,False,23.9,
bc1qzpvf7z7wrgdkjclq2v9ulzaahqrffg8ef0yduj,input,target_blocks,False,25.0,
bc1qedgukycj0m0unzgml6yr93gu0xzf4v7urese8e,input,target_blocks,False,28.0,
bc1q5plmjwheh5c4hpql0plqwe6gv2u4kp8czg4n04,input,target_blocks,False,22.7,
bc1q0qn9lkd96d3rj6n949u7wzymdxyz5ywj8rr6mq,input,target_blocks,False,22.1,
bc1ql4z0289v632dcruks8xzymxg4m6233eq6tnj6j,input,target_blocks,False,23.7,
bc1q3q354jlrsec45eng2y2jlr4wchcpvzgkh4q695,input,target_blocks,False,88.2,
bc1q2h83lxajqmuj3sh6wcqsxstvawrfsuc3jz40dg,input,target_blocks,False,23.5,
bc1qx0cq5kxmd6g5jgeu6rece0j4wxwkzuqvgf0s6j,input,target_blocks,False,23.6,
bc1q43y8spsvlw8pdgxuzucvfvpdpmualflwx90rw9,input,target_blocks,False,20.9,
bc1qty80sr2g4gzz56f6u397vfgj0ej64xwtdw7xmq,input,target_blocks,False,21.7,
bc1qvtj8lp572qn9eys6mal88vuj070p25kzfzpeqy,input,target_blocks,False,21.3,
bc1qq6e4h9s0mze52tfj29405zn28atakclqr7yxtk,input,target_blocks,False,21.8,
bc1qz2l348au8dmmkatqr9f2my8y4euwakryq4hak4,input,target_blocks,False,23.3,
bc1qxrcllyz8hemw8xx5w8dlxe66sm68vflq7r8gsw,input,target_blocks,False,22.8,
bc1qsys2t2amwuaa2lmmg3ces5nq8myupwyzsdqxf2,input,target_blocks,False,23.0,
bc1qrcf4u2qcgv4ghpfsw63srf83yew0s5d8u8uwve,input,target_blocks,False,91.6,
bc1q96dnzr3s7q8lnqv6463290gpgm3340z24trzqe,input,target_blocks,False,88.9,
bc1qphryv9auj22qunwz43lpaduesgkcu37mlsekxe,input,target_blocks,False,23.9,
bc1qhy6h5ufrf8dlk9hezshln929x42uuknfauvpgj,input,target_blocks,False,89.5,
bc1qaht9whdrcttseyyl3xnqkelzx0n003ntjnynn4,input,target_blocks,False,24.3,
bc1q48hcltclk8mh28rtmytg7rrh3vxr6znj3spm8a,input,target_blocks,False,23.5,
bc1qkxmkvc0hf3ylfxzc42vprjsn78v8ux0e7qct0p,input,target_blocks,False,22.4,
bc1q0heg0k7yn8eytln98scfwmkfjreh5jq6w69hj0,input,target_blocks,False,24.4,
bc1q49ww0npa9hd69mg2p750j5f7sw6j07gupftmv8,input,target_blocks,False,89.0,
bc1qkxksmskkf2h9cz4klzrn9vsjtterfqpmgy4azl,input,target_blocks,False,88.6,
bc1qrjwkhe79m7h0m0c3gcc30pjj5xj3u5j46d4x9t,input,target_blocks,False,24.8,
bc1qamvtucuhyx7h6ql89qncl30em7syj354lkp7eg,input,target_blocks,False,26.9,
bc1qfe4pzj5e8r9y8lxmujaf93vg7txdt6lw4sml7e,input,target_blocks,False,22.2,
bc1qp3fdtegr48melsyqtlns55mc76cxch7ymt0wty,input,target_blocks,False,88.5,
bc1p36lpuu8sz7a7dfj35fd57jf6zhvh4l7pgf0z84rqxdw6netaja3sm60e5e,input,target_blocks,False,22.6,
bc1px254mfv7zsf6w3k502dwqym2eqzu5r2rkqvjlk5v8egy3r0umj6sqqgz8l,input,target_blocks,False,23.6,
bc1qn89kcw799pf5c6a3fzjxt5tj9gmfsv49l539gx,input,target_blocks,False,88.1,
bc1q7cewkvwvklryg6q7cmzdeyjslfslxpmy22vz3h,input,target_blocks,False,22.8,
bc1qvvf3gf9thwv8x00d4z583ua33u6wkehj32e9le,input,target_blocks,False,23.1,
bc1qh9y764yjfw2wls8rmlvdg253hdwtfuwm3fhktf,input,target_blocks,False,23.0,
bc1ptvy6pkgjdqte0cm5gwnaq83mpkjfd8yqse9fpufmkhar3zrt9husdl9cag,input,target_blocks,False,23.1,
bc1q5w553xrmfqdtea52j5xa3gatrey42fhrn979rw,input,target_blocks,False,22.4,
bc1q94enh35lmk4zh80uhv6td3zrwjc9089mqqa8mj,input,target_blocks,False,23.5,
bc1qcdqlj7ewj762xwaswlehklsz67hpa4n49agm8d,input,target_blocks,False,23.9,
bc1qwpzjqp3e7246d4g95y2p03drzxnwnyd3fj0qu5,input,target_blocks,False,24.4,
bc1qhjgutxyu5p7fsqqfkhp0ath28nsxs2y5yf2hhf,input,target_blocks,False,88.2,
bc1q5ash9qwe3f29x4u80ywkdpknhd03jk34ery22n,input,target_blocks,False,88.3,
bc1qn0kchr2h7e8twug2myz793csj2legvnp0as692,input,target_blocks,False,22.9,
bc1ql32rr9s0dwlv43nyeyjpnh3d2res0z2ngjleas,input,target_blocks,False,21.7,
bc1pteyqyxzeuwvvx7894zvye7d2c2x8u7y58fppntyjwu9n2wgl762q0hdn4a,input,target_blocks,False,22.6,
bc1pdtaj96lhql43s56mt5dlyf9tlkswm7scl39cfasq5fr4ckjk7gaqt5w3dw,input,target_blocks,False,24.0,
bc1pm9fkw29tu7hwh9gtjygl7fjzwjs3xvkqh2j2eywv72syq0w5uass04940w,input,target_blocks,False,98.6,
3GhnHRYCMAnqmb7uTpgoGoU2x51Pr7gRWM,input,target_blocks,False,22.6,
bc1qfey80lul9htrvjldhn2h4vhtgyq67cfger80lw,input,target_blocks,False,22.7,
bc1pqh73the7hq52wnl8n90pkrwxpevck75ss5q7rfl3ejdz6e7gty7qj68pjd,input,target_blocks,False,21.6,
bc1q2awfpju596meuth2xrjdxrty4fh83e8ltfjjrw,input,target_blocks,False,22.9,
bc1ppwrylcx745hexnswd3dyslw9z08kc6lmkrd2szkg6xlvgknvugwsjzsq77,input,target_blocks,False,24.5,
bc1qxlerwggppqe7jf8p9jvjgr49fsu99t6kfgffca,input,target_blocks,False,23.1,
bc1q0zdr04nzkj8eaaljyqwaxzj582ruqp5ac4dqpgzef43gcfr7wt3sxvckn3,input,target_blocks,False,89.0,
bc1p0e85sum4eeg4ds3gzpz8uxe2rqm2yma3v8vygpk5hgg7nja86k3sxqsf4j,input,target_blocks,False,25.9,
bc1qmdfnquh07jfjesafh2dusayrlynqh8u0t53h0q,input,target_blocks,False,22.4,
1KVzNfUiPTbmMvHNMnyHWM9qWwqMA2xZss,input,target_blocks,False,23.2,
bc1q2q57v2w0g5xcnn8rwlgpm8j2tvvl2es90qmev8,input,target_blocks,False,89.0,
bc1pp4gackkyscyejhk30w6arpyuf06vlnlac3qmku82kdewy003u9cqp6vh6c,input,target_blocks,False,34.8,
1FxNvz763d73gd9SbEB36ej82u7gWUzHx4,input,target_blocks,False,23.1,
bc1qpu0h7gl5h36jjfj7e0jnmqs3hdfqve8m6wc00f,input,target_blocks,False,23.7,
bc1qsrpg6kq9hj30gpydgauze9kr0h6tsnfp0luray,input,target_blocks,False,24.4,
bc1p2smq4cyd4394vtmf2z77g7q3s2a6ty9v0csr7ycl2qq4v6qafpmqc3x340,input,target_blocks,False,22.0,
bc1qetmz063weq5k56u6vvl3pj9x5lpd2xuv85s58u,input,target_blocks,False,21.9,
bc1qczpq92zkkya73kpaecusvupguehxmnp3vhsjr2,input,target_blocks,False,23.5,
bc1qgpaw8qntxtzk5meq5xnxhnkpaag9km4rl4vlhk,input,target_blocks,False,24.0,
1AXqqTeWFwSRUWKMJWbX2doePyA2SxWnRE,input,target_blocks,False,88.6,
bc1qvuars2ls0w42sxa7ahgpvqfs43ksepkjkwz75jz4k02phvwerkysnc779f,input,target_blocks,False,89.5,
bc1qpsys7sfk5u7ue3lffwzszzvffhtku78kr0vva4,input,target_blocks,False,25.5,
bc1q2mn68l6hnjfgv67kmddwnf48cjc30fyqzaspcj,input,target_blocks,False,23.3,
bc1p2vxwzsqlu7wtd4n283u36fv0en8qazsey2ngx4jrhtpawruht3aquydgud,input,target_blocks,False,87.7,
bc1pymkjz0gm7d67lfrphzfxj9ycgr3es9mgw633jcv7542yl9rk8zpqqulnqv,input,target_blocks,False,25.8,
bc1qmdzcux72glgqsd28mzmttlwkr4rxcd2eyvdt9j,input,target_blocks,False,90.7,
bc1q4tjwtetm5vxrqakfgwhdxqse6dhymv0u5frrfe,input,target_blocks,False,23.4,
bc1qlywk85xvvky2p97zgk7evar2ccnvg3g5c5f5jv,input,target_blocks,False,88.4,
bc1qgvmgd8flf2ny6y0gkkqjz6assq9633g2cvau7h,input,target_blocks,False,22.2,
bc1qvg5uy5h5n4cs2fyjdu2p2nd53hq23yeuyvpdzm,input,target_blocks,False,24.3,
bc1qfhx96gcla22pp3xffulzp8znkhl9dqkc7djgzn,input,target_blocks,False,25.5,
bc1qgwmdchndxdtvsxw9kz9tp7cww2mrd6z4kcvy4v,input,target_blocks,False,23.4,
bc1q7glwc8frwdulcem4tse85gphg09728cnvcjuvm,input,target_blocks,False,25.1,
bc1qqqe20mfnqcv3gea9vkqt85qw8xura6mqsdpyjy,input,target_blocks,False,22.4,
1HqyVZxEipGD6xDWLvRzCiDPWjgHmUnSXr,input,target_blocks,False,21.6,
bc1pp7ufdasydam0nlh90xwfpyau5qchmda8mjg4n86u7e4vmmt3kmjsndprmm,input,target_blocks,False,23.6,
bc1p49mjuylt5maardrc2lml9jhpe7hec0rxxsgm8q2mevkpghvchh7qmne9xw,input,target_blocks,False,24.2,
36VGSB4vtL92LUZYVveELReQbE5Cc3xEs4,input,target_blocks,False,24.4,
bc1pxphxezq5gfgupl92qj9phcswsx4zakj5t7fx7af39mtpfku4k86slscwtu,input,target_blocks,False,24.4,
bc1pju0pyt3q8e8dxvdy96y9jtrlef968pv6yyhetxcml3de4d983daq2p5ael,input,target_blocks,False,25.5,
37owaZRppfoLJ6eTN3UBZ7NvhdNbwApj5G,input,target_blocks,False,24.9,
bc1qmyzyu7vv0er7zha28s6qs98hm4wjjqc9qp8gkq,input,target_blocks,False,23.8,
bc1q6m8k53n59d57emjq9fy0pm9zdn7agt4g4k9jt3,input,target_blocks,False,92.3,
bc1qv7rjw555vf9jl4y286r9kfn65gu2h27vnum0le,input,target_blocks,False,24.6,
1AUtb7c3vW3AqZh3EZn2Sa3xEcT2rYg7Dm,input,target_blocks,False,23.0,
bc1qe5pkeg56jrgcqru3gyt8kr4ha305fa2v8xr4ty,input,target_blocks,False,23.1,
bc1qqd2haxf6skq2fkplgtfyfk894x8aszkqaywjsd,input,target_blocks,False,25.3,
bc1pw6x0dqnh4cxe0vygff6478wqqk2tjk3e922eq6s0pzput5fcmjystdgy2g,input,target_blocks,False,26.4,
bc1qq9ygqx8pspf7y679c6v8y6zlxnzq0thj2mkh83,input,target_blocks,False,87.1,
bc1qr35hws365juz5rtlsjtvmulu97957kqvr3zpw3,input,target_blocks,False,22.8,
bc1qzvh0rvgtsjd5mjgyn0dfe8pp0krzdlp76u66jz,input,target_blocks,False,25.9,
bc1qrquj4pynhdq7qmrd3a80fjn0523j923mcqaqrt,input,target_blocks,False,24.1,
38szMUHr4CzWjQdW3NiFKS9mfo1DbM9PST,input,target_blocks,False,23.3,
3Kaz2GZaR1MoKduNeYrVyKt2oP7K35ECQG,input,target_blocks,False,23.3,
3BRxKegBQVgHSTHB7sFJGmvk9fGz25dv2h,input,target_blocks,False,26.6,
39HqnL4gpzWW8NS1x6X3T1JyjpxziCM5yw,input,target_blocks,False,23.7,
3KMiGT7fKj4FQ35WibBUVqY1mxZY5aFEoj,input,target_blocks,False,24.7,
37bob6ELRBtPaGVmEdtFszUbTjck6mMQvN,input,target_blocks,False,22.3,
3NtpYifhRh5X3RxvVSUSzeVCtqJB5deu9v,input,target_blocks,False,21.5,
39JQXbcVjW89Mgfq8yHAgpvJbfLgn9Gfq4,input,target_blocks,False,22.3,
3AZc7tzBdFAH4ABwrvr9AXtUbFATpeNNvE,input,target_blocks,False,21.9,
3KKBbHNgy1mxiMJGTm8hpCtj7JeBiKutP4,input,target_blocks,False,21.9,
bc1q66u44xn4wa8ew5msjjlvsk06wp6tnu865sawj5,input,target_blocks,False,22.5,
bc1qtlyj0carkt7m0aamf43zjlzy3su4px6wlu8mkw,input,target_blocks,False,21.3,
bc1q40e6qkydnkd9n6k07z9yn20ncssrkhwxc08aw9,input,target_blocks,False,21.8,
bc1q4ghvutgjn07qefspezr65kmmyndk2ez9epxdls,input,target_blocks,False,24.7,
bc1q9yg0hn4n9t58mwhtzqxa9syetpvfgkwuc70aek,input,target_blocks,False,24.1,
bc1q0rpdcsqhjzuuvfnj4f3k225q96k0ujls708xav,input,target_blocks,False,23.4,
bc1qmuhrjugedceqw5g5pkzps8xgy6yzjsjs5fzw7p,input,target_blocks,False,36.0,
bc1q6qn09p70ye8fuye5pwynrtndjwdq0eemnfe3f7,input,target_blocks,False,22.5,
1D45yLmGqJet7oUVXexzz7XchawxPjvNPi,input,target_blocks,False,24.2,
bc1q04fwe4md4aml7zfryjr49503n94t6xy62jdrle,input,target_blocks,False,33.9,
bc1p8hcy5jj3k7p8gxk3225sdxut0q54a2up3zz0r2zc59ytuvvez7qs772f2j,input,target_blocks,False,39.7,
bc1psewg2gn92ydjergux0wh6k7aeh70cnel0vc9x7ypmlqa0zw8rwms5lqgmd,input,target_blocks,False,25.2,
bc1pnh5fjxuryy8urcdc3u6hggn80ydyg6t9r9qc3qxefvhty7z9fksssv0lg0,input,target_blocks,False,24.1,
bc1pt62z2k5zs6dhm5gc76kfkfnsu6ne7p0xk7705de30cnq3kdfxtusp5agce,input,target_blocks,False,23.1,
bc1q80303uh0974jcwuugsh7c2uhpzzh4mykxzdv7f,input,target_blocks,False,22.6,
bc1psf62y3szp9rfqf4wyfvhfkzx2d7fsr5nj3h6cqxhh2z9tfzgtk4s20p2um,input,target_blocks,False,22.6,
bc1qw4a4m36uzxlvvgatukar9sdtge3q874rr4k6yf,input,target_blocks,False,24.6,
bc1q6efczluarp4ftjy7qwydlnppzxt99jfmshztes,input,target_blocks,False,26.4,
bc1q4g45e30eg22s85qw4l9vj2uesjwspwjkjf3tln,input,target_blocks,False,87.5,
bc1qn9dxpx2erujyhfp4a0p26rsynch78zxqezq7v3,input,target_blocks,False,29.3,
bc1qe2a5yxd6csj6j258z5hgdyuahuz7tpu77qqxlz,input,target_blocks,False,24.5,
bc1q88hkkfky330qjtq4etg32fs6nstun8ah0kkl4t,input,target_blocks,False,23.7,
bc1qgjr0nve5nkxpx6xx6t24x7lzy7gj4fjnqfdt9s,input,target_blocks,False,24.0,
bc1qw4aq0z7vq5tsxpzz6wk4fhth3sldhkp0tkcwuw,input,target_blocks,False,86.4,
bc1qz9vecsz0zmrxnty7pqpl34d2xm9hsrgw3u8qvt,input,target_blocks,False,29.2,
bc1q3g0lsrgz7vpcj2rnkmjfk0fu27t549e444ytz0,input,target_blocks,False,22.7,
1DXuAViTpbwbZNRudPegfNcgWsUg4qvGZc,input,target_blocks,False,25.1,
bc1qc9hmvqxv094mswquluvzyx6hwxcyepuqysqu62,input,target_blocks,False,24.6,
bc1q6reluhnm44jvq4gnp8lyj7s4dggspu84xu0vx3,input,target_blocks,False,22.6,
bc1prlyeljq43de6fcf0akpnzgauutfl44gwz9d0c5zkq83k28pueqxs0zf0h9,input,target_blocks,False,22.2,
bc1prpzz7nrufw3zxaw2wachlxtqwppl95ckfvw4m7jan9sz8p3qgqqqtpldnr,input,target_blocks,False,22.6,
bc1qht08r8q5xakz8mfuwj8q4pyvlx3h80jdrqkt4l,input,target_blocks,False,23.6,
bc1ql5tdk44ams5yzqc2wezse8tdc6kpsxr07ckhy4,input,target_blocks,False,22.9,
bc1q7cyrfmck2ffu2ud3rn5l5a8yv6f0chkp0zpemf,input,target_blocks,False,25.3,
bc1qglzg0jv0eea4gzyhv5x2y8qdt9wnn2ac82v60n,input,target_blocks,False,24.5,
1EKjHkVNu68rVjDN3WnSQAi9f5TxLGJmUd,input,target_blocks,False,24.2,
1LNEdGxbbribJQ8zyR3KvCuv2AzArEkGjp,input,target_blocks,False,87.6,
bc1ply4ef0g5tz52tfq3l6x7n8cf34zw7hpd6zzvu78av9khuc7xhsaskuulr6,input,target_blocks,False,87.8,
bc1pt45ncwfhptellx5f8j3avm3zkgkj4gfd5s3cf4vd6krpytx5saustwg2wu,input,target_blocks,False,23.4,
1FcFTzWeTRoXJvPs8d9iWxQytUg4Tb8jQE,input,target_blocks,False,22.4,
bc1qtlnfyz678q0z7dsh5r2r6ek9senw5vugc0emkg,input,target_blocks,False,22.9,
bc1pfcf7r8mv8qw7zf89vpcdjpdrmy49fumja6g3l78n22tfq6m8tmeqa8sytn,input,target_blocks,False,88.9,
bc1qxyjff07fnp8kmn2hl3m7dasxczewufgyjd9dtr,input,target_blocks,False,90.7,
14jyZvKAtu2UyDSyH1sj9ezmMciGjV2A8P,input,target_blocks,False,23.5,
1GNJ4MA6FZuW1VoxDmWstWojDZh9DmNNaG,input,target_blocks,False,23.0,
bc1pk4345jjl8sm5uks6e940xs2rl506k9yznph93g6yxkn80ur6m5aqdg75hg,input,target_blocks,False,23.2,
bc1phulm8jqlz2jh9ydpdxvff46lx3tnxg2llgeggu3jwckup6agy3sqv5njn6,input,target_blocks,False,22.6,
bc1p8q8sa5rkjr5fv2yz2jer7nm87xlfgahtle5jm3x9r70wayyg7gas25mgl2,input,target_blocks,False,23.8,
bc1qxaf34n5vcmkrdwdssu6xhynxn9t0dpawp8ufct,input,target_blocks,False,21.9,
bc1ph973v307x9nnmm822arv05y4lms69ke6fpjp93zy2yge8zh6sh7spdtptm,input,target_blocks,False,22.7,
bc1qhucm8mq45rn5x234snp5uydxrahqlmymjgm37l,input,target_blocks,False,23.4,
bc1qxl4a83jwra7t7jt2twc8q9cmndhp90dgsm7rshhgrkvkkq8nvssqadadyf,input,target_blocks,False,89.3,
bc1pcr2ym555wcyy9hdlwgv82v48ntkdyhhshrt4en2868d972xjkzfqse9fkq,input,target_blocks,False,25.1,
bc1qt9nvg8mwuqmjlruc8z9m4kns2hd3gk2ylsdryp,input,target_blocks,False,22.2,
bc1qxauk0ca70g522efz4vjj3z79p4pp6a5h47wpdr,input,target_blocks,False,23.6,
bc1qmjk8vsssnxagrhm2dn85zf3ugn58npqn5h5hm2,input,target_blocks,False,21.2,
bc1plu2zad2p2zxchemf4x3talvl36ytwkkdmhuqcplxald72dw5aweqlpc4kx,input,target_blocks,False,22.3,
bc1qwd8mm9mj5n66aml2t0c26d599asvfjma3k23ls,input,target_blocks,False,25.7,
bc1qe7z2mk7vmsm7wll552jjy2sp8akfe5elwdtrx3,input,target_blocks,False,88.8,
bc1ppgqyfyzh6vq4wkq2sarsyaq8t762w0d4gkkztl7q7pxlunws630sq6kezc,input,target_blocks,False,22.9,
bc1p8mzr96hjqa7xqqa8cqf8gv64ttxj4evay7egcrv2uxzrf08rpwrqmjcpfs,input,target_blocks,False,25.1,
bc1q2dzk4xzmnh4xmr9awdzjhkrklalzeyxz568sle,input,target_blocks,False,26.0,
bc1q74qu2pz2svm0rdwrs2mkvlyyjuq67g3hw06edh,input,target_blocks,False,24.3,
bc1p8q9plyzjvtg3t4lgusarutf08s0gk6h4tw93rswrm4h5dsjz6mdq076x3w,input,target_blocks,False,24.3,
bc1q3lczeffy9unfw0w47757q4qklmpfl77nn2kec7,input,target_blocks,False,27.6,
bc1pxn33eavgsnerpfcnvm2syucszjh9udmas9hcpaayra3au034cpjq73kulp,input,target_blocks,False,89.4,
bc1pqlmflta0k6arqd6a8kte7cw7asvzqkn5x7lfans9x3ll990eah2s6k2pvx,input,target_blocks,False,28.5,
bc1qxffv7gljlywngghwtkngcrhv97y63eazjkp2ly,input,target_blocks,False,91.3,
1LzGoDHUk1pRonecJefvd6ZSjKsm1P54am,input,target_blocks,False,25.5,
39GEoUL1TQZyxej5AbTWxF2QABkhEMw6mi,input,target_blocks,False,26.4,
bc1q9jc04khr0hs3q4yx6t40mxum0w74eyg8jmkyhh,input,target_blocks,False,87.6,
bc1q37j989esahz02e8h7rndf5wy4qrmdyljuzsc5s,input,target_blocks,False,23.5,
bc1qdgj65qlwkdu0m4yrnmmvflqwak6wcfd2ztlygafknae4a6cwmfeqemxqhy,input,target_blocks,False,23.1,
1KYVEapvcfkerKpQMupW61h4JiUiiEKJU,input,target_blocks,False,24.3,
bc1q9trzzsppurfwzqnzcya3aujvlhctd5ughaql78,input,target_blocks,False,22.4,
bc1p89rlzqhphy57tgagqwjgcm2966zruz2zqgrd7qtferz27pnn7e6qwuj6vu,input,target_blocks,False,23.4,
bc1qgmpt3228ezkeuh8naztw3ch2k60wfdkkyxpv2y,input,target_blocks,False,25.1,
3JZ4h3TusdzHLGL63JX5QrdhJodk8bNhp2,input,target_blocks,False,22.6,
14pQtqAuJdDGi9nnP5LVis5FA4Cc6arvVX,input,target_blocks,False,21.9,
bc1p0hdvkwyjszrmf26c2vkjg7x2mq8f2xkuy84myxkk0g9yulqyu9sqz7jdxj,input,target_blocks,False,89.8,
bc1pw8vn4d26c5lmulnrlkcgdfxc79t4nqqehu3v5ax6yp7wpwmw2rqskdn3s3,input,target_blocks,False,23.8,
bc1pa5pjf5qywshggymnasmrasu3clm7z4z5t08vwgldn7wzkhe6a0jsqppydm,input,target_blocks,False,24.3,
bc1q0ltnmwl7wpc435jdcksdy5pqkwj06a6792vxu0,input,target_blocks,False,22.9,
bc1qh2trcl704kynv73lu9jp9kquw56dtuauvhl6c9,input,target_blocks,False,90.8,
bc1qs4mcz47669ef7rarx3rrr37rpmgp4dhprtu6af,input,target_blocks,False,23.8,
bc1p7nrgk0rsckensmsvaewscva39xcxs6wqfv6zqlgnv4l7kjrqtdcqne683z,input,target_blocks,False,24.4,
bc1pjjxdaguxej2czgepvj897srjx7757vh9lz6xarxecmwdf492sy3ql24d7f,input,target_blocks,False,23.5,
bc1qcah3jj42d2yetvylryg3ur5x9jvc9mxyk8cn3g,input,target_blocks,False,25.1,
bc1q7udzcyw95u6xtdcqeaqglnhnqw7sk6666u2fv3,input,target_blocks,False,23.5,
bc1qn6yvdtcgx6ztvktd2dq68v8ueq37w0sv92kj7f,input,target_blocks,False,21.8,
bc1qc8d4tedpp0szzhjyf6jk7g0sjcpgd7t62vwpa6,input,target_blocks,False,21.7,
bc1pg975wyhlm90v3t5d2yjm2h00q2gwwpmxp93s4pq445jxgpw6l67sa04dqm,input,target_blocks,False,22.5,
bc1quct6fr3dz6j5ydayey5fvg97vrm6a4vj4ka4pj,input,target_blocks,False,23.6,
bc1q76mhw7key83t9jhjj4mp8g3aa042psld93jep9,input,target_blocks,False,89.2,
bc1q89hapxrgdt6swzh7qkf757pa66ge8qqp6p0usy,input,target_blocks,False,25.8,
bc1pr8fw9nlshzx766wjv3kvqp05pa42kw6e9hrznrjefdvcs63vf56smey49c,input,target_blocks,False,23.3,
bc1qjgeasqer5g48yd3se2ynxusajaz20rj60pjxmz,input,target_blocks,False,23.9,
bc1qcau7s9ssx4guc6rnllnezrqaanvmvzgqljnumw,input,target_blocks,False,21.4,
bc1pm78qcj3xxx46wewyvpf5a535sjyj89c40vdy3csdgzaxw42ejgdqk0c842,input,target_blocks,False,23.1,
bc1pvy52e8en3w02ug5uv2qvkkkajqrqarlgq785062uh7scwlnjzuysjj0yla,input,target_blocks,False,23.4,
bc1pdpzcun07jmmvc3l2g8r230pygvkwf3vxvzqjjyw5r6m8n0v2d75q6v2yru,input,target_blocks,False,24.1,
bc1q9e4smd7ah68zt86zsqgqakgfay8ls4c6nxv7yk,input,target_blocks,False,24.6,
bc1ptppqrqlt968krza9rlm78yhr7ejt8689lwfxjw72d7e4whwk8yxqp5xz4m,input,target_blocks,False,25.8,
bc1pumq0z0hsxd5p3txusjnvmvw5ltd5hhnl5ynl0z8yn8dfvdn3282qpt6psf,input,target_blocks,False,26.3,
32319xdGoB6pj3P2hkgYGcQBK8fwmQKUG9,input,target_blocks,False,23.1,
bc1qw9ghfhahtgcta328yqxfr5mklmmcnlg4j9l5kf,input,target_blocks,False,26.2,
1Hz6yCqXWFykhtjvH8QYCmqdKG2ihCkKWh,input,target_blocks,False,25.8,
bc1p34n6ksp2g4az04h5nkdv8ujlm8hxwpq72ezunudjzny0m3yzs9yswt35ef,input,target_blocks,False,22.0,
bc1q3xuk0g2sqzr9x63vdqpeyn8jvltlpursh0w6z0,input,target_blocks,False,21.9,
bc1p55ezjlmyqrlcjlwpuwt0s78l5a9vfk9f05nnazd636kfz3stnvasgz3wj5,input,target_blocks,False,26.2,
bc1qenpxgjuvyk8en8nv9wnff4ln4w6a7spyw95yfz,input,target_blocks,False,22.9,
bc1q0euavx3duak3vqkygmzz4q4jpxcgc28n3lyydn,input,target_blocks,False,24.0,
bc1qcje835737md88w5rnv08drx6ghglrvh784rn40,input,target_blocks,False,26.9,
bc1p4llpfxusup9vaxfsdqfaxvyr8detrtwzeugnvy9mjx2l4ws88mksvchaet,input,target_blocks,False,26.3,
bc1quu04mwdmfaqhg7yv9tth7jt6jfwxqtcgnqx9ss,input,target_blocks,False,23.9,
19URacSbahM6DMjZxtjoTAr5UjwfFFDgBa,input,target_blocks,False,22.7,
bc1qa3y6893dwuzugtt7enfr4cjlvn7y2tehxvf2ud,input,target_blocks,False,23.6,
bc1p88ayd2pdqmvntcrq23p6pzkdguat4t3zdk47klld0ythnaan50js09nyd3,input,target_blocks,False,24.9,
bc1qfepct7yhst3ej44fd6qlusgnx88petmfhdg6eu,input,target_blocks,False,22.7,
bc1qkcph805mcqpvkvvfnzq0lrvnxl7skpfks28grq,input,target_blocks,False,22.7,
bc1qvuqtfqe5ffy9uhv4u5cvjgk9m948rq86hm6xcl,input,target_blocks,False,23.7,
bc1p2duldllr2j5flwrzk74dcxetmsee22j75u0rydp3f6838f98fzkqm76shf,input,target_blocks,False,25.2,
bc1qkwp6dgv779syyhzghdvn853f439t5xavgf0npu,input,target_blocks,False,22.4,
bc1qwp6hqwfy40wumtzftnmyqzuq9eu8rshp8j8t9q,input,target_blocks,False,22.0,
bc1qdu22ayt09ptkark4pwn7jjkd2t20jvyq9e6uky,input,target_blocks,False,22.9,
bc1pc0rsc6faxstadu3vhhxpj7qatuqkmrvl8je45h47zz9xxrderc7sry40c5,input,target_blocks,False,23.9,
bc1q5e5kv3n68n3m8p2etf9v8qrua0ue28cn93us9e,input,target_blocks,False,26.4,
bc1qh2rspjp3g5lt8af0vw9vx9v6u6xsf0w90n8wc0,input,target_blocks,False,26.3,
bc1ptqunxnu0zpxe3y4fr7dxf4ydtymqv0v08zd543rulc6x438mjuqsh830he,input,target_blocks,False,89.2,
bc1pnp80wr8wwwe33zma4cqtwc52wyxjt6wsapf0k6lr654z4kmetf9qlmtd0t,input,target_blocks,False,22.8,
bc1pkrxss3rxxkt27tsydza88df0q0q0nl0sseqeqernmcha54g85pws4z8w4h,input,target_blocks,False,24.6,
bc1plmdlvttwwgt55vx2hj0cxjrwtw6f07jynhhqc8q3fmftv9lwvhvsqdyrzt,input,target_blocks,False,23.0,
bc1qwr9ame2slzs7hkz2gg44m0kg4rpzj5dhr4550e,input,target_blocks,False,94.0,
bc1q02zf9fluv5n6pqxn9kvne6rsy3lw2s383gj8hd,input,target_blocks,False,27.8,
bc1quw89xy78sjfumj2u74u3ztpgwja6xunc7pahp2,input,target_blocks,False,24.2,
bc1q5lqcjdcu8jmmhf4pmlrl3a8mcn2jwcww60zmkc,input,target_blocks,False,23.3,
bc1q2nvhe4r45k5fdefaugg2aakq605rlgav4j60yg,input,target_blocks,False,31.9,
bc1qq729ak8h9cv5v65ckvyqcjag866hz00q39alja6cnedep9ppyzrsrl7273,input,target_blocks,False,36.5,
bc1qkagcmh3xxaqlfnhjkzyg74hpjyd8yncdfnxrld,input,target_blocks,False,33.5,
bc1qd6x79lyukm7h35lwg26vjxesqgeld0gseml5nt,input,target_blocks,False,25.5,
bc1pzru5at373epkfrkpze2ldzl96ztrkedncmrg7rrkp3qp6uguukfs2yc9wa,input,target_blocks,False,87.5,
15CnnQb9XqJ91N8xe7D5UjMS2B4r2rwSiJ,input,target_blocks,False,23.8,
1NcSrTJcMHNFRozfxv3Z45wokLkqk93ruX,input,target_blocks,False,23.1,
bc1q9avrzz37rkt3y0mqzlqz4q89g8p0d2l2cv42t8,input,target_blocks,False,88.4,
bc1qzfhjnq7cvejxpt6n6mgxy9quf5t99l8ht8rckgwdvfgj8tz7pw9qvnhrqj,input,target_blocks,False,24.7,
bc1qxl4sz8q4djenzxrqrtlhdqe80fuxhre9c5p2dr06uxucer0vksfsg5qydr,input,target_blocks,False,24.1,
bc1qhy7rlq4tn6hdnj6026wgm4uvjndm8rt8q49k4h,input,target_blocks,False,22.4,
bc1qnyp6fmep8f3eqn5jst9ln4yczzchzr7uq4pd0d,input,target_blocks,False,21.9,
bc1qnzw30383p7s97xy4uf4266zjp4jc26mw976lqt,input,target_blocks,False,90.4,
bc1qucd8yrdgyl7aulz0pv9gf8g3ze92pzgrkkm0vj,input,target_blocks,False,22.9,
bc1pvs46agx8458ayfnzve97wm52ectmctey3vck6cp0p43e7cuxx0lq0qapqz,input,target_blocks,False,21.9,
bc1pve0qrt3z3u7mxjsn69fexj845af90u53pz7y00yjjfy5pxdpzt9qlj0h8h,input,target_blocks,False,23.5,
bc1p8s3yttxs8h9ew9uhxz0vv96ts6sm45lxy0kax4xaay2cff22crtqcnrayk,input,target_blocks,False,24.2,
bc1qlktrv2y3d9expfqhnyl3d6dmvdxr09kq5v85vt,input,target_blocks,False,92.1,
bc1qrh9wzgxhmttzxaus0qpcfgtunnmnfqmkq5rw79,input,target_blocks,False,23.5,
1MibJ8TcQfgij2TPwywLS5tfEiLacqBijy,input,target_blocks,False,21.5,
1LbXRD91piJPAWDH2kQrRawa7zRB4nhwMc,input,target_blocks,False,96.1,
bc1psfyflp530thjt4ky06wxaxxwrvfs4xm47hcj9ca7svzr9h5lwxnsq5ym9a,input,target_blocks,False,25.0,
bc1p0ndvll2u70ww5l9u6p2sqhtv6vmfq2qs0jjr7jqc76wmz2af5ras4xlzhk,input,target_blocks,False,22.7,
bc1qrf8jghrdfter8acm7al3fcu9q9uajqj93877y2,input,target_blocks,False,24.1,
bc1q7uc3k7wrcc4hslazqv3jd2ns0zyt7ug9zwr9ap,input,target_blocks,False,34.2,
bc1pkd4n34qv4vqdj9cqdvzs0c7xgw8ae2tym86k056ehhk89vt3navq2kgmyd,input,target_blocks,False,33.4,
bc1qev2xclueqvyawxjt2e29csh598wrjucmkywwxh,input,target_blocks,False,33.8,
bc1pdcmfkf94gev2mrkst5al0cd924t7jsh96s8kfxkgwxnv34kmzyzqp424q3,input,target_blocks,False,87.6,
bc1qg8rxflgczqp25wtjhmtftczy7nxysy9jzkjh6v,input,target_blocks,False,26.6,
bc1qggjsqcn93epft0xst27nt0hp0vhe69cljy2gus,input,target_blocks,False,24.8,
bc1qdspn2gyxt5ln5a5t6d0wpqrt2046wxvpgnr8lm,input,target_blocks,False,24.2,
bc1qkd2swj2dj3jcfygpyylvmcwxq8g9h5dv9wvzhn,input,target_blocks,False,23.1,
bc1qre5w2cxuhgavjxpry8gjx8l53gnwu3lyzsnzc8,input,target_blocks,False,22.0,
bc1q8dvx8a7fh4z8049q7jnclle5nkvyxcv2f59769,input,target_blocks,False,23.5,
bc1qhq0u40sa7ux74vpjl5mtmmzemt50dxhzw4hf7a,input,target_blocks,False,24.2,
bc1q4vxcxw7mpg9dcryqu0kav8awrn7qk5e6wgs3hg,input,target_blocks,False,23.4,
bc1p0u7awmhf9u8kvqe47qn0f7udn43xfqm887y0y6telxad606mmstqm8mzqn,input,target_blocks,False,24.8,
bc1q4e2l56du8zdf35um5mdxdsdja5dfarqrjl7dtp,input,target_blocks,False,22.7,
bc1q9c64xd2pwcxalmg4sneadf2ll3lu6dgd0l8tq7,input,target_blocks,False,22.1,
bc1q209avg67kp33wec74k67qplk7jfn63g5z5wxt7,input,target_blocks,False,22.8,
bc1qvx0l5jdkefcwwu42l5vw53mgkr3vmrhesg50f8,input,target_blocks,False,28.9,
bc1qsaj65jqjcucl7hpq8dklawtm2p6vu2ze49jxnr,input,target_blocks,False,22.6,
bc1p6a259l35x7lvgp8ny2w4txge3gxjrm8e8t3pyj0h3yjkvsvrsg8qt53x38,input,target_blocks,False,23.9,
bc1qaldd7xsaqayxml2gsuj73tg0c39tjmdt05pgjv,input,target_blocks,False,26.9,
bc1qsg9g5w7zl2m4k2perfmeuknckqzlh5mkarj48e,input,target_blocks,False,24.9,
bc1q7t39g7zzn4de3c64gla8nqhqylzmnjssvuwnmk,input,target_blocks,False,27.5,
bc1q0wglfgmf09gtc28cr7txy7q9t2mnaapp747927,input,target_blocks,False,24.2,
bc1p7rearwgewn9qdamdqjupu9lc2nkduellus5k028r5w984yg0jsss3f5hev,input,target_blocks,False,26.1,
bc1pj3sa87jmtkr5q8dasa0qzlymtg5w0y0u532dhasgq8aa3tcd4k0selzglk,input,target_blocks,False,89.5,
bc1peq4ygxtl2j7tl9wr3zecqpzuftmz4ufa7rcuvn860cspc8pl56rq6yq3wv,input,target_blocks,False,22.8,
bc1qxm2pggg3p93rwfu36afsq4rcn3wsznrfrzt67v,input,target_blocks,False,87.9,
bc1pcse006dzd4ntk6l3yd547hw7e9r7jqkqhdauu64c4eqp6a4ky2mstzq3dl,input,target_blocks,False,24.3,
bc1qa4kfn7xljdldz9857d6743k9e76l7gfe88wqxw,input,target_blocks,False,22.2,
bc1qg9fy9nw972k0xafc6nlyarp07l37muvnemngv2,input,target_blocks,False,24.4,
3M8XPz4UVfniZrPvgGgqwMojLw2Nw741EF,input,target_blocks,False,91.0,
bc1pe7axsfwusctkwge4cgx8t7qkulzsayf4kegmtqhmpxxan3unkggsuft7rz,input,target_blocks,False,24.0,
bc1p0pe7k0yvcvk6wpwdvwjtjag84f6yydd30lns00swjg5kdhg3qqzq44n92s,input,target_blocks,False,22.0,
bc1pyqr3ywnwhvxvutu7mt9x6yp88jzu4ylhfqt873fqtqt57j92nwks8e04ys,input,target_blocks,False,22.9,
bc1p9xnc377uvgerpntx0p0fuxz86ctn6cqernr7u2wl8ec7sa4csd2qfmycp5,input,target_blocks,False,87.5,
bc1qejqu33p3f3vs74c80vsqsrgeklc4c00puk4rrp,input,target_blocks,False,23.6,
bc1qpajtwngx37gc6gmkne3yx7mcwh5czrk2wy4n7f,input,target_blocks,False,23.3,
bc1qcek83pfl5lhzxnvze69l5ak70nudxa4zn9v8uv,input,target_blocks,False,34.1,
bc1q4gy5kyjd6xshwhxru0nz5tp3e7c8mt9vw30eqz,input,target_blocks,False,20.7,
bc1qumnhkh4dr2u36gnd0v70t8x56wqlx6xql0p96y,input,target_blocks,False,21.7,
bc1qghqfggp5qx2mq7g4sf0j8r77ffeum9vr9a4qzd,input,target_blocks,False,91.3,
bc1p0fwhv3czj956wjevepxjy7qaf2u9uhxyg8av52uxghv75fdw3kkqdf5m64,input,target_blocks,False,23.5,
3CRYuDFC5UyTemwv45mBJkDhKB7EyEute5,input,target_blocks,False,23.8,
bc1pn5f9x9m0a9yvpjcumpjftu4rngugg0ndt8ajzcjfjl0qx7arz2xsgucqe3,input,target_blocks,False,88.0,
bc1qh03v2sjz7qkhaxu8z6kcdudu404t0ps7pv5q7apz6pgl9uznnu9qaslscn,input,target_blocks,False,89.2,
1A98B3hZ6y2WiAZz1bm4Lg92kQUp61PBk,input,target_blocks,False,22.7,
bc1p6hahplqfzgqdrrtrqr6t0j72tyrfsmfnpvsuupez3d5rf98xv4pqw4qp3a,input,target_blocks,False,31.2,
bc1qxnel2rtemfngehfn4ahetvkpqah4t4q4uqx6t8,input,target_blocks,False,23.2,
bc1q36ku48rndpvphaj63kmu07lhjxcr67ym68dxkm,input,target_blocks,False,22.7,
19Lcz7iwx7mwYz8gpQtsp3C5FNDEnBxiEk,input,target_blocks,False,23.6,
bc1px2sluuccfqyy7exgr8vg6pv85cwwfmheq6r7wmcr2aj6gxj8jrzstm4ju9,input,target_blocks,False,23.3,
bc1qwxrmngj9m7aargs09sphkhqp97x04rhvzft7we,input,target_blocks,False,24.0,
bc1qw2f6xa34tx70d57hrre9jtgnct4pjftund3ek4,input,target_blocks,False,27.7,
bc1pejdaey9u79nv8p266yxgte00svua9g39uqvchkz2hklv4kk9lx7sn2phhz,input,target_blocks,False,24.1,
bc1p63l8tla8yjk07lr7f7akn6sw27h29675tqlw2fccf3zf6gtsc9ysam5srq,input,target_blocks,False,22.6,
bc1pphtxr3u6pjsw6edk0m6llctlnw42449c5rcphj689h745aq4mypqsa4lj7,input,target_blocks,False,24.4,
bc1p42j5kl66fjc62ucyq2j4c8ys6hur9w0s5q200juaavmh6e3auqxqpd229r,input,target_blocks,False,21.8,
bc1qa3en76dna8mkt5tkazdy860sgsjtmmnnsy9ag3,input,target_blocks,False,23.3,
bc1qc6lecxe50zvzrcc998jsurs9ev3v888clfxfha,input,target_blocks,False,24.0,
bc1qkfxctlcjcep43emamfgdgpwt4dfpgyx5xxlwdd,input,target_blocks,False,22.4,
bc1qq2sahpcm0ccpsgcz9whh0zh3spnzc2vmxf6f5q,input,target_blocks,False,23.1,
bc1pela9ufr4ru5swfhdpe7sqtamgxmuanswzz2ve7096qmgxx0c0mssa22qwv,input,target_blocks,False,88.0,
bc1qlt8htu7hzwqp4nv8v5pyyv8h2fzvds5a52rw5y,input,target_blocks,False,92.7,
bc1qveq44flsdc7tmm4dcqazam0zylumrzv48v2mtq,input,target_blocks,False,26.9,
bc1p0jj3rnmwzw9tpm48zdptesx5dhxzqkm7qs3yu9t4hpu84hdfjz9sudzv3s,input,target_blocks,True,15.3,
bc1q7p70ygm8pve453cgnd6s4t06m74yjjg3530kuq,input,target_blocks,False,92.3,
bc1pqx0975tmk68z2l4crmy3e09km4hlj58pkxpftm9vq4twq72jm5vqzvkfl9,input,target_blocks,False,24.5,
1LSAMnfLTiA8KDHas9TB8y42fRo3WPtW8n,input,target_blocks,False,23.2,
1Eh5UBGVvs2h4taAVntVyCGRyHeKYUNrVE,input,target_blocks,False,25.0,
1AzWCbVJqqv9N8pE121J3FDnHen1LCx9bU,input,target_blocks,False,90.2,
bc1q45yh067d8kze06g74q2lmxjs8eu8uca3f22nk6,input,target_blocks,False,26.0,
3CVpU1LpyuARU1hQzim4ru25DJgpbJqiRA,input,target_blocks,False,25.2,
bc1p3ws9v0msytwpzzvwz5geq6av4gwzkmx8guqvu3nlmdlftga0jassk80436,input,target_blocks,False,26.1,
1AJJ8VbAy5NLcvB7pvMcSViQzvwqVcCdCt,input,target_blocks,False,27.2,
bc1pxpyuag52kzr39pj3w5vyq0x4tt2wuvlzm20naaxly4ng8yluyw7qcyfhpy,input,target_blocks,False,24.6,
bc1pxmqf9tavql2y7jgzv2aavuf242gr06c83vvse9jmmclxkhu85q7sqmp9mj,input,target_blocks,False,22.9,
3QUYPzft43mbCYsnoZcuSKqxw8NREsS51h,input,target_blocks,False,22.5,
3D2Udvf1Lb3CdvVwJHdpRpMRGnmkrEq2yB,input,target_blocks,False,23.7,
32aNLpZFxKSdvLixjiLHBieno79k1psrmZ,input,target_blocks,False,22.8,
38R2YmNqscPZkMkTrES4qb2LK5wuMTDZ58,input,target_blocks,False,22.0,
3MNsUo3mBMXMLDRJn1rweHvq581wyWj9GJ,input,target_blocks,False,21.4,
36daoiCKFxXgi4ntYnisx9nZ6WJ1CpJWEw,input,target_blocks,False,21.5,
3HoKzWZ6rYir6cMBqunUMJMKn9heoLEspB,input,target_blocks,False,87.8,
164ogGGENe2K9Bq2CxP4iKQf6nup5T8t8m,input,target_blocks,False,22.8,
19zcucQGs3kPAwXBYH4VNhtk3Qy7azJsX6,input,target_blocks,False,23.3,
bc1p05kvzj8zsuzqlq7j0yxqygh2nfrm05998325290pxg8ueteee20qldd3ry,input,target_blocks,False,32.6,
bc1qrqg40xnypa37gushfha7e4enaplv2e89yz6ckn,input,target_blocks,False,27.4,
3HYjQZaytMNixSZwU6Dkd7QBQhs2yFcp3E,input,target_blocks,False,26.3,
bc1pkj4xumjpqt7vp9rhtuv78g4lpjzaaya9265hvy6v36t9guf7s39qfq6av5,input,target_blocks,False,25.5,
bc1pswqdccmpga9ewm8j7wwtyx6d653xpzy7vp9gdea9yc4utnu5u6vsmvwy66,input,target_blocks,False,88.9,
bc1peyveqd9e70y8a0u8u55yrvlt9ham92d64plm4qq9avdtmgy6a82sdvwae4,input,target_blocks,False,25.6,
bc1p3ru9usswj2lfse96uq24dym6twjlk2zze5egvc6jaf4tq8fwqy6sg4p9lw,input,target_blocks,False,30.2,
bc1qlg7nd2f828smlzktxnqrzfzady26g8pz8p9wwhanvlxydqn954wst2jk8k,input,target_blocks,False,22.2,
bc1q5tglrx7me7e5jtmu3aec8aekrpxupdf7m0qgvs,input,target_blocks,False,88.6,
1DUErc41msTaydQ8QpLWEhJryk5tTn3r8R,input,target_blocks,False,23.5,
1DLeNApsHNNzUMNZJVoXeyEY5sdp8vzx3w,input,target_blocks,False,89.6,
bc1qd9v7kra2j5470df0nknq7egkymmzz8d26fkx8y,input,target_blocks,False,24.6,
bc1p0kqzw9srrumxl527kqr4preznlkc3rcu0rzk7shex5nzd0h69usslea7ed,input,target_blocks,False,22.6,
bc1qhctju7ll6an6ps5s6v8l5ssv5s753tuadhn63v,input,target_blocks,False,22.5,
1Jwn9tgWSbAP6pvGm9yz4oYo2wuGnK92BA,input,target_blocks,False,24.1,
bc1qvwn0t4gcxafwecup4qaz99f8e228upujjrx6pr,input,target_blocks,False,24.5,
bc1qvqpjk9ch66sc8sgeczsjy78tmj2u9a84k9aasp,input,target_blocks,False,24.5,
bc1qtm43uuxxq0dhxsgjfg2c9d56dj2e56fuev4lra,input,target_blocks,False,25.4,
bc1pcanghm4utw3kkdtkrlakckam563h3kn30zz6uzg0km5pfltg5x6sgfshmp,input,target_blocks,False,22.7,
bc1qee7hk4a3k3km7j8hwclm0pkl76dhhgxay5nevu,input,target_blocks,False,24.2,
bc1q3ganjxkjkm6u0q5cjhe86e3c7nz7f36tm6zmvh,input,target_blocks,False,23.6,
bc1qf2dcwmmga8pygnlp7kgpy0cfr78ylpd03a6sg5,input,target_blocks,False,98.0,
1Fg77hz4KaieZCZMzQs2fthN2dbxTixqmq,input,target_blocks,False,25.6,
bc1qrljnasrg0xghcfh6ljrwpfmna8agayjkduq8uy,input,target_blocks,False,24.2,
bc1qa6s39erauevme9x438rq7nnqu6swsy4ayj8arq,input,target_blocks,False,22.7,
bc1q6m7td5cq64pf90uje3f26228hpla44xtr2ysdz,input,target_blocks,False,23.2,
bc1qrqlamjhy2qp0xj5mxv4sx7ra9qfmfxllf93l26,input,target_blocks,False,26.0,
bc1pv85cz0g0k3nkefms4nyg9ultnts829h7yvv5wzjv0jrqu2zjpgzqe4xmwy,input,target_blocks,False,28.7,
3LVQk4qhAycNakq1apge4YFAj4o4fP6Jzh,input,target_blocks,False,27.4,
bc1pjuntavsgd7wufncwt0c8wjqua97m43acx44er0fdgy0twy2hrvwspprmzk,input,target_blocks,False,27.0,
bc1p6fvv79ukvegmcc9trghp8akzcanmqp6w50q4glzk835u6jgz4mtqhx4t3e,input,target_blocks,False,22.3,
1P2c1mJZD9XRKtKxwHV3De8q5hjS3GqR4P,input,target_blocks,False,23.7,
bc1pchfqtj00qpelaz2lw292emulx9sfylffcnhrfvdadkh5y3qrcgrswzmcrc,input,target_blocks,False,24.2,
bc1q2mmndepj9jy0eelw78hkjt9h38alkyqrf04tqx,input,target_blocks,False,24.0,
bc1qldt9dyhqr43p9rj8h2t7w2e93fy0mrwgtlvmru,input,target_blocks,False,91.4,
bc1qzhz5t80est4hl3zgtaewqrtnelqkusjc64gkxk,input,target_blocks,False,26.1,
bc1p4n47clplfucpss5cdcdwrwdknwlk8dejazudvsnm62cp87mhg0qs0rs7av,input,target_blocks,False,38.7,
bc1qgptuyj4k872pjvtnr7lmcecuf4nsvuuka4yxn4y0t8v9rg4m3lasderucv,input,target_blocks,False,23.0,
bc1q5tl7v3c3fjym5clpzrmct0ax4fhs5jndy6yvna,input,target_blocks,False,23.8,
bc1q78yf7nvux9g0lhvf6lzsjk3eh9f3ajjpqx73a2pgj26lrjpu8kjs3v3eyv,input,target_blocks,False,23.1,
3BpntnCGdtHrZgxrtxPL9JEWZtAGHhURSC,input,target_blocks,False,87.4,
35JCy95zjXwePcUA38oWNZVYonFYcxnjTV,input,target_blocks,False,25.6,
3Jaw6C4TLvPEkt57eRihJBFJxGyxC4AgLz,input,target_blocks,False,23.7,
bc1q6pp4e52jlkn9hd4e7nugpshd6gtu4h6vk8ncfz8qj60x4c33tdescrswam,input,target_blocks,False,23.6,
3L2Y3r9xY11XSGumkhBXwLjCJQwMpV5xJv,input,target_blocks,False,23.8,
bc1ql0hls7z0efu2dytw5jljxkqczr4nttlq0k564wpugdmqnfpwzjaqa67j7j,input,target_blocks,False,23.2,
3DywMykMauKvnnGauVSoFK6DJYeysj5XBG,input,target_blocks,False,23.5,
3D1J3s6RKWhhF5QcXEBykpcgHHPxPzvqhY,input,target_blocks,False,23.6,
bc1qqcfl8pkt8w54fuzawk453szq7jjuk829wlnt55zez33keygnnn0sqm82df,input,target_blocks,False,23.1,
3Barbm1uEj9n8VcWY654KfrJj82YvSbGrQ,input,target_blocks,False,25.3,
bc1qhgfzqd5szj787suddqevevragj4m898p74vq3w,input,target_blocks,False,25.8,
bc1qcpgpjs26dyhhr97t4rkl730c3pryyx5c28x78f,input,target_blocks,False,27.7,
bc1q248s935qqvgwd2ymt685dpwh8dwjttknvezzts,input,target_blocks,False,27.7,
bc1qfq0lnns0nyx3g6hdmgmlwsg2gmry98yptagz7z,input,target_blocks,False,26.9,
1P8H4bEq4Bf66knRkxKDEefG4ivy2UG1sJ,input,target_blocks,False,32.1,
1hgxDAVX8oaqTyb4jfN1Rd7F7dG7YRXzF,input,target_blocks,False,27.5,
bc1qqh4t2cda0ranthrv3lqxe70zwfqacwv00w0fg7,input,target_blocks,False,24.5,
bc1p5ssanau0wjl4z636cd6swe7l444a3l4jr9rx42t4dzgspppywawsmqn6n8,input,target_blocks,False,25.3,
bc1pwxljuw5c8g2unxl0z202zpvsjz0g99gn8lyvj5kp44h0j3vl5zrqwcwz7d,input,target_blocks,False,88.1,
bc1pvajunax6crc7d7c58qk6k9yk7rwcgjs8g0pfup3ezx6u73wc0a3q7ldnng,input,target_blocks,False,88.5,
bc1qpupj84mdf2ec8m0zjyv2upe9a0eg7ww62538jf,input,target_blocks,False,88.5,
bc1pd7mzsmynygw637amzwen4drfm5vqc7e9ujm56yvypcryunkgp0ssu63qsu,input,target_blocks,False,24.3,
bc1p33kwr2fc3k9ektp762h8sxg9rt5055rf6dx9an229k39sne0ekcqfuep73,input,target_blocks,False,27.5,
bc1qtf0atysrhdqrlr4wcqjvt73c2nmmee8nevl90u,input,target_blocks,False,25.3,
bc1pkglrya8t9g86xpqp08sw7q6a5jdvhadntsrucj54hn0jdxc2577s50wpj6,input,target_blocks,False,87.4,
bc1qwrhm0r6xar0a5jcjyj6ht3lezl7gjwua5slfg8,input,target_blocks,False,23.2,
bc1qq904ynep5mvwpjxdlyecgeupg22dm8am6cfvgq,input,target_blocks,False,89.7,
bc1qfgh9jwg7tltua7amg7p54c80yfp3qesuttn4mk,input,target_blocks,False,22.1,
bc1pqxrpnegcxgspmpnh0tp7utsts5u902rflms35sxhjvny6l5k77eq6xl8e3,input,target_blocks,False,22.8,
bc1qjq6ea3p8gwn5m3lejv8j850m0ceugmw9uw8rdp,input,target_blocks,False,26.6,
bc1qztxp67ha8cjmuqfd8tkvtl5cmr77kuk65x4d7x,input,target_blocks,False,22.7,
bc1qyaasawzgugyymqwds2ecanhnsar5lvg3kxp00f,input,target_blocks,False,23.2,
bc1qfe6lfle2z0s4fq78wk8tuggde7wjyh5fk3hulj,input,target_blocks,False,26.4,
3KLdeu9maZAfccm3TeRWEmUMuw2e8SLo4v,input,target_blocks,False,30.2,
bc1qfwja75gvtmfwgd2qtjchjtclxfq27y52aw6xnc,input,target_blocks,False,26.5,
bc1qmadpcvq9tg0y42me7fhq46qumxjcdh7suawffd,input,target_blocks,False,22.7,
bc1p6vdz7774pdnd8catas9p2323sxkl9cn8m0v2tec8x39rdu9k5hlsxmlxq8,input,target_blocks,False,91.3,
bc1qrzvlf54jym3c0lrrxel9m5ajfcm8fqgk7vkhzn,input,target_blocks,False,35.2,
bc1q9h4756n7j856ru7rzxms39e2lg2ev5mp2mmvct,input,target_blocks,False,30.0,
bc1qxev35zyeu86j3nqftu8ajj4vxw7jntnhcxf78y,input,target_blocks,False,34.4,
3Lnwp6QCKHtyAUvxbo16k7zWo5dbhqgTrV,input,target_blocks,False,30.7,
14AUg5fvNeoJmhLm7mvBcNsrxVB8xgrczq,input,target_blocks,False,23.5,
bc1qvzp5fn7um3gt3gdg7f3vp5yccdz8xk50l7nxqutw0wkvlm4td68q2en3m4,input,target_blocks,False,26.2,
bc1qnqp09zvgzwwh7zx348dgvpsphrwpjyq0jl0slz,input,target_blocks,False,23.4,
bc1plj73s0mzm0dn0czxhkqw3gqq67qle7jra4pg2jxahg9k7xwuxk9qjkz5fm,input,target_blocks,False,88.2,
bc1qju5rpp6r2kyqarpvkzvf6j3dqgrpmcd3z4azrx,input,target_blocks,False,23.5,
bc1qu3rrfvsl5uj5x87pr4dd7qklx98fh7d8g4avcp34gtw53wfzj7xseanttz,input,target_blocks,False,23.7,
bc1q3qurh88xg4fmql6jfd0p38hyhlvj0p67ewnzfdh6l8ur4j5h9xpsf9mlry,input,target_blocks,False,25.6,
bc1qkr97e9f7wshz3euuc3530uudtpj3h7mu6ps2fvvjxc7wp6vg0aasj7t2ve,input,target_blocks,False,25.6,
bc1qjavras92j24ntxs7u5uq52mqunn7tez9cvttm308v24sz9jn6qys6hz9m9,input,target_blocks,False,27.1,
bc1qevkxch3s823dqlgq00dy2fj9ykq625f6eanl3nqxgua2uykqp5rqw52pty,input,target_blocks,False,88.9,
bc1qgzu73z8z4c58qcffhs9yxm62wq7cac02egy7ftnnrvask5wjhr4s9ccfr9,input,target_blocks,False,31.5,
bc1q5250rnfys3ml6ctwrxnl2qxxvjfxuxuflx8l6c8jh3rnmnrqgtzs8n9ug8,input,target_blocks,False,24.6,
bc1qqvwxajl3yq072rkzhwuru76n3v0hcs7wmnjwlkx4atnv3nv8jhps6n3epe,input,target_blocks,False,25.4,
bc1qh4zpqty63xvw8puqtsq06gp4yxzexclqcqa7tx4ya7tjguas6weqa7srfp,input,target_blocks,False,22.9,
bc1q4k8r0jk05unmec0yeak9g3879mt4nwlptvnrlr4h9yce55c2smss9ann7g,input,target_blocks,False,23.4,
bc1qt2nxfkyyhf7xnldm95am8m4hzw00tupwy6yscwh50kqugqzm59kq0ww59a,input,target_blocks,False,24.1,
bc1qamgjuxaywqls56h7rg7afga3m6rgqwfkew688k,input,target_blocks,False,89.9,
bc1qk3gknpp0d59vvfh2nja0frqcspwuhyru5gahxe,input,target_blocks,False,24.8,
bc1qcjgxkju8zv5969vgxnw5cn7vsfhjcmn3rqwhvx3mrxufq2wnc42s98mkj5,input,target_blocks,False,26.7,
bc1qxavn0kpptgjl34kpncenz6t65hwuyyg6p9rhnw,input,target_blocks,False,26.6,
bc1plzecvyvdphcum4rcjd9032ugpmwee37ttqt6jnxuzpn43penrcwq04whyr,input,target_blocks,False,24.9,
bc1pj5d8ymcyqql72rh3rwazj552mj35pxvquvql2640023fkq2cjfcqh8cdam,input,target_blocks,False,23.1,
bc1p2wev8mw98cy6c7ksx4lg3qs7ev894wv8f4jtyxu8tasuqj34354sukygur,input,target_blocks,False,24.5,
bc1puj3ct4vtxl3ufljszda0yex89fk29zujlu4aazh9p6je7sr3z0gsjf9nc6,input,target_blocks,False,29.0,
bc1pwaulcezel6s27lfgrd2dxyqn9q6hcyetr4qsdlf69qz6ac3r9ewstf3fvy,input,target_blocks,False,92.7,
bc1qvuvhk53ypjdltrngju6fh8tc6aw0quazzj2daj,input,target_blocks,False,92.6,
bc1ps7r2nzwkwk05a9pnd7ce44dm0ldpt7x8x02e286u8jfu6y58aqpqzjn5cu,input,target_blocks,False,24.4,
bc1qhgcxq4ff890aszuqa4u9y8w0ulsjn3am5lf8f3,input,target_blocks,False,88.9,
bc1qwht9gdrme6qwmv8v3ze9swngwmecvtmsyu77me,input,target_blocks,False,24.5,
bc1pqcy3q2z5e3qm2t0v5v0rh6snlf7v9tfx6y77ny7dl7wwxe580s7q6ruumw,input,target_blocks,False,23.2,
bc1qyccgrtcjruewyxqkssa5eezhfkjqweuavea5zs,input,target_blocks,False,90.1,
bc1qqd72tzaqddyp85k2p6jgrf8thx7utydsnp5ux3,input,target_blocks,False,88.7,
bc1qqy3s360vgmn44r2x7l729jnu9m4g49hp3tp28t,input,target_blocks,False,24.3,
bc1p39r8npgm4ptv5s5vgx807avsrpfk76cptkqcc3dyqnmhmaqt5q8qk78n55,input,target_blocks,False,23.7,
bc1qnu8zx3t8ycf2ceddanfzv6ke0gt6uvmufncpnr,input,target_blocks,False,26.1,
bc1pvqtmzhdgg36xpwhpq03jzugngrpmgpeah04yj0avcqdcwh8f5v6s9u3xz8,input,target_blocks,False,88.0,
bc1qk9fsp3y58mgv4nydrt8zt8qm69j8ckn7pazusg,input,target_blocks,False,25.7,
bc1q3qd6w4gce2v7us46cxkfnzcs3af2uqf4rktgt3,input,target_blocks,False,28.5,
bc1qn8cle9crsmm8jvfsrl7kafmgwgtyqtncl7g6eu,input,target_blocks,False,90.0,
bc1pvxe8uug6aq4pa4xc75m64rmjy8256jdxmj3sdq58sny78pcc7w7swf889g,input,target_blocks,False,90.4,
bc1pk58kc8at7r72mk93maxgmwyyj0scqydzeygamtzkehpg87zvsakqepnfxf,input,target_blocks,False,87.3,
12nBfJV8LYHSuyH9ANhghNT59D2fj2y6gZ,input,target_blocks,False,25.0,
bc1qsw3prex4ta4z7dc7k3axck7lm5g3j7naxzgjnc,input,target_blocks,False,26.6,
bc1qe9mxkvgkvavmgr2t3qs6r84vc2680zvc7yerd7,input,target_blocks,False,23.8,
bc1pxdu5kz8ufc87t2zw2z5r0nc0v7ux5lp5se7jvy0y9wcnfvverwjskse7w8,input,target_blocks,False,23.0,
bc1q45dap7zkdr2cn834409rxxuz29js79utcdpdtpjfm94ce639hc5qs00w0a,input,target_blocks,False,22.2,
bc1p5xu3ljxrn0c9ukqyy4x3dtpn8w452vym8lx6fzm4puz4vta5zc2qvqpuvd,input,target_blocks,False,22.6,
bc1qzmxjdrfsfyvazj7f74emfa8s064tr468hhaxsp,input,target_blocks,False,27.4,
bc1qkqnxwkmwzawucwkdcpz8mh3avmp6yeqaecy64m,input,target_blocks,False,23.3,
bc1p0xk08vk9untt745xfzwk7a78sq5kwy6xvqcguc4vhtarrhj4nyls5e56a6,input,target_blocks,False,25.2,
bc1p8hxca2gtlaz2d2zawjscp0w7r880c3f2wjutqgwe0ths9y96gj0qyud3vq,input,target_blocks,False,23.9,
bc1qaukl0kf0aec88999tj5xdrtfz56awmqyj9zxeh,input,target_blocks,False,23.0,
bc1qu7rrylmfdag34uvujkpaklzyccd4e4fqvj7fn7,input,target_blocks,False,23.0,
bc1qdfsyt9gqkzns78qf8gzxpzpe5mz0y9kupmxxkk,input,target_blocks,False,26.5,
1M4aUmi4cy9wm8CX5cTorzMHX3wuKuVGzm,input,target_blocks,False,23.5,
bc1qetvcuqf39p8dj28gck3n4mswk2esjt0qq29ry8,input,target_blocks,False,24.0,
bc1pqdvxmjd7hkuxfu55auxr37wn057hzck3dsg57ndp375c4acdlvqq6kjdw7,input,target_blocks,False,88.9,
1Hp72bQhKqkKbBh6tfardC5BSuX9FZx7dT,input,target_blocks,False,25.5,
1DyB7w8ghHoRJtmdfh6c4vurRzNiYtXDx2,input,target_blocks,False,87.5,
bc1q59zwckfesan30g34pj28lyxr2fwe28l80hyp45,input,target_blocks,False,24.1,
bc1p5ker8udqf53z2d9ths94ucqzgmt0jw6tzun364ky08wjjrxe9p4sk205l4,input,target_blocks,False,23.0,
1KLEKh8MGwJB6ZvekhAuyBPiWWGkGrb5sn,input,target_blocks,False,22.9,
bc1q7z5gmj9m5y76lrwnlsphjlr5z4uhrm3a8pp4kc,input,target_blocks,False,30.2,
bc1pn2ha685myf9ykckary7w3q6qklt7qyppqxtv87dha5f6994cv7esu59f4w,input,target_blocks,False,24.4,
bc1qznylj3ntcqhm36tncj23pfdlxp8xnk7j7hqv8p,input,target_blocks,False,96.5,
bc1q4w2s73u0rcajzkpksr24vd4kkx9k9kxdswy4yh,input,target_blocks,False,26.9,
bc1q698wzm7yemza7l49v7c9n0exmgcaqdf6rjnmnl,input,target_blocks,False,90.7,
bc1qsxrpdl237m28jkrwk7xxe5t9elr4cy59gge2cy,input,target_blocks,False,24.8,
bc1quw7ck4qdcq95xzn3m7a5yrj8t637jf36lvmfh4,input,target_blocks,False,88.6,
bc1q8h499ejt7aza20l845q6skkr0tftyvxq6x0rdx,input,target_blocks,False,24.3,
bc1qfeulrllq49d2uymlknpzc8mj29xwnw3k0p8dkf,input,target_blocks,False,23.2,
bc1phcs3s4h7srat5gsesh6mkh3mae35k3sstcps80utkr34t6m42cps64fy4y,input,target_blocks,False,23.5,
bc1pr2ekkddd9qtea37ln8pd6uc6krmc4966mhlrgf0w058l2u3qf7rs9rpvlw,input,target_blocks,False,25.4,
bc1qvmnf5rwgrga0ku8nghv3hlhujluy47pavjvmnf,input,target_blocks,False,22.0,
bc1qvpn34jve4urnhn0ujejj2c6ut0zsgl9v7gfhht,input,target_blocks,False,22.8,
bc1pek6qylw43s766dk93cgcrmt6uel8ndfkluhn982gnryv257myycqz2skgu,input,target_blocks,False,23.7,
bc1qrwdam4yl2rqx7gjufxf76ku8539v9v3jc2qfwy,input,target_blocks,False,21.1,
bc1pwm7jg7pcn6mz9zu2vnka4kcx89zc3adf4md3q37nvsjurjegjy9sl6wwmh,input,target_blocks,False,24.4,
bc1q4r9kralnmmw05zvqc2amg26snrygwrhjurs4r7,input,target_blocks,False,25.3,
bc1qlfl6uchpsfqp94vq0jh6uqc9esqfsx8u52ntyx,input,target_blocks,False,26.6,
bc1qgxp07e4vh72f5vgzewx4xcjjudx0heqz87f4yk,input,target_blocks,False,23.3,
bc1q7d9xafnxksc9uy96ehf25cc964w342wlp656nd,input,target_blocks,False,23.6,
bc1q9l6l0mw2zshrav7htuv2m0jr080axy84pnppxr,input,target_blocks,False,22.6,
bc1qfxmle2nzm0rcz2p703758nj83elxx2qctwxy4f,input,target_blocks,False,90.1,
1U52GhHq4HBZ86VUpqv969XedmcGLEAQq,input,target_blocks,False,89.5,
bc1q3t465jhj2jvqknalusk8tygcwztqse5rd6t7d9,input,target_blocks,False,25.5,
bc1p88pv9rnvgpa583fqt3r77d048hurp82ypzy8a7c843hvlp5t6d4q8wzffj,input,target_blocks,False,22.3,
bc1qgktj5rpenrlktt6vfegymqc3xmhett4wamk28j,input,target_blocks,False,24.2,
1FWQiwK27EnGXb6BiBMRLJvunJQZZPMcGd,input,target_blocks,True,14.8,
bc1qeyj6uuzw0z398lmxnkdmppc2nk2cykrvyk8ymw,input,target_blocks,False,22.5,
bc1qp42m83srfvwc982g0ddxn7jhmmmyfseqchvdrt,input,target_blocks,False,22.4,
bc1qefrqxnegsejfwh0fhnvxa0yyxpyyse0ycwmxlj,input,target_blocks,False,24.3,
bc1qy4a3sjnzq7z6ym63m82dv7m5u99g7rnqrt0d84,input,target_blocks,False,24.8,
bc1p7pch2pv3lvagazknwu26tw64y40yc962j5ge7mesdjdm2ynddlgqkt0cm6,input,target_blocks,False,24.0,
35WXBgJNroKuSyW2X7hj7CXUKNXSgk5ymy,input,target_blocks,False,25.0,
bc1q3hsmm7vn366mj92ux2a4uj4vfhffvkta6ly2jw,input,target_blocks,False,24.7,
bc1qvqa07gp5a80faget2f6gmewhca6cl49076ykfe,input,target_blocks,False,23.2,
1Ad5TJ9dNHZwJ1qPdadvVDxLP8BBTQhM8o,input,target_blocks,False,88.0,
1LrYhYZPotX4wkPqT5ATXKdcsqnfE2F2w6,input,target_blocks,False,25.0,
bc1pzqec7jsrhz5w6kv3eykalka03tpu998lxsanklgy2s2ur4ppt33sr9lpnf,input,target_blocks,False,91.2,
16VJoDkitgF4nVq6hsLsmHkh7bm4NDk2tB,input,target_blocks,False,23.9,
1B7PeKJ4x5XGhZVYyJaGNJ11r79nqoE4ZP,input,target_blocks,False,22.6,
1L63ujcgFDXZs26R3gFHJS1nqnU3pqAJDL,input,target_blocks,False,23.1,
1DeEhsRGTbiDL9GWhBtSJUFXeVXTqPBSXJ,input,target_blocks,False,23.6,
1LNiPSiymKsL459QWThVJHGQEuX3mXgurB,input,target_blocks,False,23.6,
bc1qy3z6972acwycsf85ggcs2wp39ps2m0pgxwg0c0,input,target_blocks,False,22.5,
3Qbdb6fHhfCA6abs6baZ8ZzvTfDmGm3gBr,input,target_blocks,False,21.8,
bc1p9p37v9gtpq3utwzxpq90sghq6rznz7d48ktz5zgdxzkwlm75gwgs3suejt,input,target_blocks,False,27.0,
38ZBa29zNTpsHgPG3XD4ic3apcG72pGzdS,input,target_blocks,False,23.7,
bc1prqt85kdes6t289eg3wnajfc0yaar789etsua7h45c8fl7cjajcdsevdxm7,input,target_blocks,False,23.3,
bc1pup0jwwt48nm7smssqphvznk952lrtmul9wu5sppd2hmpnnvmjpzqyupvvz,input,target_blocks,False,22.1,
bc1q40z70zft9lrwacu529ff07yluc86xhqevls6s6,input,target_blocks,False,21.6,
bc1q8kmw6newnqukq74z505ms06edg38czcaeqt9nl,input,target_blocks,False,88.0,
bc1qhkl637lv2skcuwaevk8m0vgzqvjemy35a7rn66,input,target_blocks,False,22.9,
bc1pmkugcvxfz4dfu9pkvn8y20429m0r2sry3prwhxfc0nupgt0zcytqqy0jm8,input,target_blocks,False,23.6,
bc1qhm72d35cnpfshpxyzme4mq96u4udv8vtw2scmh,input,target_blocks,False,21.0,
bc1pa3um6up6n69mpvyuyy7mcdj28xds87fqkgydnfvkr6e2ygvrnx5sjrva9k,input,target_blocks,False,23.9,
bc1q25avkwc9v6er540w69mf45s8sndjhcw8r72dlu,input,target_blocks,False,23.4,
bc1qs9h7uk6qmacsk4nt966nrfnpn5vltunc75lznx,input,target_blocks,False,23.7,
bc1py8cghw4mz454swcakve4xy4097qdzuppu26cypyj6fwg4ja58l7qhgm735,input,target_blocks,False,21.9,
bc1p4d8g5x9gr5tegmgxhenxe6752f5n059gnn8xzmu6t6g6a2clvynqr2lnyf,input,target_blocks,False,24.2,
163CkQeLzvXavA4mRnUgxAHauiPMEaTgt3,input,target_blocks,False,24.0,
bc1p2cku5jaxxjjty0f38r5kjwafxpujd86mw02mc8yq8txfcmya469qxdnttf,input,target_blocks,False,26.3,
bc1qrg30u67sk2qqnartutaunthl6q9lvm0l67gjdn,input,target_blocks,False,29.7,
bc1qvanlw0xv5tj3k7a2rcg3360sywnxdp7gjdnn3f,input,target_blocks,False,22.7,
bc1plmajhvt72ldnly0vxch99e5tyd4e3hvrlxwvvlwrwglxckr59pksm5n3kj,input,target_blocks,False,32.1,
bc1p5ae2acj3ajqkld6nnw69vs3tm04mlj6msnhcvqtg853l300t8aeqr2qjxf,input,target_blocks,False,87.1,
bc1qmrc95d4fjrcetkpl00dvannzxku5wvgw7gmy6l,input,target_blocks,False,22.8,
bc1qudrp76jy6anu5qcv4ct0d8568c82n208v0ader,input,target_blocks,False,27.9,
bc1q2k9pajgpecge2uy3q4w9jhc75twcjwys4ehk0z,input,target_blocks,False,88.8,
bc1qvmsewrkjmnz8vp2992k2hhgqmpg5yueajqhpt8,input,target_blocks,False,23.6,
bc1q2a4w0n4c2dlgmzw6wm6yk6qx9s7swqj5tvw8uk34u0xmeemce6qsn7rjc7,input,target_blocks,False,21.9,
bc1qg9lattjuvwykcr9lgruyg9p5tw53htpqfznhc9,input,target_blocks,False,23.7,
151uD2dEvB4pfRWH6PVJGHo5CcYjiLtb3o,input,target_blocks,False,22.7,
bc1q35g8353e94khzvqgnzmp0wsz3d2kynexferuagz5yzx6ygj37dxq8ceklg,input,target_blocks,False,27.5,
3GjKKzhaot9G2xefohtk5gEDR2dUkq7zTE,input,target_blocks,False,23.9,
3PVJNZW7Ja6FLtqQYBzFRZYRaFf81dUxEm,input,target_blocks,False,23.5,
bc1qjsfu9lx540tw6hl8tmmuclulqkddegc97yh388,input,target_blocks,False,97.9,
bc1pasml5u2wnlrx08qd372uz4cahfw7rfqaaxugrvvwc0f00ttgs8asfxdj0r,input,target_blocks,False,21.8,
bc1qntrc9ts3p90rmej6agxcexps0lyy0lk753eet2,input,target_blocks,False,21.6,
39votcf2Ns4UgHpixngJm2ghEc6HnXWenT,input,target_blocks,False,21.7,
bc1qzv30cgyj2nech3mf7qhnvq45q0cdwgjl9lz7zk,input,target_blocks,False,22.2,
bc1q37nu0hgeemwdejwypg0fk4dn85mnr5ff7w8gfr83cn5yymdf27tq8qckgx,input,target_blocks,False,28.4,
bc1pzqfjqds8nq3jrngyz9nzlw38ps6aka90uzm73l7tc85nclaf3upqeyuv33,input,target_blocks,False,22.8,
bc1qy0jku6fx96pzgpt5cqz3qty7ynkmd7tmnse8ms,input,target_blocks,False,23.3,
bc1q2ncefatevuus0plgaxc3l0zmj4v92vvj7uw6zc,input,target_blocks,False,24.7,
bc1pewayv4dmtm847uxvlxgapq6g20wxcdq9mqt9sd8tdcd2lwvl0meqq93vvr,input,target_blocks,False,24.8,
13HKyvkv7ikME2nm6xFSh5GGnnnRTyScff,input,target_blocks,False,25.2,
bc1p5skg4cn57seklt2gqd8l2ckljwkjztq94vuyltfz52x2kqellcesmmnqnh,input,target_blocks,False,23.4,
1E3EPC9QYCokBVLvV6KAX26JmaQRDZXBiR,input,target_blocks,False,24.8,
bc1ptxcvzc8uerhuf3mccu7r4w4pcnfqe68yhstvf6c9gdk7dusp2pzqseqh7n,input,target_blocks,False,22.9,
bc1qedg5y92t299ph7fxjw0jj7smxczxnqrqee33u4,input,target_blocks,False,27.3,
12H9DtpmYh9XyCDE9kDYZ14KpgEAQwoZt1,input,target_blocks,False,22.4,
1J859tu7x3Z6ZyJRnxZVdhoG3DpSKCTFP1,input,target_blocks,False,90.2,
bc1q767vny9m7tc8rkfzk9a6q3w8k93qw0fwwgpdthmvzfjc6pt452ls9j9frs,input,target_blocks,False,21.8,
bc1qgauc8p0tkwnh0pxszf3z7ckdypud6e60xygwy8,input,target_blocks,False,24.7,
bc1qhwvy6c0vf99vcz2c00dj83snjqxtvjdezqtpx3,input,target_blocks,False,22.9,
bc1qyhxq4zt90y5ly6n4q9n5h6hfmmcsj2umcgwret8cml0e60lxyrzqcw84ch,input,target_blocks,False,23.1,
bc1qcuahzamcfkjetm6k6j743nethzdjy2m42g4pq3,input,target_blocks,False,23.3,
1GNKowHdFb9qVW3YEasZdUuEyU4AJme1xp,input,target_blocks,False,22.9,
bc1pjpen3x64xaxgfmnf43kzmcffzzet0mmjckh4ycg9wltc6kk30azsltqlhx,input,target_blocks,False,22.2,
bc1p40d02s5htekva7s5cys2hqu532n935z2l2jyhqzqyw58f8hr75ss6zzxnu,input,target_blocks,False,24.1,
bc1qvajswv06j3e2l8hgx432u3cuhqjarp7pzgvryc,input,target_blocks,False,22.6,
17tWyk1VfchJrZ8DJ9Uw2fsMCbeh9PDJUy,input,target_blocks,False,22.8,
bc1qnjjwwcus3zp84y805u5fkdlr020de7ghe8nvlt,input,target_blocks,False,23.3,
bc1qjawl0uggw0q07dklyuuettkaslsp9h4vra9gtj,input,target_blocks,False,23.0,
bc1pypwqf89au6tcracp8hxnwlvudu943pnf32x5hu5vg834e6dqzpzscj2fgx,input,target_blocks,False,22.9,
bc1qwn8gm0n0sl69nsr3809zvcyk8mja8ldzwz9z7a,input,target_blocks,False,93.3,
bc1pcs4rn6nklrx8p9hmztm2qxkt9q6z0g0t78e256zy3n3spe57advssztr5f,input,target_blocks,False,24.8,
bc1qpwrz9a2h2z4ww520dnhtws8qj4pv8yxrns5lwx,input,target_blocks,False,92.3,
bc1q8qn3w0dnqvausqudc52yjsuudnyhf6kc4c9cn8,input,target_blocks,False,26.4,
bc1qt7jjxpu4n8zyn3ym0l5ceq06c52grpe9czl0ug,input,target_blocks,False,23.4,
bc1qqmuwnh0dzw36zgj3khr2y9yy9pn2wvh48zmd2p,input,target_blocks,False,23.1,
bc1pqkl6sh8mc5t57mt7ty2gp5c090vpwvjnrp36lyadgpldra26jsqqetngp7,input,target_blocks,False,23.5,
bc1q5wc0nwny9qvucp4kuchhqjyy98szf7k80z36ms,input,target_blocks,False,23.6,
bc1qjh62xe9rcg9mxxkx2wrg7tnxxypz9vz249uymn,input,target_blocks,False,22.3,
bc1qv0n3gtttyd5gswurpggksm8a8mln2xzps93yyt,input,target_blocks,False,24.7,
bc1qtq0rn3crvn9vkc0mg8l93qrc7hhhvrd0306gud,input,target_blocks,False,24.1,
bc1q07eyfux7c8vp9xx4dcweazgdmd5emfrxfr5e57,input,target_blocks,False,22.8,
bc1qtnp3w5rtuh5rvs6a70w2we7zu6pegp33vvphrz,input,target_blocks,False,22.7,
bc1qlt94xdmus5n92tk67w4hng574qf7gmqp2ewgpv,input,target_blocks,False,23.3,
bc1pgjxmkcqazrhx94f4phmndkn52famzrkpmdwre0m649utc3dysp6sappkd4,input,target_blocks,False,22.6,
bc1pgv7gwqhrfkj8h3jz0ysylpa44w7mau2207skcrzgz67zhneh5tus97vyax,input,target_blocks,False,22.4,
bc1pg4p4txmm59scrca20um2nvykhcshllclh63rvlzxz4de3s9s8wasua70ns,input,target_blocks,False,22.3,
bc1pwvaxte3ruz5p8c4sv3emt2aln8w9z2k3eahdlm4shjz4gd0zf5uqvr52z0,input,target_blocks,False,23.5,
bc1qh2n4shl0k87pazhr8uennvjf4rfpmyyyrhf2m5,input,target_blocks,False,87.4,
bc1p6jj0v8p7dzs7ghrvecxwwll8w5nx08gz80pgnase3ax7wd67jelslxhlum,input,target_blocks,False,22.3,
bc1p0m3g8tt4xt8rrs8qvgfttqqw79tm4k7gamfxmypv5tfcmhhv82dqpj4s6c,input,target_blocks,False,22.0,
bc1qtcf6m8n94pzwkns9xh56j2dl3wd7mv0uldhc6d,input,target_blocks,False,23.4,
bc1qpqtv9raen4g07j2psxvxa863yz0a5lmd5avrqr,input,target_blocks,False,23.7,
bc1p5z4tw2yctpws3d0w5ve09c9vuy5jtwuqw6wxcvx452j6xstcgyeqjydnq5,input,target_blocks,False,22.0,
bc1q5ywfa8643krqen8ze953ts7pxpwcnjcw9t80m0,input,target_blocks,False,88.1,
bc1qg3uqe0qnlh489naydg6pwgtjlaep2sujpkq02e,input,target_blocks,False,22.9,
bc1q096n6tqmy6qyed5xhkkm7yanlutr28smvs4zvy,input,target_blocks,False,89.7,
bc1pa55hpwza30rs2zamfenfeg65mn96jva2xqkkxmpl25p7efjaxmeqv0ra6k,input,target_blocks,False,25.2,
bc1qgz4jj0xkvay985hx6fkl5rymyn30ta8tffp2xf,input,target_blocks,False,26.7,
bc1pr93l0l9qank8jzx332wyc26xp0epc3vemdds8s9jdvh747xjvausjv4uyk,input,target_blocks,False,91.4,
bc1q6cy2d4v03r766tmrdt2amns5accgpnrel7h3dk,input,target_blocks,False,23.3,
bc1q2q5tvc8hkjx20xu4y6cz5ksxwpz5v3pj54z5dl,input,target_blocks,False,22.8,
bc1qypc52hml8q2pzjxr7ns0qp3mkn2r905hesg9dd,input,target_blocks,False,21.3,
bc1qvcrwp605hxwraqyljq24sy9kvf28a96umu60zg,input,target_blocks,False,22.8,
bc1pdp998fypjzja5fyyqaj3etnj85qnq5h05zjn50kaydvxg89c6wxsmunama,input,target_blocks,False,24.6,
bc1qk973py7kkcy6lxpxkju63f6le7zfp2sacl9mr7,input,target_blocks,False,21.8,
bc1pnnjdy3fjlwkjkzy5vygnqq2047wks06ut2djgmj330kdqdztrzxspw4qjd,input,target_blocks,False,23.3,
bc1p6zr90l9rqedxz8s6prn6y8d8pc4rwdlhf8alpjkvfp0u4fuqxqusrnaymv,input,target_blocks,False,21.9,
bc1qevm9ee8yw0a8dngy53c3q2yxk29j6dyem7044u,input,target_blocks,False,88.9,
bc1pe5n4ce98mkhfeketwan4p5twjee76lwv886zau3720ly7fr8vv3qyvm2ua,input,target_blocks,False,23.0,
bc1qns9f7yfx3ry9lj6yz7c9er0vwa0ye2eklpzqfw,input,target_blocks,False,25.5,
163AS1S9G1eMfrZbG1irjaH5mtMyb73Z7j,input,target_blocks,False,87.8,
bc1qtmj7jjd72zhpe6mrfxc3uffupdj7ssjz96s967,input,target_blocks,False,23.0,
bc1qxydelj2waeskp25ztgxchgpl0j9lsjjw7xe72a,input,target_blocks,False,22.1,
bc1pmny7hurcetdgdek38tph8vng8wz4mk7l4j5mgchuap965ag8e7rqs5fp58,input,target_blocks,False,22.9,
bc1pn0ud8luflj62v6tuf4pyug2ceu7e83puuf3yume353lw3tktgdkqrsyw0y,input,target_blocks,False,23.3,
bc1qq2rzdm57t6uwxhgg20c8nkhvg99hsy655rugj7,input,target_blocks,False,23.6,
bc1qpzwymrhptmesm2uf25f9t4n4agscrw36rhtch9,input,target_blocks,False,22.7,
bc1pjkvd4xz0x28qp3h5ydhlrt55rthsgthr28jaaday0sg2dmdnrx6scap7l6,input,target_blocks,False,24.1,
bc1p60dz8s4qqshppw92yw9f424asle8kn7dccgjah3pjz97c02lj9aqdpznxk,input,target_blocks,False,22.9,
bc1q2drk6f358zgqsxwfwrp50wr2rtz8nthe4cz2yg,input,target_blocks,False,88.5,
bc1qq0lefc8wctjgwpccc5y94360aedfe90ywsrz2k,input,target_blocks,False,24.9,
bc1q5px8x3s320za3hp60nf9m830lkpvnv7fp6mzqg,input,target_blocks,False,22.0,
bc1qz2xutcrcdpcwtyrm6p9yxelvjtcvd275l97htq,input,target_blocks,False,89.5,
bc1q07nh0j79528jafjgas2k3xu92u7vckswklxg3v,input,target_blocks,False,24.1,
bc1pat8jfcyws7q9j509afl0tnsds4jpcxjerlgq0ggc5kk79r5uzasq3gepp6,input,target_blocks,False,30.9,
bc1q3y0zjfpcq9pd0f96v4s3gkwm2ldqts3smqr8ct,input,target_blocks,False,28.8,
1LWiCeo8jEhbQUNv7Dor3zF6nmzeqKAsfz,input,target_blocks,False,22.5,
1Gbh7BBVgP8aJhLwK93QBysJoUfWDrE9Nf,input,target_blocks,False,28.1,
bc1qr4l0avruk0w2judq6ksfj45wruvj93tnd7tpzc,input,target_blocks,False,29.8,
bc1qqcdpdurru3r6zeje3ejfvqsgfgesa5dpn59kgr,input,target_blocks,False,26.3,
bc1qygc88y8c80ymdy9mdk2kgdq8w0dmrs5y4dsdtl,input,target_blocks,False,88.3,
bc1p29xds4pgjh0yy7uggktq7w65jdz0r2q4azrsam6trv9mvyjh7w0qzgc2fw,input,target_blocks,False,24.8,
bc1qv2lenyc3t0mg6jzdgavr0sqqthrsjxapk0ul3j,input,target_blocks,False,24.2,
bc1pgh5w6tq2p9jncghec9aqzncltkfzpwvcjzq8he4489s7nf76qxtsfxkgch,input,target_blocks,False,24.2,
bc1pagkeacgzgphysj0ayefa3v2dm0kdkmc85x99vt02ep2qfp8sa6yq3kcgh3,input,target_blocks,False,23.6,
bc1qzcz543kxk7wxfn7wy2l5peqj4gmut9lmktwlrg,input,target_blocks,False,23.0,
bc1pflz796kse777c4hvgfy3fhe6qt345xvjgn05vekfvs5s2n6pvtms2p6d2t,input,target_blocks,False,25.4,
bc1p6hsu6e6trs340n2vyetun2gqvcdh5d4lfne3nzt8dzv9lhtnp0gql59828,input,target_blocks,False,23.2,
bc1pnnn63h5tqtps8aakvnd9wqs7tpkvvszv2d0msc2a6j9vy0zvygaqj83rwc,input,target_blocks,False,88.8,
bc1q8n260893z9szuec8sdglzvhgng2ngc77j2pyw3,input,target_blocks,False,23.4,
bc1qkw5ugeeudxx88zd84c2fs8zlezk89308rrgw96,input,target_blocks,False,21.6,
bc1q9ssm8ug39vhsc0apnxtvtvg9vdfxzv9504afl6,input,target_blocks,False,23.8,
bc1p6ydmwlp929g8auhs30rzstpss43ppz3epanpq7j50wl3x79sq4ksf296lz,input,target_blocks,False,22.4,
bc1qetlftv3402d0063sf8uzdwh43svlhjlzs8g6nf,input,target_blocks,False,23.4,
bc1qpkxrjuty3epjhht0j6dsnrl25n9lq7ahkpqylr,input,target_blocks,False,23.8,
bc1qkqu2nk090au8zj5jmk6tzhxe2th43s9xt0a7wqssjny7wey8g9rszhnk25,input,target_blocks,False,22.8,
365JGXHb4RLDCoXHDuxCKqVMdvsrMcuWQ1,input,target_blocks,False,21.5,
bc1q2adckg272rgw9wtcfkxt9s5j6n559tdq0ut6ju,input,target_blocks,False,22.1,
bc1p4jk47v8mt25uv5d7czxga5rk8zvvj3g8fqy9fyppf56p0c0vkakq0hszxl,input,target_blocks,False,23.9,
bc1qm34lsc65zpw79lxes69zkqmk6ee3ewf0j77s3h,input,target_blocks,False,22.8,
bc1pzndds52rgyt6y20gdczf2swkyvhuj9t3lwa9kkgf2c04t93gu4gqa99qj4,input,target_blocks,False,23.3,
bc1pv980mumu6e682fju6dnwg4j3gq8fwlj5ff478wj53q36wyzhczpskuemke,input,target_blocks,False,28.6,
bc1pnwxw9qxcpwsvmyepk07vvz3q7ffn63q905tqeypajkg2ctv92uqqa0c62y,input,target_blocks,False,87.6,
bc1pethxtvlnxcuph84k5q8aaf3rrm7gkpkvgurkcraum3ttmc6hg6jsrcynyt,input,target_blocks,False,24.1,
bc1pw4spjmypgj7c56xl2vq5af29r995hlgym8gg0jp3n3m27pv2dfhsda4x4h,input,target_blocks,False,22.3,
bc1peh5kqf0cu3lnnfmvvrjq22s3h9ajn89cdzkvelv3nnedgvt3mp7sc88xwk,input,target_blocks,False,22.3,
bc1pn4xfgcxxy26sjgummhsdk5ey4c6cnfqhfz5k25pwufj05r8rhn5qr8txup,input,target_blocks,False,94.1,
bc1pl928nc73mhapm4g7zhe5v9lgrlh3fq2kp77dpukx6n5g8h45rwgsmqt759,input,target_blocks,False,25.7,
bc1pu0evvfp65h2xzfd6nped5mnlcmp469ex37x269hhzsq99qfwxt6qxnj4ps,input,target_blocks,False,28.6,
bc1qzjfkdcmaee0rr4calv7qfv7upgaywm4hn7hgkc,input,target_blocks,False,23.7,
bc1p89qu7pjfamqq2rtwq02hf6gs7740u9u4gzffz7zjdgfhfrfsqhssueyyzp,input,target_blocks,False,21.9,
bc1p6668c85nvy79e2eqz32ma2djyn4h8avlkyhhl3603udzrhxjuvmqc02d4d,input,target_blocks,False,22.5,
bc1pu72d0jgxxgu2cvctzeuftq7sm9e8sel0hmhvype8qa2v5rvl7gwsgw0sah,input,target_blocks,False,22.8,
bc1q2my6j6zpyn5w0fl32lk9j3ju9y53s4ftn99slp,input,target_blocks,False,22.8,
bc1pzaw4yyt5v9daykau95tqjkgam969ch73zqsplj3aqqtjcdzlsnpsvv2quy,input,target_blocks,False,24.1,
bc1p5943phn3x5ng56cquh3qgry49ewfhsxxmu83efjfs4l0xjlcwjds5yqu7u,input,target_blocks,False,23.7,
bc1pqrzjhjhgkhmzgyfvd70kzpp7m7eey2ztcl7675tgq48th7mjmmgq8wf2j8,input,target_blocks,False,23.3,
bc1p7hk40k7mf73snzc707mat8825msm2pcs54rp0y3yaezkv4eczk8qpdyq82,input,target_blocks,False,22.5,
bc1q6c729057wg83lhgn000let8vjnw5j5tpqd5h8g,input,target_blocks,False,23.2,
bc1qempu3msrv589mptqdus44dy7yzusfjk6sk47zf,input,target_blocks,False,22.2,
bc1pac0xvmvtcz80r3cutjqyrw0l7zwxg93jfaj9466mhl5g2xnh8srqlnuchn,input,target_blocks,False,24.1,
bc1q4m6xj9lax588lwkds22uds6eddnp8n9qpfz998,input,target_blocks,False,25.5,
bc1qzh44red4vnhz9uqpppudksgd2mkks5yfugpmn7,input,target_blocks,False,24.0,
bc1q24m9eaqrsfhwv6uklddrs6xn8mhpc40klnslkv,input,target_blocks,False,22.6,
bc1qhwmc370vwvhpljn2l7h073va903pf6v0x9vheh,input,target_blocks,False,88.3,
bc1qtjda6lnf8yqm5kmwp6hreutn3gyqjzw9r0fj07,input,target_blocks,False,23.5,
bc1qaj7ls0yrw63aax8dflvx6sahlzuw02k32l6n9ljhz290hkcux3qs25elyv,input,target_blocks,False,22.5,
bc1pf9ayxcwnjrds7nw7vxdl3z474k59wwukyaj95hfa0mtaapcg4e6qwy4g6j,input,target_blocks,False,24.0,
bc1pd6r88tf3zg8ef6ftwjhc9l520nh6jnkqh5nxfwdmxeh45xz4txashen8s0,input,target_blocks,False,24.9,
bc1q7ffwtnt5d0t7hx2mj5v3a3gxzmn6vw9cqupx7p,input,target_blocks,False,25.9,
bc1q6luxczy96fvlydnyy4kkgekucf5k99mtcfkdc5,input,target_blocks,False,25.2,
bc1qyhvdkraadf0ktgjp5v8ayy8dtynn3x7qkysmvy,input,target_blocks,False,22.7,
1CYtFWZVJ9Ng5P1Kc4Z9m9k4hp2fPSuWNs,input,target_blocks,False,22.1,
bc1p29j5htz8xetmkt9rcr0k5v8wl9kkny8dcn2shljxw2hfn702ljwqyd758c,input,target_blocks,False,89.4,
bc1qm7t2caz9mp06jfw0zfzyn0qzu9mrqkpled4yjn,input,target_blocks,False,24.0,
bc1qu54n76upqkvx4e8s69a25f8am6pvw805ar2czj,input,target_blocks,False,23.3,
3H9WXKYPqq4xo3ahuQvEDcDJBgFJcxGLpJ,input,target_blocks,False,23.0,
bc1pqnfta3yu38h77tzkzt7r6wxj8yznue40hkfnwl4zks0pt45e7kpq9s0hzy,input,target_blocks,False,23.0,
bc1qxv9vek0xts9ktv0l06a6stsx404cps9n4dsew8,input,target_blocks,False,22.3,
bc1q7t4vyehjsexdme84qhdgd4dawcn54djh0m78fz,input,target_blocks,False,23.4,
bc1qnejvc3kdfezj7f64nxs9ksvpsqhlyrlghtr4cm,input,target_blocks,False,23.8,
bc1p0eq4x9uckfsmgnf4z84h38jjc26n5cfxckj2h5pxwwvqpwhphzeqmzdvyv,input,target_blocks,False,22.9,
bc1q7xlefysz4u5ug0kmxsxr44a33az3y5aeknukwa,input,target_blocks,False,23.0,
bc1q9t70d4jggt8sp0zx970a99vcghq90lz09zuwy3,input,target_blocks,False,21.6,
bc1q6qu04ggptvv6njaz24vwae7wk7ee35pmzvpg8e,input,target_blocks,False,23.6,
bc1p7cnssne0dhjaymjnl8kkz3mznvjkfs7599f7ppqas6g4vqzg5t8s7th94a,input,target_blocks,False,23.7,
bc1pt4r6tdy827navhsmu7wqn7a7u0ekuw079cym5kj0cxvm9ppzfllqtsrgwk,input,target_blocks,False,24.3,
1DsGNGFnZDGWWpUhDQp1R3qatRJPTSDJ4Y,input,target_blocks,False,23.1,
bc1qwe942ayt2mrap6qjn6v30p7g288zh5yclx65fk,input,target_blocks,False,88.6,
bc1qkvacl5p9vdea9shpwcqv345f4f4yltsqm5q87e,input,target_blocks,False,22.2,
bc1qfxqt7wj625p34xhvp5c3ua95sgfflza3wwgnlf,input,target_blocks,False,23.3,
bc1qwmh55m65zaz50yz94eqs05hz0k284rj2qvcru4,input,target_blocks,False,24.8,
bc1q0jay5m5h4ra9n63pzrhmz32jhcl7jx40nk82gj,input,target_blocks,False,25.7,
bc1qt29rggzgf7nccf5a7td8nxy4kynrveksrts665,input,target_blocks,False,22.2,
32NWs4HxmfjpPmsMUgwrdvk2vz214xCncb,input,target_blocks,False,25.4,
3QSRwENkTtpUgNiEmTMniW38UU3RShQAZ2,input,target_blocks,False,88.2,
3PEBrTgxutC6UWzc8719Usrq8TNdehdvCd,input,target_blocks,False,88.5,
3H1DakRyN9dRLm1ZswA6UhhUXKsBn7Kki7,input,target_blocks,False,23.8,
3EiGYTTM4RJTr6sMMvfuqFqbvKiibgkq55,input,target_blocks,False,23.2,
3GDwLzsawhAzTgzYcnaY7TfZd6Lgq9Zx3g,input,target_blocks,False,21.9,
3NHDmXZJperW77RmwGdfEqkkg6NCoEgihw,input,target_blocks,False,22.1,
3JzuXafQ2PANWs3bVBMxgr9W5CNjghqY7N,input,target_blocks,False,89.3,
35AjQDNx45rtB2YoWkBAt45wkxeVGAtpjL,input,target_blocks,False,25.0,
3MdDaCq7to3SKbFnVyyK8YSAjvtYU4xU47,input,target_blocks,False,28.4,
bc1q25eg9ru7mcr4ywvjv3nr5uaafzj9vqnmwu59elpnsng3z9dujjss90l0ac,input,target_blocks,False,22.6,
bc1qwz20f9pnpxv05ap5zvktfddyc6f6s7ckujdfgk,input,target_blocks,False,22.1,
324H9uyTV9bPgAVgmdJNxPKKKZmowk5CYq,input,target_blocks,False,22.1,
bc1pcus36kyc5dgyegunsq6mj273vnpgg0jux649r07qu7djgj4etwsq4ayjfv,input,target_blocks,False,26.6,
bc1pns5hchapat86kpvdlgj02nendex9fv2zquu8rvjslln7cqcykhxsqstk62,input,target_blocks,False,23.8,
bc1qdna74ugdxpmtz9qehj6jhd2lftl4n97nc5u9n4,input,target_blocks,False,23.3,
bc1p50n9qsr0l5ldss970lvpt9g3gg6ku7jag9pk66c4xwnyjnf0d3dq60xd3n,input,target_blocks,False,91.4,
bc1qy3c56adz09n0rnjl27v2dq9f0u04dggqg2dppu,input,target_blocks,False,24.8,
bc1qw88ex2eada76u96wk9t6tm7nfuqlaft3eharh4,input,target_blocks,False,23.9,
bc1pfkmqr0hzahlk2yt0r0ceh927w24dcqutef9ssh9k9qcytrdgvcpqvel9rf,input,target_blocks,False,24.1,
bc1qppc03hlefnlpfhz54djr0ceuzn29hdlyccxur6,input,target_blocks,False,23.2,
bc1p2dgv4wlrzzxe03qm3c07dse7v2gga4per40dauxcln4hs4pdguuse4kjrs,input,target_blocks,False,93.4,
bc1qtj0fva5dtsp56j36wvf24m6al4yp3fk29a65t5,input,target_blocks,False,24.5,
bc1pkymlqvz94cj8425z80lr2k9ydn99h3n7k6s045ff0wd47yv368jskxrv3j,input,target_blocks,False,22.7,
bc1pcnezf9nnztwp9lpz30jdhjtj8magsqym3v2speqgeucdhwkyln0sgwft7m,input,target_blocks,False,26.2,
bc1q0jrxz4jh59t5qsu7l0y59kpfdmgjcq60wlee3h,input,target_blocks,False,90.9,
bc1qn376rappafcemfzrn43e44uraj5vwlj5yf0cgf,input,target_blocks,False,26.9,
bc1qdhkfymvu9t2rd2utgfl58gnhd7qfc9ss9ayahg,input,target_blocks,False,26.3,
bc1qa6mzca0q2jpuhzgmtkthssunkfpsqm6z000eg5,input,target_blocks,False,22.6,
bc1qfrtl5q63a2nj64u77mkfedp7czhe54cmz9gzqt,input,target_blocks,False,24.1,
bc1pewf7ezk863k568jlwrp0yp9re4avufu3s4zk6txunwydyf7eg09s7sp58v,input,target_blocks,False,90.1,
bc1pkgkmrzlg2nsu0dp2xztjv64qs8qy6paar3l0z9hcexetm3eqzamqd45gfc,input,target_blocks,False,28.6,
3QQ2j4Wce3cCWbkabGbzwbvSMJMX7j9mzw,input,target_blocks,False,26.7,
bc1qafrffdnlcq7gsex9ztwnms64vlcre99qpfryye,input,target_blocks,False,23.2,
bc1pg8cm6td4ll586l96xrxtd5z7t9s3hcl3dctlsvw8kk47ujugyuxszdxd3q,input,target_blocks,False,23.0,
bc1q7y2x09l8v49zw9n0ex0l2cjlk9jc3eeejqct2z,input,target_blocks,False,23.7,
bc1q8lzmcg2ff9gnwfyg4vg22w0v4xmzlw899cfumj,input,target_blocks,False,22.9,
12fopGBv3FEtjvTnbFWwMkSkvswugZEqke,input,target_blocks,False,25.9,
bc1pzqw223su22w5facu6270ek2e4m0tat4axyxnga2pqv5ch7x493cswepq9y,input,target_blocks,False,23.3,
bc1q0le4tqe2s8q2sgtuuapcq7trnxch6pqumtxllt,input,target_blocks,False,22.8,
1E1axisuZgdSNrbywG5A2QJJ2BcsLksbvX,input,target_blocks,False,22.0,
1PkcNQhTorUWsNSqAT83nogkrcjhSfu7t1,input,target_blocks,False,25.3,
149PCrEQFEbnna59FymEDLVdcNgzdrbwEs,input,target_blocks,False,23.1,
1B2D6VAzqaMExWZdMDrhLyJMNC33nP2MMQ,input,target_blocks,False,23.1,
bc1q6r0uz0vyjvg3nhgeqdf5jwwpv63rrjr0kfswn2,input,target_blocks,False,22.6,
bc1qm55q0mr5n9e83fnqm7t99nswjks7gz3nth80xdt9cm60m9rnk38sxs40aj,input,target_blocks,False,22.9,
bc1p4jeg63ppuxlnue9ycxtw6p9wta5nq6n7xzf0tehyj93k4q3nk6ds3p85sq,input,target_blocks,False,22.4,
31juRBNU7BoWPLSvmMfGF9VDKHVnJS751C,input,target_blocks,False,90.5,
bc1q349lapc278h7fvwl6rq656ald4tu7kc2r57ykp,input,target_blocks,False,23.7,
bc1q8fayd52c6r6zhku3rc2n7mgje5q47l5njnutv7,input,target_blocks,False,21.9,
bc1qyeq49vjtq9eza5fpv7rhgajfkz06p3c97lz62y,input,target_blocks,False,21.7,
1757LfxbAKPjwsTe9DyUJKgdRysVbkxrZ5,input,target_blocks,False,24.9,
16eN1b29tfhTxRH9K82ktz8HRkaP2Muj7b,input,target_blocks,False,24.0,
bc1qwtsj2jyxf3mqavz5se3cu0l2aul8cwvupujhq4,input,target_blocks,False,28.8,
bc1q8q2dgzxammtdtkn7nm3uax69eguse9yrmmcgpc,input,target_blocks,False,25.4,
bc1qfqplsmnhr6937pvjpgaxd0eemyk2r452j7hz8n,input,target_blocks,False,23.6,
39eB1EBNB5E5BNMpP6bvqjehwrd7gBBea6,input,target_blocks,False,23.6,
bc1p4xgkj003c9hesj8phx2asc3lr93wr65d05xl5rwjvj9nyatjpupqagp43l,input,target_blocks,False,87.7,
bc1petxap2jtg0xarwa0rp4h6vmqrutm7lnewy7sluu069y2jjg473kqdjutw0,input,target_blocks,False,25.2,
14z9JjzEGxskMRaC5MVZWvwiGFAnoCyYSV,input,target_blocks,False,88.6,
1BHqducUX1Qbz5wP5g6KggyFwZyuKtLrCx,input,target_blocks,False,23.1,
1EuXEo5Fwp3k5ZLewzYwGufj5SmaF6h9Qn,input,target_blocks,False,23.0,
1DewuPL2fC8ZeNUQioQ1DQVEuEbJDY1DFM,input,target_blocks,False,22.7,
bc1pujpq5fqhf8dcqmkmhw700286q58we7tvrlyllnay77lt6qj40w9qxynfdp,input,target_blocks,False,22.2,
bc1p552zc6lk2fnxnnl4galq2n9ux4u4k3gcgyn0925ddvy4xkqhxs9sf38q3k,input,target_blocks,False,88.6,
19okgAts3R4sYpbU2sYrVSJBAQxi3f7iD9,input,target_blocks,False,24.5,
bc1pmz6w5lwwutwehwh5966ep4jvlzuqek042jtlqlhvzykv2m3dcu8q9wvgw7,input,target_blocks,False,91.8,
bc1qea8eat9e2v4s2hpt7d0ckefk5n9uf37zem9cck,input,target_blocks,False,94.3,
bc1q6qgr4lh2u9gqx4d0faqp8dc8dluzs7v43nqdgx,input,target_blocks,False,26.9,
bc1qfd6n6mm57exh7fcxxnm740j6mwss807f5crqv8,input,target_blocks,False,23.8,
13JWs3UMy4V6cHP9z3UzVGYnBnUd1zCk69,input,target_blocks,False,22.4,
bc1pr5gw0p0l67l62ag2kvg0ty94djf9n5zvfkwke43fy5snhs28lt3svh4u67,input,target_blocks,False,23.5,
bc1q8fskkdtnkx9x0xdfsrvc9rfp0qeslny3rd6l9m,input,target_blocks,False,24.4,
bc1qcf6zevafdvwakjh2j7hs5p2gtt6qk65u5qlded,input,target_blocks,False,22.9,
bc1pzj45vg04utkxc4n782py3sn6c49ef45dc7lk88x0kjhyvrejzzrqumk300,input,target_blocks,False,23.4,
bc1qppasvem3n7d8kajm6g9s2t7rw548wcnlju7fsa,input,target_blocks,False,23.1,
bc1q9qlqrnf3gjudqfk0ps5msrpwlt72wyjhyhwnfm,input,target_blocks,False,89.5,
bc1q7gvtgj8geuep72rppf53jd0hdunzp2xv2m30he,input,target_blocks,False,24.6,
bc1q8rz8ljaw04fq5uwcsayhwjpxzwl7e04zg4ddvl,input,target_blocks,False,28.5,
bc1qmm7vps5jm3n72fvs3pkzhk5jyfnh8v7f5lwlad,input,target_blocks,False,25.5,
bc1qrkpz8nmlmf84l2660pswlug739e69galda80tt,input,target_blocks,False,91.3,
bc1qt8jhnxztuc0rf5k4msywutj4z0sxjuycc9ptq8,input,target_blocks,False,25.9,
3KjUnyo6y9E3bX8BVccdJrxkSk64pnte3S,input,target_blocks,False,23.8,
bc1qwelntg7tpxwgmh7gea0kycclx87mksnvhaadgf,input,target_blocks,False,24.9,
bc1qsacv4e2rjy8lrem7cd9pffqqhwd7a4gchkt4ar,input,target_blocks,False,23.6,
1D5FpW6xziNK63p2SEj3Gn7U244srfHgnN,input,target_blocks,False,25.8,
bc1qys4quzs6eegjg5a3j6v7myyakh5l7xa0tfp05w,input,target_blocks,False,22.5,
bc1q3vs03q9d52xet5zq4hswle7ewc7wq6akfn6gna,input,target_blocks,False,23.7,
bc1q9fg7ka94ymx0p7kjj8e5e80fjad266s4cmtav4,input,target_blocks,False,22.8,
bc1q9qtrug2dj3z9xva64qenazqffv84qgm5ht9l3e,input,target_blocks,False,88.5,
bc1qxzsjskdamrjfqh8c7nhczzxq0pvagpvpr3xv2v,input,target_blocks,False,21.5,
bc1qh3r8sfqcr3ks6gy6c4hz5wppwxakseeqqcsfh4,input,target_blocks,False,24.5,
bc1qnp0z47ygcx6e700tetq6qj8wa0ydag0m4e9m96,input,target_blocks,False,24.6,
bc1qs5kya0x26ewlpt7e5vjaxkapn6ne3wcyuuu4ca,input,target_blocks,False,23.6,
bc1qhf3gu4g4xvl0mahhhsma8q0e8pn0xk9dg5v35l,input,target_blocks,False,27.0,
bc1qc86e5rpn2f2m6d76tzeq7hmz53cx08hqw8uhl7,input,target_blocks,False,22.1,
bc1pl0qrcwqydg9wuflgkp0cw2skfhhx6y58vkled7z7r77c5708cryst3l9ne,output,target_blocks,False,22.9,
bc1q928j05va9k4ntqm06y7ttywgphcrjlgm37tnzp,output,target_blocks,False,23.1,
bc1pau9gawr00l63evchp2xzly5edwzpee738qpvjchxjuflmtn04k5smquxhd,output,target_blocks,False,26.1,
bc1qlvylp89jvgse2ppezhktw88dmcqvhu62lhg5pj,output,target_blocks,False,24.5,
bc1q8e72ymu4rw7mjpjrj9z5nk4csmmqkudceluezy,output,target_blocks,False,23.8,
bc1qg5esdtvq43w2hjq2xsg8dfm2dp4sw70age3uzh,output,target_blocks,False,22.1,
bc1qrglhftmtgh2rxmhx5pu3w6t4pf84eaz2898tv8,output,target_blocks,False,87.4,
bc1q6lrkkyf6hjccpjfwlj8kl5zd72r8m2w7vhswkp,output,target_blocks,False,22.3,
bc1p267ke3la24afwm2u6mffeauyuy2h0w0epw8x3yq6elnvvqxyydhsxxyve0,output,target_blocks,False,22.7,
bc1pv8ey4dzk697cx5hf9ylmnz8cy2f4hwypygvct0lg9zqyknvk3usqv49apf,output,target_blocks,False,23.1,
bc1qzadr87eq0vg06csfrtf2r0mfx3m9pk7kw0nfqf,output,target_blocks,False,26.7,
bc1qtc9v5dxqn5p0lc4rfjl2axl3yfhln93w5yta9e,output,target_blocks,False,89.7,
bc1p7sc3cennj8kqlj9tguhh38c7ntqrsy9dtn5nuk59yfl60jk96wvq7etxz5,output,target_blocks,False,21.1,
bc1qn8073x3jvcpwnjg2ng7nugvatlcj4j9vztta6e,output,target_blocks,False,23.6,
bc1qymsanvyfgnuv40zlh5qz6ce3k237pnmysgnw29,output,target_blocks,False,22.8,
1Jnac4F6LMWH1Gf2TScgvTo78vFK3mKab3,output,target_blocks,False,22.6,
bc1q54tpzuasgdtt207wt08wx9azja39qm5d2qrpd5,output,target_blocks,False,21.1,
bc1qwjgn0ejrrr2qzm7wjda7hv5lxavqs9vdx47tck,output,target_blocks,False,23.0,
3EP58HMmzQx5t95UZCLLxuLSd1u98FabZ5,output,target_blocks,False,22.2,
bc1qwlutln38us9m6gn7agsupu47ajujrnwjs6r0rq,output,target_blocks,False,22.0,
bc1qem0nnfz4xrm0l2wpxcku8zc3eg3h3h66mvy4n3,output,target_blocks,False,23.1,
13Mh88adNa2R62m7iaLqDustx8tBTp5vkm,output,target_blocks,False,21.4,
bc1q7ty233y4svs8am2dz080kuv2n50spgqxku4l55,output,target_blocks,False,23.2,
bc1qvsytlzdcqwxxrrz26msr6rfneajcrjtcw6k4xx,output,target_blocks,False,22.6,
bc1q7w0jpwwjyq48qhyecnuwazfqv56880q67pmtfc,output,target_blocks,False,90.3,
bc1qws8yeyfxzykuq7tevwwxezyv3ad99emlyy9uls,output,target_blocks,False,23.8,
bc1qefjysm4qgns6key5e9k2hc7dyu70jg4c6xu9l5,output,target_blocks,False,23.2,
bc1qn3uuycjlam8hjxqtdufhe0hs8x54e26493heuf,output,target_blocks,False,23.8,
bc1qwskwzv7t96u7g85vjgkw045f6pau0c2m3haaev,output,target_blocks,False,29.1,
321YnbRqWT9eJwiyN9NnCEu493Ee4Cfomh,output,target_blocks,False,22.6,
36JGNXcnxeiGAbdcDveHR5pzYcWhrgWTV5,output,target_blocks,False,23.8,
bc1qu8rgqaae3hqn4emx87kxvg8305v8c4sywx4mtl,output,target_blocks,False,23.6,
19rruVbFeLsxfUcydAK5zjVt2zwCQMjiGk,output,target_blocks,False,25.5,
3NZpXgiBpZuTk7e4AutRKBrwA3QoTYPVvM,output,target_blocks,False,23.8,
bc1p5xjgydknrxkfeycgy45zngkkytlf3smp3l5rh3g09se8ne5h6wwsv2llms,output,target_blocks,False,23.2,
bc1qh75t703pae3vtudru06zfnq0e8xnc393kw8se70xuzclhthggqvs5mdelh,output,target_blocks,False,23.2,
bc1qhwdela6q8kyg2l664663jdw92hgkejcxh8raxzdvl8pmtcwwk4vq4swknz,output,target_blocks,False,23.8,
3GR4s7Dwwwk2vGjjYF2G5LzhLNBtDPHkho,output,target_blocks,False,23.0,
bc1qjwf7qhyyq7dg3vn3fvznadd9ml5vfvemc7g83v,output,target_blocks,False,22.6,
37r6R28KTTSTnpjdQ3rhYGowGJmNQCpbks,output,target_blocks,False,25.9,
bc1qx22d7zpm8p9jm9ztrvxulkh0mcslc7ze6ejtnv,output,target_blocks,False,23.9,
bc1q8aegejvqkvfm3m2znua0a7hps9wnqe23x5uyhe,output,target_blocks,False,24.5,
bc1puazwzdprzaeqmlzjk395y0y7kw67pk9sz9nd9zl03gpn2dq4fm7s5krtmw,output,target_blocks,False,24.4,
bc1qwnhu6ng7nv6ahqeeavug0gpdh8g78rxrfjxmxj,output,target_blocks,False,22.3,
bc1pls6clzwtguzwc4lqw3rjfagd9nh93z78nrm3fcehnhrlkstwmt2s46ge9c,output,target_blocks,False,22.9,
bc1qzn647yzy32ruvuqm0jx7gtxvq8trnkjhlfkfwn,output,target_blocks,False,22.8,
1C4uwt78GqZnUyEDSV28oTv5jCx3pcMANa,output,target_blocks,False,22.1,
3CgreJ5A7aYVPDNQd8gFFeUQP2ia81BQhU,output,target_blocks,False,25.4,
bc1pud2j5tpy5s3c5u6y7e2lqn8tp5208q0mmxjtjqncmzp9wyj5gssswnz8nk,output,target_blocks,False,89.5,
3KoMR4smaT5Jfc1TvU2WdaQPTE7jL4sL9B,output,target_blocks,False,23.1,
bc1pne0r7k64n84skgp4jwh778sflv44ajys78ex65h0r89fc07vxnpq8sasxw,output,target_blocks,False,22.9,
34QfC15hJdcpvi4y6pLCx7ydaniPBumWiY,output,target_blocks,False,23.8,
bc1qjmnxee0uznf23fgu5t48xdfacg8a5d8y4f7urt,output,target_blocks,False,23.4,
34XC8GbijKCCvppNvhw4Ra8QZdWsg8tC11,output,target_blocks,False,22.9,
bc1ptnletvdge0dv54lefr86stfamqyl8zqrnkwnap969snmgw5j3ggsjugl0c,output,target_blocks,False,24.1,
bc1qd4qzlse5krgfejrvcskh6632k8lrkr4s4mtgtt,output,target_blocks,False,23.6,
bc1plm6ywue7rc82ltd65rr6vhqsaqhdfrsgvdsr0waqhqyhtwzks8ws8ptl0x,output,target_blocks,False,22.5,
bc1qy8dndzhv2wnnxd6yy3rplzhjlrzee7tx6pyxqe,output,target_blocks,False,88.9,
bc1qa0gtdmuh7wg5vntul2k7xtdaxhz7plrsqmc9ay,output,target_blocks,False,25.6,
3PmietVeyYufzPbXrGkXMVG53zF1Zz8WRy,output,target_blocks,False,23.3,
bc1qeygszu5wtfdlhju99ekxx5njmewuf76g3yvl2g,output,target_blocks,False,23.2,
bc1qagsjfrc8l3u9pynk24pgzpvq7mpj5c0qd7khdt,output,target_blocks,False,88.1,
bc1q7lxtyx7qnc4vvx0fkt56dh9yg6a78gscaqqk09,output,target_blocks,False,24.3,
bc1qauljdkmxcr5qdn8nhzxvjl9gsuzj8rt3yg2ax7,output,target_blocks,False,26.0,
bc1q55kr3xf7c3rlgvxglz245sm2w2wjewqd3l2k8e,output,target_blocks,False,24.6,
bc1qthn74hhqpear6jkzqzals893usq70glvdxnlaq,output,target_blocks,False,22.7,
bc1qc8030j0ellhgjzzr3dpq728cwwknevfrc38ct3,output,target_blocks,False,27.8,
bc1q75wqwufmpsw9upggnt6wg22dl5t46dc8qm0efj,output,target_blocks,False,22.5,
bc1q6r5te5et6d6qtf34dw4nvkzzaa3zrrxw6yz52k,output,target_blocks,False,89.4,
bc1ql0hn3l64vzm5qsjvml289049fcf5zg9ltpvk40,output,target_blocks,False,25.6,
bc1qzw09ext8fd3vnw046c5ud9qs04j6sqmt2lakyj,output,target_blocks,False,89.9,
bc1q9wun7y0yry9m7eglxd4cz4nxxaa3vxdkk4xtdy,output,target_blocks,False,22.8,
34HzhQSVyLcbw7ufv1dwiB3BfyQZKRJ6qF,output,target_blocks,False,87.1,
bc1qrxnm3tvve6vrvj9yf4k9wuktljdpy46tw5dzk7,output,target_blocks,False,22.4,
bc1qtsm82r3h340twqmx83ae88f066vrp6e8sq5pc7,output,target_blocks,False,21.7,
bc1q4qpte37md07wzkqjs94p4rz37ek9dnwhy5a5v3,output,target_blocks,False,92.7,
bc1q92m0rym24dn9x4at87yhq044zgzcc89hu7zzx2,output,target_blocks,False,23.3,
bc1qlr0md9z0q8j7mf887khn95p6j92j0dfq2wqrt7,output,target_blocks,False,88.8,
bc1q9fyl65pldfqyt7mv3pfn3crtm4d6mtsk3lr6qr,output,target_blocks,False,86.8,
bc1qkntrrhex96axzmvh6fstzxlaeca89kcclfkc6g,output,target_blocks,False,22.8,
bc1q7ghchq9c5mgt75g5dvpqasjkzun7hz7z0frv77,output,target_blocks,False,23.6,
3G8znUo65Etu85Un6mX3ZxM6QbKEerzjP9,output,target_blocks,False,22.7,
bc1qkxe577k0s8tllgp73azdm5ul83yhsll42qv9mr,output,target_blocks,False,87.0,
bc1qrjej2z6u9qjfcz24xju8wn8j8m70y0lwzth525,output,target_blocks,False,22.1,
bc1q0l86n9x0qgkt5dcdenrhdg56tkj8psxf0w7yv5,output,target_blocks,False,22.9,
bc1qplfwpkcj063krlkkj3u553zjgfpvu875aljlrv,output,target_blocks,False,23.0,
bc1q2sdfgd9c8sl38gz7njlsd7k7xrumu8qpascgx4,output,target_blocks,False,23.0,
bc1qdepkuk8p7qgh73arycv0vhj9wp4r7p9nuu72st,output,target_blocks,False,21.4,
32c3WWTR6CMFmA3puEApmtCoLMBRcKZFrX,output,target_blocks,False,22.8,
bc1quaxqgph5nsmjp2n9ddscltt92hedv597drn3frhct7f7xpp4dzrs985qrq,output,target_blocks,False,22.5,
bc1qqfer7hyzt03j3gsyaz3eedjqtv0h0xfqhfd6l6,output,target_blocks,False,21.4,
bc1qwl2z9pyarl4mtw74568u45eajr0rwgcrgljr6y,output,target_blocks,False,23.7,
bc1qv5c099mrqcfhjnw7c4md8txtq5hjjrzm8ql3n9,output,target_blocks,False,22.9,
bc1q4tzyrsvzgd3fkpac53s92ka5y4q3fplcax3836xhmtru2ks5hd0qknt6ne,output,target_blocks,False,24.6,
bc1q2dj36gqw5hj5m6lltlrhp5w4ncct4rftphwuuf,output,target_blocks,False,93.0,
bc1q2dgg5vlj64j56hdfxt32d3axtr02t4t3pntrjs,output,target_blocks,False,22.8,
bc1qg976am5uhgefy56k0spjgu2xmctlmppad58yv3,output,target_blocks,False,24.4,
17a1riqwL1VxpZPCEaGKTFZQ7PfsKGSUa7,output,target_blocks,False,22.2,
1L76XovUK64m3yato8qHQhNHr8Q5WkAJgp,output,target_blocks,False,21.3,
bc1q63k4ktzg2qage8w904s8m4dgggvq47wl7csrxm,output,target_blocks,False,90.3,
bc1qtvc95v9pyf9a6aufqx5jp7s5vnqhzfk27xvs0u,output,target_blocks,False,23.4,
bc1q2phl86xmsl5yel3nuv8jqgp208tx7fg06z8tw0,output,target_blocks,False,25.8,
bc1q53qmdmegyg50l3kucx2yfdrgxzp8hfaym9pcxg,output,target_blocks,False,24.3,
bc1qu52hntsmfgy5sawlzsa6utynzm2jswlnrtx6f5,output,target_blocks,False,89.1,
bc1p0nqccyfuz5ejljee0ufukraveqnweu722lumm375hh5vkz0w3tfqfy7hw8,output,target_blocks,False,27.9,
bc1qj2wu7dd8egns93hak9wdy3a7ql27s6qgzlkw3w,output,target_blocks,False,25.2,
bc1qh0zhfhvynjujvguzdlhjlhxej7x3crpsgpq94e,output,target_blocks,False,23.3,
bc1pxwm3g38s86nuzxscqwf6gfsteryura84x0twgqysh8pd9sfyf63sx87mx4,output,target_blocks,False,87.7,
bc1qqcd3hsh4kkr8sdsy6adxuzy0sgh9ywx530cu2e,output,target_blocks,False,24.2,
bc1qrt7rkpswpgmcag7txzf6ps9mvepwgndshqdx6d,output,target_blocks,False,23.1,
bc1qtfctg0xgdvtw0tk77q6yh650vzl2ada7pu5k0s,output,target_blocks,False,21.4,
bc1qeaarywdxedezqstssz7j7el520f9fgych0m00w,output,target_blocks,False,22.9,
1NTnprAfvCqk51WTiNedATet6TKbZQsEhA,output,target_blocks,False,21.9,
bc1q0m4clfdlswax2c5f2kpycg6lgnm6670vlgagx2k0hy9ywfu94lwq67zlks,output,target_blocks,False,25.2,
bc1qmzshahg57aczhw4uu3aduuj3f4lsydy09x3nnu,output,target_blocks,False,23.0,
13sJTdupswKFcQnbfwQKZWnroWkMq3ztGd,output,target_blocks,False,21.9,
bc1q0hadjd5yew7axl0c4edcm9hmlzxmhnpppaz2tk,output,target_blocks,False,22.1,
1PdDwXkRiHVjNtwJHMUY2Q1btnV3PahiNa,output,target_blocks,False,23.4,
bc1qeaxu2dznttxxzr3a78r7wz7wa5cdl5j2td4ge6,output,target_blocks,False,23.3,
bc1qehwtfpegn2tlmv3w52k9lsfkxaftfdacdm2vyg,output,target_blocks,False,23.8,
bc1qh2alv0zhd2k4qkgp4vclejq3unnzwq0rm0h33d,output,target_blocks,False,26.9,
bc1qt4s2fxyhrk8yawqkgq8n7dxqa8lx25au8cz4zx,output,target_blocks,False,24.5,
bc1qv4r4zwvf5ckdx3llaykl0vez4fdaj4jh5yfjsw,output,target_blocks,False,25.7,
bc1qdqg3rh2r9kpunvxx0vng9e0hmxl6flgz85t2rww98ktpg6775enqquaxdz,output,target_blocks,False,23.5,
bc1puccfvyqdc5rm096v6s7dq3axakxvesjehfgljjhxfx3svvg6u5aq34hgel,output,target_blocks,False,88.3,
bc1qcmfpm2rr9yt43ppwj96cl79j2efw08493rgt0n,output,target_blocks,False,29.8,
bc1ql2u5gy2vqxf7l8r05pjsnhes4q87w6nf3eck9d,output,target_blocks,False,25.6,
bc1qu40esxzcf7vs026f3a2hwhrtvw2jk7k5rwnsmr,output,target_blocks,False,26.5,
bc1p8hvtp4x2zvj55txsmyu8u4yagul8ya7lvg2wf9q3r0vhv0ngzfdqgks78g,output,target_blocks,False,27.7,
16w44ZgVgvJ86UAgQ36PCLXf4nE8ujoNU8,output,target_blocks,False,25.2,
bc1qd97s09vc7nsj7tqldv5crnvlu0n5xj2rnalwgh,output,target_blocks,False,89.1,
bc1q5lrspw92yxqrlky2q326eweyuu4r99950krdqv,output,target_blocks,False,90.1,
bc1phwzlxhnaa86u5r4lydpta4l4hu3hs63094692hfacmsyhjsxmmuquahnej,output,target_blocks,False,23.9,
bc1pu4j4l7rlprdamwcaedz9cs0kr9mnpdcquljyuegpf8dxvlrsqt3q77nc5y,output,target_blocks,False,25.4,
1Q9kFq1jQzpdPtMAp98kStXk9rf1rbkumd,output,target_blocks,False,22.1,
bc1q6fq4lgx3tvkj84qph5085ryketrnrvhufrgzfs,output,target_blocks,False,25.8,
bc1p990c6rlx0tnshuhy8gz7gsn7emll9kzlg3neelq9rl6fywx45d2s2gw2es,output,target_blocks,False,23.2,
bc1qzdxmy8gprylrcm758y99ug2mznyvz5jhnqyv9u,output,target_blocks,False,24.0,
bc1q2g6nxqvv2s09plap4x4j6pgnc2y42lmjy8fpxf,output,target_blocks,False,24.4,
bc1qhywup7z5gpd2dqsr7xjncvmwxgq3k5eem2996x,output,target_blocks,False,22.1,
bc1qws234rj3wxs26kz3wxlqg7ntdwj2y6wntun52v,output,target_blocks,False,22.4,
bc1qe8wj398z5hsz9khhqc3dsyl8w9xqn9k38vl2aq,output,target_blocks,False,24.4,
34xV2UbXPGDn67yQwciLvFJ3iAP1t2s1i6,output,target_blocks,False,22.4,
bc1qvvyng7pky3m6kdplmxksahdslhmj8pacjlqn38,output,target_blocks,False,24.7,
bc1pzxv5a0ag78l5d7d9guxuzkcdkqq9ctgxzvktvzgqs2myju4lq93s83lyzd,output,target_blocks,False,23.0,
bc1puggmwux6ul3g8t3f0xg5trdpe82ap2llavnezr8vhyqtc5a377jsrjv4xg,output,target_blocks,False,23.7,
bc1qtvcjxwmkmpc2ulwru6588asjasfvp9d7wpr4r0smmqunzy82wktswg2seh,output,target_blocks,False,26.8,
34uDjanavYQUr83wjE79dn6E9yQjqfzwbd,output,target_blocks,False,23.6,
bc1pmpk73xhc8y6kygvcm96spfmyzhc38ja8trad8xsg2608p52yyxvq25m5zw,output,target_blocks,False,88.8,
bc1q7jl7zdv3r092nm0lacdj553fzcsgt3kxv0ur3r,output,target_blocks,False,23.6,
bc1q5gjarf255fqpftyhwp8tza7kyedpnmrcdz2d58xzh8gkjr6myjkqg6pfrk,output,target_blocks,False,24.4,
bc1qtw689eafefkpmpchdgf37zexveppvldyv3qyrc,output,target_blocks,False,23.8,
bc1qkhy9p96pn7xym4ylzdkcdvvr5p855ah8wtzmgg,output,target_blocks,False,24.8,
13nRj1WZm5wVHSKLfCPemhG7535qgSKrWc,output,target_blocks,False,25.7,
bc1q94h5l03d6aftsfaggsv3vrjc5z0dlarye2wn6k,output,target_blocks,False,91.7,
1KUaUYJsfaD9b1sKAVNbJUNthrKvDetS11,output,target_blocks,False,25.0,
bc1qcvdwey832ytzswrz2n43wvg90r49nngdm6wrws,output,target_blocks,False,23.5,
bc1q2letyxsxcy2mlrh8kxgfsv5j0fd6yfm03l82zg,output,target_blocks,False,24.6,
bc1prr43qh40zwwxmlskupy9ezakese7cy8x2u28ev6ask7azyc6vfyq37p0z3,output,target_blocks,False,21.9,
bc1qd34snludhtjv4h69qmfzz7ryrmdvvvjtt9645k,output,target_blocks,False,23.5,
bc1qxfwajglvufu5ejg8u3ktsdvyrfsf4a5aggw2j3,output,target_blocks,False,22.0,
bc1qqu29vgj63k44l8p0trfclsljrsr6vadmsv5eqx,output,target_blocks,False,24.0,
bc1qj3yhcgtm8cyxz3ey03mer5skp07s859xtcnyuhpdhsfl2v5as2xs4t06gk,output,target_blocks,False,23.2,
bc1qhj3v89q7j0e09hm98cjv8vxck5caydqys453ux,output,target_blocks,False,23.1,
1PspaAuCwybe6g6NL2YzRb2ju5sbAhJxwk,output,target_blocks,False,24.5,
bc1vq2qupppae0k7qrul6uqkgqqqjn2r0tg9xumek0,output,target_blocks,False,23.9,
37MFSfzWhwB8DRdi5TvvzJLvigUesFRjNg,output,target_blocks,False,26.1,
38qKnwkNLKreKiNsQhndR7k17GJPgNw8oq,output,target_blocks,False,23.8,
bc1pn0x24zsdyanu82husuk5nh3hz3acyf5rgr0703cexqythutvdkuqn9606l,output,target_blocks,False,23.9,
3HdoPXwrxiKpHFtujnbeNhZ6pm7P2X7g61,output,target_blocks,False,89.3,
bc1pdstnj6rhmg5z75k9jwlugxt203s4atcj6fhgtlaq2lve2772ufwq3rgsea,output,target_blocks,False,23.2,
bc1qng4mh3eqsdctphtzffcq979gan5x992zfufp7c,output,target_blocks,False,88.2,
3DzJDJhSHhkEjMiuewLLU2B2XsSmfGfQ3A,output,target_blocks,False,24.5,
bc1q0xpe8q705cjlgcle7pwzjpnk3hcgk4pghdj26l,output,target_blocks,False,22.7,
13LaxrnK8JqcSZaVN21i6KgsjrPxU7e9rC,output,target_blocks,False,21.3,
bc1qt9820ssm6rs8wu3gzgyjr8kj2z747vdse0l57u,output,target_blocks,False,25.4,
16ts9xdrti3Y7KguKT25ii23ZCcxybjVm,output,target_blocks,False,25.9,
bc1qe8rsa8hvtthn94wl5pxglvfn29kr2hnqqnd0nn,output,target_blocks,False,25.7,
1Bj1WmCyQBvnMaadWgLjE6f2zNPSxCEB6j,output,target_blocks,False,23.9,
bc1q4ec6cgrjgujf3vjywnn5medct5y4z6072tvdg0,output,target_blocks,False,23.9,
bc1qjn948te8ytf9ryqax08fmf8uyzkarvejsflrjf,output,target_blocks,False,88.7,
bc1qkfl693kkh4mu0s2r88eqpf56awpha2jdt3pyce,output,target_blocks,False,22.8,
bc1q9kumgaxcdg8tdvltwytwjjuzznstrj67vqazjy,output,target_blocks,False,87.9,
1GThVWVDTX48haaU8XQgGNFsfuzJu34r9A,output,target_blocks,False,88.0,
32drmtZJa7GpxESjANKVyoYhijY9i7prUp,output,target_blocks,False,23.4,
37jdMXYbvg3dKzJ4pGSYiABiXoBy4putZq,output,target_blocks,True,15.5,
bc1qtvzcfmmasryh6f3w0hptryx9w49p2wur50g92f,output,target_blocks,False,24.1,
1Err4nX8VkHfjVFiC8dh1HBQ5kSCvxvgTV,output,target_blocks,False,22.6,
bc1qnt5hlgyjartejnxw9ej3p3gfa86q3x6hysn4x2,output,target_blocks,False,93.9,
bc1qhmdj87xx4qjjgejwgtg75ht7hdpg788d0z0sc8,output,target_blocks,False,22.7,
bc1qwwx3wcy66evm0zf60arna22ksaugquq3hr4md7,output,target_blocks,False,25.3,
bc1qxzp3c28av7g8a6krn8rt60l3gdcxws7nmurvx4,output,target_blocks,False,23.8,
bc1qte9q0y7etua07dsw8syh4wqfssyvf2qkqupvky,output,target_blocks,False,91.0,
bc1qzncgm9ww9avyj5yenu6zp2uhdkjayuss3ungcv,output,target_blocks,False,23.8,
bc1q072vgsm2nnry2ngr50yf055zhkzjm3w4jutr6y,output,target_blocks,False,21.9,
bc1q5zer2vd75053rvte4af0dn9camczcz737qrnef,output,target_blocks,False,23.9,
bc1qwcpgnudsaskrk37hsvtatele7h79y0kqj6skgh,output,target_blocks,False,22.8,
bc1qstf58fhq2j4pt7ls4kq37w59t9zxer2tm8rzhf,output,target_blocks,False,21.6,
bc1q4dgdt05aruq8wz9me05y0vxy3qtd7v4lc9qt8m,output,target_blocks,False,23.3,
bc1qr63mnm6d2me0jy449ac6e26f2pweuqfcrxz7m4,output,target_blocks,False,25.9,
1FQB59ZjNHdKoRrR4GkFMnGq5aURWNvx2F,output,target_blocks,False,22.8,
bc1qn8tc3krjcnp9ht4xmzlu0kxpks2lgejdjjlh8d,output,target_blocks,False,24.8,
bc1ql2h42a2g8d88v9xakmcz5a4rch6ry6c6uhkjrw,output,target_blocks,False,23.4,
bc1ql2la0hlpem5m5kvjgz005304f08kceqvemay75,output,target_blocks,False,22.2,
bc1qctp454rg0ey8tutdgv3xj95p2g8m7m0ndy9pay,output,target_blocks,False,23.6,
bc1qtd4w7ehky7cctqj2rrh8f3mtmhcqjf7gg0z5np,output,target_blocks,False,88.9,
bc1qtjx6ql2s0j7ctk4p39l8ftd88e2ac9yw7gcv5q,output,target_blocks,False,23.4,
bc1qx5kpr2s33rmdekxxtjz3hklv7y2lwaax0hq2wyu6jsccls04u8wqjxawqg,output,target_blocks,False,23.9,
1A3nZkZ96EcgCkYnCepPrbbguGZpGY4e7E,output,target_blocks,False,21.6,
bc1q0jq7c9xwrgtau9cxun4alpyekfxp47qm5vwrvxht5u8ldtgxdqzsmv8mgs,output,target_blocks,False,23.4,
bc1px9q7r7ejjlapkfvqn9xlpq6gauxzsdune6lwnvpk0pf3sygge4pquxc63f,output,target_blocks,False,22.1,
1Q8Jq4xzKxYgPtxDmUouUs36G6uuaE6sRr,output,target_blocks,False,22.5,
1J5C6R93xZqqkpFX1bFePAhdwFt3UccrHn,output,target_blocks,False,88.8,
1F1zd1P6JSLtSnkCgsv3iprUhkxdyCx3fo,output,target_blocks,False,25.4,
bc1q2xzjf9mhx736fhp0tg3jq6q774w7g70krct7cd,output,target_blocks,False,25.0,
bc1q5husglrlt65p8k43ym48ty87hzfj5r6zsc5xfg,output,target_blocks,False,26.6,
bc1qum6chfxcugdp3ywl72wge6lrn8myhuy2yvanhc,output,target_blocks,False,87.8,
bc1qyda8z4jc2ftymmm3qug48v97pafqwgh5vqesaf,output,target_blocks,False,86.6,
3DJjF7AS2xBLzrX4rtn7cpYKQh2YQe76vc,output,target_blocks,False,23.2,
bc1pxqrzqwmam4vnkvm44la348gg8g6vad3q3zwf5hsg7s0x6s2amn5sjtflkq,output,target_blocks,False,23.5,
bc1qwxvafhvn6yaqktcjmfu09d3cxu4j5hu8s79nzh,output,target_blocks,False,23.1,
bc1qvnql4j3k5q2jrx7wrvas6lrp4ck0d48d8wr36l,output,target_blocks,False,22.9,
33DDKVQjQGdFmT1uZc4sBFeAJduVfEk6tG,output,target_blocks,False,22.3,
3AbbmTkwQpHGyAYoeWf1Heji1AJCiyi4eo,output,target_blocks,False,89.5,
bc1qd99cfzd5kc33ayfuvhalvwsjzmrjtw83l5u86x,output,target_blocks,False,23.4,
bc1q0dkk3pjs5cfntj7vdvrucwda6e43sa4mlxzqk9,output,target_blocks,False,25.5,
bc1qgueuvh90a4yhtl6duqvnmugpkl68e032j9vptn,output,target_blocks,False,25.1,
bc1qgmms3cspkqgwqzvu30ngwfytthdfg35svum97z,output,target_blocks,False,23.1,
bc1qm6sdyfmwhvsnrlm0detcvjprwt5q5yv5nvm77h,output,target_blocks,False,23.6,
bc1pug0ae5ecv0xhm4dzxlzn6u6q7awss5vtjkwn0e5tduf7kn5najyq7vn5hk,output,target_blocks,False,89.2,
bc1p3qrezrcj6hrxygutnr7nm4clklwd484m2kmz9h3kwy8xf8h9et7sm6d3wv,output,target_blocks,False,25.7,
bc1qmv2pxw5ahvwsu94kq5f520jgkmljs3af8ly6tr,output,target_blocks,False,22.5,
bc1qs33quxgnwkrspgu82lmaczw7gtcfa88pll8fqm,output,target_blocks,False,23.6,
bc1qtne6nldueekj6a7savs5yl8y9x08eq6jrm99v3,output,target_blocks,False,23.8,
bc1qxv674z32kaptcykvlzvkkr92mzwvwdrmga0s23,output,target_blocks,False,26.2,
bc1q3qmasxnxg0mpx26vyud37kzzk0rlsh5esx868kccpve0w7kervrs5mg05n,output,target_blocks,False,23.2,
bc1qd7h4948gedzw7j7hurqcw54v5m4ahtxvh03e3w,output,target_blocks,False,22.9,
33WNMWBeCTTGmD1zWgKcA1hos2sacJ1d7R,output,target_blocks,False,23.0,
14zBCnLCB9GJroCpC6R7deWjsP5iZq8f5S,output,target_blocks,False,22.0,
bc1qh2u2mctteyuqtums9aj4dgat54ruulq4lwzh23,output,target_blocks,False,23.6,
bc1pqv8akrjf5tzm5e75vyn03sewv36z9zej9hrdgwddefmtxswp82fqj08p4t,output,target_blocks,False,23.8,
bc1qvfs70m3hf9ejwp450zlq5wrxgya4zzet7ykfr2rvhzh7pr3jp2jsdjeel6,output,target_blocks,False,24.0,
bc1pqjv9q2am0lc3a626ymmvlc74vq3lly6n5h6crt7l6czwcqru7rzqdllsh9,output,target_blocks,False,24.9,
bc1qn8juy64qzfjs9rapcp9qytvsrx94850prtpv5r,output,target_blocks,False,21.3,
bc1p7e2s0j8ynup0e063weerpejq9azu3rhn9lnn2ayhaecs7yct3ftst9mpl0,output,target_blocks,False,22.2,
186QtwELuVxP7cJEufpK6MfxjAHNFSSE83,output,target_blocks,False,93.2,
bc1pjxenwdww4g4kkgmgl3zylzaelzz6awva78mjm0axe0t9sk3fe9ws06f8ru,output,target_blocks,False,23.4,
bc1p6xqhjq5gtn9hmza48hkvg2cmn7mfjrwytjh0pmndhc5ta3fevt8qykp2v4,output,target_blocks,False,89.0,
bc1q9ytrfqtz47kpd8pw2na0w6vv2lknpx5xl05w9qfujy4knwgpx6rq584rsd,output,target_blocks,False,89.2,
bc1qx74k3yr5t03erceay57v4sqx8ujtwtmp647r3f,output,target_blocks,False,27.0,
bc1qwmlh8qxpdm6hz346pzpdple9dnndcky0g8flpw,output,target_blocks,False,22.4,
35RqJirzPEvT3RnVQ4HyDUAbE9S1zQDdRd,output,target_blocks,False,23.1,
bc1q6q9zdscavyk2wvq3anqyq0nqzxxhlcfl3zva22,output,target_blocks,False,28.6,
bc1qdyl4xhsl2n4e9t5kfpkrxl5hkmtcjxvthtgxf4,output,target_blocks,False,22.6,
bc1qu0sk8dy0fu28760v6zlyntqdtwc6wqs49p09wd,output,target_blocks,False,22.8,
143WWnqaAcjFx1DMemYbEdSdLvsmkbshH8,output,target_blocks,False,23.9,
bc1qmgf5trpyd9htluuzxpmxengadu740xlpu06n95,output,target_blocks,False,23.8,
bc1qn9yq6v58tpsv599acc96gz94tg786u2ddx7zwx,output,target_blocks,False,22.0,
bc1qrzqre2ary5lft338nrs2z74chav2mz0ttedz6x,output,target_blocks,False,22.7,
bc1pee7atvd523tucg6x0jlwvmfg0qlq4r6p6ud39f25c0d0egec3qgss8p068,output,target_blocks,False,26.3,
bc1qp7f8uqmt4rpdeq9q3ecyg347q3aausfkwk5zmu,output,target_blocks,False,23.2,
bc1qmqhuwg9w7yamvtn90sxfhwlekrhulv643xrqz5,output,target_blocks,False,25.0,
1ABFFKtPuzk7BtGwAqsMfZzD284ajyXGSK,output,target_blocks,False,22.3,
bc1p9qhtrv25p6g9nr9utz5huldw52h92kggdjax9lf2qgyug26l08ds4p906f,output,target_blocks,False,89.1,
bc1qu27zrajkx8lefdamdzlvd5v64uk6688d6we0rz,output,target_blocks,False,23.9,
bc1qktkessh33zcrzm2er8330wfp9n0phdvq57974a,output,target_blocks,False,23.0,
bc1q4w4heqedgn7rm6lh0ce6dmrqvaefulg0vrynvt3fjm8efd9h9pps89a83c,output,target_blocks,False,22.5,
bc1p00pdwsaaewup6pvkl944ur3yah9f67p667xu6vzqp6zd7fa29ldsql2ecj,output,target_blocks,False,23.5,
bc1qpytsqyp4e04485pqvefxt42mkcca3h0tl59n40,output,target_blocks,False,89.6,
bc1qqpq8xarpd4cr57ezwq3r5gnnwf3j6v3sygkzymmsygazyarjv9hqxrlt9u,output,target_blocks,False,21.8,
bc1qwdnx2u3z9s38g6trdv3r5gjyg4ryzjfz9s3xzmt5ygarzdfsxqcq36urj2,output,target_blocks,False,22.6,
bc1qxp7sqqqqqqqqqqqqqqqqqqqqqqqqqqqqqqqqqqqqqqqqqqqqqqqq700lpm,output,target_blocks,False,22.8,
bc1qy2d7usgxxjj9vfru6r45m8e7nadsgu3pa74l76,output,target_blocks,False,22.4,
bc1q44x77fcm22ncvpen3l7ld645fwzfhclhysq7cd,output,target_blocks,False,23.5,
bc1quek2k9hw8nf05q4ykutnxg0qn352c9jd5fd6el,output,target_blocks,False,23.3,
bc1qu5fg45uvcf7jxg09vnl460y3g4rs80mv7uvhyx,output,target_blocks,False,25.4,
bc1q982jhzl2x0cajdwsr2qmsx8j0tcpkjvtqj4js2,output,target_blocks,False,92.5,
bc1p2rvc0yw76ukwnusht3djk5368j5nuxcwtpt9fu3tkefzvzjwd38qlk0t8f,output,target_blocks,False,21.2,
bc1p4asfpjjsrrlqh9hku7hx9aet2p4my70n9exekldl7tvgxpqteffst9rgs8,output,target_blocks,False,23.9,
bc1qctn9k4f4emf7ed7v7qysqat86lp6w6r65a7v46,output,target_blocks,False,23.6,
bc1pc7ww98v27svs97859dsnh86e9ful2cxcknkfgqscn2wnvvey7eys2kspul,output,target_blocks,False,33.9,
bc1qckaw2yqvk43mczvuen3er5kgsg2vqczsxx3unm,output,target_blocks,False,24.0,
34rvpXjNZ3k6qeTZAmun3eHvDL6cDasfVW,output,target_blocks,False,87.8,
bc1pcr0s9f2dwer0ll848yzxvnujzf6uem3ck9uvew5cyq6euysaackqfq5wn9,output,target_blocks,False,26.0,
bc1qcgtjkr4r5vutjen00pttecz7cnr5ehczxy9xkj,output,target_blocks,False,24.4,
bc1p594enuf32l7fckvpcdczus9s3halg5p5x9n4axkfxl2tkz5m7snsqr9rhy,output,target_blocks,False,88.8,
3LJKJPqbifdBsGbsaBmhjhJvNHB86xeKMi,output,target_blocks,False,23.8,
bc1qyw7kej5qpf57pu9zn24msmwsvjelltgc3upxd9,output,target_blocks,False,25.2,
bc1qy7hdcrwmselmthxlq60z3he2x278t8qrfa8l9q,output,target_blocks,False,22.1,
17xNLjng18FFMLaTzD8C4r6axbj787hW3m,output,target_blocks,False,89.5,
3KV8ny3sbAkVm4v23sVhsoNz4itUyycTBh,output,target_blocks,False,23.3,
bc1qsnxjgagldx3vcmfyyd0tgxd5e2pvlx6r6zrfjx,output,target_blocks,False,26.3,
1LRoWWxzPVVJdkMjJafyuF837Jh3ugvJxf,output,target_blocks,False,23.8,
bc1pc2t24a8f3e6wm0lq6rflx55z9dlkqpv0lwhdaay4ej0348k3c3dq66hvcu,output,target_blocks,False,24.6,
bc1qvujvhf0nxd6h2sc893dpnv4wtfz28p8tg9cd3w,output,target_blocks,False,26.5,
bc1ptt3srm5jgymzk2j507w2n97q8w8rcd4zvjgh9jsjtse872uyacuqfl4600,output,target_blocks,False,23.8,
bc1qxqlqvlkehgjlgqsjanmh6n2vc42fhaemesv6ug,output,target_blocks,False,90.3,
1Q54nPpcWMB9xKqdjDto3za3bdpTnm63eH,output,target_blocks,False,27.6,
bc1qgxk2chf06xckptfu43shj3gmlfyp5gg44chjhd,output,target_blocks,False,25.5,
bc1qp9q2535v4ksef3e7na56prg0398307lg2qu9v5,output,target_blocks,False,26.3,
bc1qlky7cwt3apyr9mwsuzx3thmfkds5h6x5zxkmr8,output,target_blocks,False,23.9,
bc1q5cggwa9hqz694h0chdnm7p3rspznp0ad8u6f5g,output,target_blocks,False,91.4,
bc1pckt0umkeev4wxhxdapu6leqtthe5crwlkj96grd9xn5d0pflekrqfyk8ng,output,target_blocks,False,23.0,
bc1qpt3rn3lv0xanhzj6xz7um3ymmke0ezdh6pk8gm,output,target_blocks,False,90.4,
bc1qtpnvlxtqt6w9v2rcev82jpafwjqadwan3plqw8,output,target_blocks,False,23.3,
bc1qtkgql54ar2xafs385pgeja54xf3nu39ny88cvd,output,target_blocks,False,88.4,
bc1qaysyerjj0a5r5mx6wqw7w63y5wqzcrcde3gwwn,output,target_blocks,False,24.6,
1E3YZB9egBwdWQsWugKp85mWnicojKHios,output,target_blocks,False,30.8,
bc1qvsl9rremg4f0g2w3ykpw8mukvpferc52dfgjsy,output,target_blocks,False,90.7,
bc1qa3k09m8rrp7gmznfgndpdxq38zm85kr7aszvzp,output,target_blocks,False,28.2,
bc1quvqhu3afgc8tumrqfgg6ck63ld5qpk0rl572yc,output,target_blocks,False,26.3,
bc1q804h8zaggdntvczvtsz2rhhtar4ky4t0csf74n,output,target_blocks,False,23.4,
1DWZFwY6xcVgg5M7XPwvNcGeMkbQbHk7Ty,output,target_blocks,False,24.9,
1HfN1CaxyiWjVFMLYTdis7ytEx3UcoS4EE,output,target_blocks,False,23.8,
bc1qtzer7x8m05wjjz9wgrdgsdlcvgn3g2cxleq53w,output,target_blocks,False,23.9,
1LwVYTzkV8YtcdkhKDspg3Gv6Cr5EYeM6P,output,target_blocks,False,25.2,
bc1qudftjutudptuc7hc32m80jzpavhcrz4zcxxuqfkxgprdme2c52gql73g8e,output,target_blocks,False,22.2,
bc1qngxqjez7caywlydgswcxqusls0mn44gu26a0tl,output,target_blocks,False,21.9,
14DWg5Hey54WzSCfJtrXiRkofCksbeM1Eg,output,target_blocks,False,24.7,
bc1qr7798c872lw5qvn9n4ya4ty465h6rj9ecmvpd5,output,target_blocks,False,24.2,
bc1q3y5y089qmrgrrn98hurw2nujdtt5vyjrhvxf4p,output,target_blocks,False,25.7,
bc1qpuule2yhmpahz6x40q7punsayuw7wz0nkfsdl6,output,target_blocks,False,87.9,
bc1q5frp4mu9k4r78jnv2p5yq6vtrr9fukutmnrdzt,output,target_blocks,False,26.3,
bc1p2rh7dumzpdde9u2a4838xz300cvyc899h30jt4e4ljmzqcr4dt6qxx75n4,output,target_blocks,False,25.1,
bc1px7pmkqnhq29d7cs62p8r9lvcxlpehdvhc5rl3xar2x0eymet9xysd5xngv,output,target_blocks,False,24.6,
bc1p8up8v8tr5n46229rercqgty5feg2ly0dwzklafx209qzqtw4tszq9fp05c,output,target_blocks,False,25.1,
bc1qu2estf7mx6ghfn8wym9ujuj3myez0pzzu6hzhu,output,target_blocks,False,88.0,
1AFSx78xFj8Xzzzh9mvRhFWwFEhajhoPu9,output,target_blocks,False,23.5,
1MdV332A9rGAeU6p3uDixrug1Pr4mgxsYj,output,target_blocks,False,24.2,
bc1pfej56tarcg6jgnh4ux3z3lp6hjgvh5c0k36j64gcy4y00hwjjvtsyl0h2c,output,target_blocks,False,23.7,
bc1p22pe65zpjyu7gjwkt57a7j7h6d4xaszus60exuxtle697lakg3us4gkcx4,output,target_blocks,False,26.0,
bc1q2vhp0gjfgnm9czuv8wyhh6jtacgly955y7de4q,output,target_blocks,False,22.4,
3KkDKkhTq8GByQoGEU9KA3au3Qmz9Gt8Qc,output,target_blocks,False,23.0,
bc1qfu37uga3qgxeaupanly0fpdn83q6d0wun09sez,output,target_blocks,False,22.0,
bc1q8mjxl0klus8rttp5p4yqya74yxf7y5eh9v89p4,output,target_blocks,False,21.6,
bc1qdpewkjhakkuu73zqyksf0xrc36ef3xprds2pur,output,target_blocks,False,22.1,
bc1qflyh627wed4pz62hn7nfgurjghnlp4he75x5wj,output,target_blocks,False,24.1,
bc1px4szh5pvqhjn4jsww7cfxfk70rc94e96az9t297crrzjqrqymg6qjzfqj9,output,target_blocks,False,24.2,
1HBxDrzsn4AcEiNJ5rH2QuKPfrR4jQvJi,output,target_blocks,False,22.5,
1566w6dJ3aXoxbwu7L7LttKZcsRUbSNA3c,output,target_blocks,False,88.0,
bc1qe8djth9m5cnzvxphm354ael3tlhw4x5gjgt544,output,target_blocks,False,25.6,
bc1q8htygmew9l3fkqzsmyek4m4ntrw35m5cehd3tg,output,target_blocks,False,23.8,
bc1qp8j9sx6609h7llqufurxjgrwsqwt020tqzn0gs,output,target_blocks,False,22.6,
35j8G3RSJTwePvZEnjShoPVCjBLDSaikaa,output,target_blocks,False,89.9,
bc1qy9s26dgmhtleyexc42u3ertd9axzxtmrqk66st,output,target_blocks,False,29.7,
bc1qhzfyga9ykxq6jkmt50as86la03h205gg3hfywq,output,target_blocks,False,21.7,
bc1q7ss39zjl0avm9awmvl7hcd04dm3ka535f2crk8,output,target_blocks,False,88.9,
bc1qhd8eus5y6u3de6c94jap8w7d8e3dx2juy0mxpfvsq39v5kteggzsd4hhaz,output,target_blocks,False,23.7,
3369FgmPP2HQMWYqhF7hF3YAQc731GvRmM,output,target_blocks,False,89.1,
bc1qp6pfhevwl0c0c5v65fjyd7d5awkxc0q5pl5745,output,target_blocks,False,22.2,
bc1qgtgyc4wrz9ahfkjua9w7hpetfjr2sakpkgrq90dts22yte22xnns0k843z,output,target_blocks,False,24.9,
bc1pnly53nud463mw7xhdqfj507a0acjk67g6km9fkltn2qg0khrrhds7j49sc,output,target_blocks,False,23.3,
bc1q09xsn9daudcrc9cjp5ju6m8tjcnxeuxmq05kdz,output,target_blocks,False,32.0,
bc1qwdh7ycsn0m6hp3k5t28a99t3m6dn0g0e8r59tj,output,target_blocks,False,88.6,
bc1quxcw2uatly22q06krgt57w8s5nrtuk2zjfvf3g,output,target_blocks,False,22.8,
bc1q33h2xlnt62drqrpkkwwsvmgu8j92fsumucz0pt,output,target_blocks,False,24.4,
bc1qkgwh9s7x7fgy765h4elsq9ujc8wlatqzkfs0j2,output,target_blocks,False,24.7,
bc1qwpyceyewr2nms89y60xcefsal2gyu93y2s3ucunlk7vp205xlukql7klmw,output,target_blocks,False,23.4,
3FAPecM1PvrnZXLp4gQPeV43MPAm3sNeWQ,output,target_blocks,False,23.4,
bc1qkc4jag2ny2swmcfcn0a7kgtxr3y0qruzdr2lrr,output,target_blocks,False,23.3,
bc1pqnryhc56klymrmygfwhsdez9xamjkx3f6t5gtwjmdd6w9k0kwa7szt3w4n,output,target_blocks,False,24.2,
bc1q8z8vcrzn8xulud2d49hwtzeqvawcyyhnhm2s7v,output,target_blocks,False,24.2,
bc1qphcs3zkk248d04tdngrgj4vwlyqdw9l0njm4tl,output,target_blocks,False,22.6,
14v9cbvg1a7vypaqbtwxZ4Jse5Q1zoQ4P5,output,target_blocks,False,23.3,
bc1px37x9s9uwmprwn73ureu00g2252kvqk8a49rru0djpkz89hufy9qmm9zxt,output,target_blocks,False,22.1,
bc1q0f3age7lgczxhrs5j05emsp4yn2znxqc3dwd7j,output,target_blocks,False,23.3,
bc1qazd32mnsfz6lzeawty3a7q9wkztp335v4hqly3,output,target_blocks,False,88.1,
3FH1RaY7b3YqLpVnjjffJo8mDM8ieCaxXY,output,target_blocks,False,87.7,
bc1q27nm62m5lc7snkl7ug2axgvn9ng2d532c5kne8,output,target_blocks,False,22.8,
bc1qx9qmfqrnf8qvslhvu76sy2f9se8nntzg9dt4kf,output,target_blocks,False,23.7,
bc1qsjrd4fa705l3fwsxpfan9k0heca5ylw7flafw2t46u08fp4vtuqspl08d9,output,target_blocks,False,22.0,
bc1qcvtjgf2z8c6kkpx2jerr3u42kajdwryk03my6d,output,target_blocks,False,91.7,
bc1qz0xtu934e8h5z2putj3ppjxrfvls9r7722u7mq,output,target_blocks,False,88.7,
33LHuZUdQQBE978AUx5pyBwZFdbcfEYwLU,output,target_blocks,False,90.9,
bc1q8trcnw2zzps6g7008lqez9z79kd9qzk2s65ndq,output,target_blocks,False,23.8,
1KxtMc73AontKtDpppLg1th4SSwNbsaeet,output,target_blocks,False,22.6,
32HSbEfG9VnR3P4wjjqPeaTRhFgGHJw29u,output,target_blocks,False,88.0,
bc1qesa4fwh2e4y3n7sdsxy2333wt5ys6f5af3r6cy,output,target_blocks,False,24.5,
bc1q3t4ck48sqlz69ymn0d249qrj34727zs5e9uj3j,output,target_blocks,False,89.8,
12Pe2LdTrXjMmvcTpGFBbdnfKJmUBjaUnc,output,target_blocks,False,21.8,
13AFwS9GPnQvn4qVe9PzkQHqwQA2APhyB6,output,target_blocks,False,88.8,
331rV8DjdCgH819aFa5VhXQT6taWAadM2m,output,target_blocks,False,23.6,
bc1qeahmtm9rg2jrx6yjp3c3rtrnue0nlzsnset0qv,output,target_blocks,False,22.1,
3AKALJV9tR1Fi5DLYhnwFsK9tVeX2cs8Eu,output,target_blocks,False,24.2,
3BRJdyp2rVRLcHppuWpZ4su3GpJNMihAXy,output,target_blocks,False,88.1,
bc1qe7wsfffgv2tfhhtsn2hlzcaqrvkp92z3xx68et,output,target_blocks,False,23.1,
1JExLrmbDNJeQCiLxKPbPVnwCTPvsFg8XD,output,target_blocks,False,21.8,
1QJYu2D6F4pVJJwZBx595sKa1KNnZgchQi,output,target_blocks,False,87.6,
3NC7oFrctczHve5hUc8cPoBF21NgSkyZuE,output,target_blocks,False,23.8,
bc1qgfqsq0xcuay8jt0urz6724qppq20kuauxlhv5e,output,target_blocks,False,24.0,
bc1qpfskjzcycx4uuh3xjvpjvtzhnz96rtwzeq27sp,output,target_blocks,False,23.3,
bc1q77l3uj4u32994m5gz0rx6a6jf98daa4raw4x78,output,target_blocks,False,22.8,
bc1qr5tf20ndf4f3pvc8dy6juarmycn4uen9m2tr3h,output,target_blocks,False,23.4,
38HrBH9o3cqKAKTZFsFW5SqV3CXzqnH3as,output,target_blocks,False,22.0,
181VCC9ZCSsAs5LzDpTjAACdjq8XYNEVG3,output,target_blocks,False,24.2,
bc1qcs7rjk9rnssqnr2rahg6nmtd7yasj42dy33yh6,output,target_blocks,False,22.0,
1AYrMaDjR1vnSUrJWVEPAQNs8vgAzACucZ,output,target_blocks,False,23.8,
3ErCct2zjeCzce574vJWbBmJ6NNcyZ7Fw9,output,target_blocks,False,87.5,
1Naxoy1AVthxB1ejPe9m6mUKeeaQo5avPq,output,target_blocks,False,23.7,
bc1q8xusv2uru3fc7268gd4cx22mznllhknyxw6keu,output,target_blocks,False,27.6,
1Et2vQakN4hRbSntDqe77CjUsSDuQ5zcAU,output,target_blocks,False,24.4,
3QNzd7z156uFvtn8Rshvbei2CBEEQZ5CPW,output,target_blocks,False,30.3,
bc1qt0cscdgnlq9xu4rtuywsuhrvr0ym2dzdx5mz42,output,target_blocks,False,22.4,
bc1qqk648v5h9hcvytuqn2c6md0fk79awhewyeara4,output,target_blocks,False,25.6,
1DmpkihmbcFRqyugxo2BFUbdTbtCwBNXU2,output,target_blocks,False,23.2,
13ssazEqxcvG8Jo5wHisW9wj53HLDqXWae,output,target_blocks,False,26.2,
bc1qr7m5sqknuyencrjwx8d56fksw8n4p7zcex8m2e,output,target_blocks,False,24.0,
1GMvfP79ThYBwcEEVTvJUL67CmnrGUo4ef,output,target_blocks,False,90.0,
bc1pc4exr8lkacs8at4p7nus0hd4nvsqeln4q2eupumaswf9w8qsyejss6a0za,output,target_blocks,False,26.9,
bc1q4e3mm0dm9jv3j4cy6vdfjxvd44v94fyscfsk33,output,target_blocks,False,32.0,
bc1pama04qex8eqj8qky9xsyscr3764u99hwqs9cnu0ceu4999r32nqsvaw60z,output,target_blocks,False,22.4,
bc1pjx0r556hxq5lq2rt62gavf4zc47622st49ralj27gxhrthaxrdtsaxl32g,output,target_blocks,False,27.5,
bc1qxwwqcsktpzmcxgwuy8sxrdfejqlrlj6kpfq7kr,output,target_blocks,False,22.8,
bc1qzdk9t7c7r6wsxnyygm8uqxye0fct0kw3ufnryp,output,target_blocks,False,26.4,
3AYroEbJLgN6jG4hRw5HKFBmcM3H7pJEVE,output,target_blocks,False,21.5,
bc1q7a5dw7j8xkgqhnca8dptpp2qg8lpgzytucfcka,output,target_blocks,False,26.5,
bc1q0c5qezj2g4n2ryuh6v0kyffhgmp8a0qv5dtsc3,output,target_blocks,False,22.3,
1ByYNa2t8vgN6QAciLY4UcrpQfSBvwCBR7,output,target_blocks,False,22.2,
12E9hFygvWBHeBLiZzUijnp88qz6oJ6JG6,output,target_blocks,False,22.4,
bc1q7vmgqw5kq79uqthywpljw4jklk74fwxlspxzsr,output,target_blocks,False,22.6,
bc1qqlp8tekk948mehaxmcygxc3v6epc7j0c34fsm3,output,target_blocks,False,23.3,
bc1qvqgdqt86l7pgar8z92yerphe5f5sces9nktn6s,output,target_blocks,False,26.6,
bc1qmvujfl6y38g7rt223rznnlm5h4t5drnn4ueppf,output,target_blocks,False,22.7,
bc1qwfmm5jjpu7d5mauemytm7dycjuv3tx97t3szmz,output,target_blocks,False,88.0,
34Mu23RAHBsMYGvxxTCBriprb5iP7qUBJd,output,target_blocks,False,24.5,
36K1yu7BKvkWw5u14iyqys5gmSvzeoQLw2,output,target_blocks,False,25.2,
bc1qxt75x06a7p2ljmspw2f97egvcee3v6xealcphs,output,target_blocks,False,26.9,
bc1q64y5e0hrguz47d9u9zxj22ag7sxrkfgsz72mfh,output,target_blocks,False,88.0,
15E6HrcmnZQSw3yvMQM4Ne99P2tzmwVo1z,output,target_blocks,False,23.1,
34JC2dpGArbW2hU12qVaC8dop4QFYffDUi,output,target_blocks,False,23.7,
1Jhmv79V5PZxDmgemAzkjmfwaRkLhzvTej,output,target_blocks,False,22.5,
bc1q3w3cz4qh6pewuaxydk2xrzae9m7a6su95akaea,output,target_blocks,False,23.1,
17nRgpAMfCiHAXnWQnZj6TFuVgbjWespuj,output,target_blocks,False,23.0,
bc1qahvmc7pvr6tq63ekfjvz9d7s04ztn24f5ewchn,output,target_blocks,False,22.4,
3HGwgxE4xZRX3dttDJ8Ex4gXukSE1jKaXQ,output,target_blocks,False,23.6,
bc1pq0slcpy2w44rql3l2qy7374mghgvgwuzgk235pger0h586lm9ehsphewqk,output,target_blocks,False,24.7,
bc1p5yfkqwhs8c2apyh7hsgxujrdvllzc65f3cye9rgz4enfk4z8xxpq0qawr0,output,target_blocks,False,89.1,
1NHtjyajgxDsTaygJUVzHJMQGj9NQGgppG,output,target_blocks,False,23.2,
bc1q8z40ggjaj6w7sqq3zwn3ef434ddcxv5hznphmu,output,target_blocks,False,23.2,
bc1qnkjfee5csdr3n8s8njadqrf74kxygrw9ksct6m,output,target_blocks,False,24.0,
15hi51LFXm5bGtjriatgTMxUjY6WZyFse6,output,target_blocks,False,21.8,
bc1qx3jk5ak5akk63e330uanmee3p2zw8yf33s2pyj,output,target_blocks,False,23.5,
3GJnscNfuBCKcVWcdvdHcaRX4DEPmwxstD,output,target_blocks,False,88.3,
bc1q08uxr830jj78umz55awu3mzh6gn3ydw4372mn4u33tynwlyu206svy0yja,output,target_blocks,False,23.9,
bc1q5cm7q608zfktzxml8afn25wt3k5f9fpks7xl8y,output,target_blocks,False,94.1,
bc1qrpqfrdqlyjq7hqk7czxvgkkzrkd66dhn9jxfzc,output,target_blocks,False,91.4,
bc1qhh8wzqayvec9aa43vrmf4ry56c2qdcmg4m8379,output,target_blocks,False,24.2,
1EMwQQsW6hfb7TbkE1zKU2nps1vkJFn5TH,output,target_blocks,False,22.9,
12Bj8YK3HzNPqh3B7CSpX2YUoWtFuAGjJC,output,target_blocks,False,24.0,
bc1qeqsvh3624z9na4jhctq26jha8r5p3qc9uj7uyh,output,target_blocks,False,23.4,
bc1qpn7tpt9rkmdwhz69zvjp5u4leykag2lce634r8,output,target_blocks,False,22.6,
bc1qg3arrg0n66mjn0dq657kgwy6p90hkggsrz0ywd,output,target_blocks,False,24.0,
bc1qs84wmtnnjfnr50c36h9mdrmukc774u4r9ts5wc,output,target_blocks,False,21.9,
3Jq8XjrYJEwxGgE12KGL7MeiK5anGHkmHb,output,target_blocks,False,25.8,
1GrwDkr33gT6LuumniYjKEGjTLhsL5kmqC,output,target_blocks,True,14.8,
1K6KoYC69NnafWJ7YgtrpwJxBLiijWqwa6,output,target_blocks,False,25.2,
1AfCc4F9c4VTYSE31PUe2kUEKs6ZxiDjxm,output,target_blocks,False,26.5,
bc1qzfsqph0mz7zq68qrkeysdwm9697c2tdljqwyhc,output,target_blocks,False,23.8,
bc1qylrcfj22ff8hv8szj4d3j0aqyzrwm9gl0x8z35,output,target_blocks,False,23.4,
3MXkgC5tAgbPT5NaGALCy7hZ51x1V1xjxK,output,target_blocks,False,22.7,
16crLquRzpejZEpNWVk6HYbidnibHaf7si,output,target_blocks,False,23.8,
3LBG1Z6ThLGCoQCeZH2PQVtzivV34P8URi,output,target_blocks,False,86.0,
bc1q4479hamlzsa4jkw6x9xerw2lwchja9gmul3qs5,output,target_blocks,False,21.4,
bc1qzhx96lam9nwkuhtppmdfeen6f2kdy46xvtpcdm,output,target_blocks,False,23.3,
bc1qpqvrmgrl0zpdhqpg84znmw22drxhn299ud8nzh,output,target_blocks,False,24.3,
bc1qwu7g9rv07d76hsnc0qq77udw557v9p7gar5t37,output,target_blocks,False,88.2,
3QzpS6hsthCHgnKrmMkSThxaMPG3rswMMx,output,target_blocks,False,24.0,
bc1qezl4g52chezyqwdl0rmfmx62j32pnw5gusqvwd,output,target_blocks,False,21.6,
bc1p30hw35wcrljn6xqd578xzm2exdkgraef0eexj6c2nta9xguhq3rs38wpfj,output,target_blocks,False,23.6,
bc1qzqgt2u3dhw2tfq53f5p8fjmuyguqapv6nd04fz,output,target_blocks,False,22.0,
bc1q4pgjrac0y2lyesm2xgaf0fp4rxnezqhahmxt2c,output,target_blocks,False,23.3,
bc1pm6780vmappa69tzec7avzplsg4tpkwe0e52fj0l328k6gvflh0ds02sdyy,output,target_blocks,False,22.7,
bc1pv5nph2wkvarpm7846wfxek8xv2de3xd2fn4kl80948tfeyyume7s8szh2m,output,target_blocks,False,22.7,
bc1qnal50y9aqtmsvcuvuk8d3sz7awwv7d52t2pprt,output,target_blocks,False,24.1,
bc1qnla54adahkf5zr467xl37xq9zu4smjzmjygcud,output,target_blocks,False,22.5,
bc1q3mzuhh49e597mw9y7rmn2s66fwxz8xh6ancqce,output,target_blocks,False,24.4,
bc1qmzd0nrf660m3kshnlsk6l88thd4zqlyyp78cp5,output,target_blocks,False,27.1,
bc1qgwmasdf8ky6wwsvgvxam7cxk248uf7herwn248,output,target_blocks,False,88.5,
bc1qyev7aq603crnlq0dfschywn0dlurpctznpksvj,output,target_blocks,False,25.8,
bc1qcygt0ma4tka5y2nj549zd5ud7j2a00nwaj8g30py79kdnqje0pcsw7cl6h,output,target_blocks,False,96.1,
bc1qdhe78v78ffxahzjjkn0slvvsk0d62fv0p3r8quezyakp3y5gqpjq2pkneu,output,target_blocks,False,25.9,
bc1q2qql7qp5rg7yz7kn9pmgynlrg384w84uennc0t,output,target_blocks,False,21.9,
bc1qp6r2373yskjttl2nv720675cypvryv2s9xyk5s,output,target_blocks,False,22.4,
bc1qvqdqvfh7fmm96nlpu0ev3a6zpnw0lq98xe37zy,output,target_blocks,False,23.6,
bc1pfxemwawy464wq270xxyej304fs9s0y4pm75ue8kup466jhqcyqtqlaeays,output,target_blocks,False,24.6,
bc1pg0fyqd2aevaph4ln0fdqtpv3rqdn3z9h5x3hpux0r0ye8mc3ur0sufl4mm,output,target_blocks,False,24.4,
bc1qa6rlxgqse7t24w30ynqm86mqr4phtgxw403ss3,output,target_blocks,False,90.1,
12EfqaZMv25o9G7K2sceNnZdhPFKiaYufh,output,target_blocks,False,23.6,
bc1quhruqrghgcca950rvhtrg7cpd7u8k6svpzgzmrjy8xyukacl5lkq0r8l2d,output,target_blocks,False,23.3,
bc1qdljee9mle0pfmu5sfjnr0fyg0d5jm00cc4dlxp,output,target_blocks,False,87.8,
bc1q55u7c2mu9aw8kewsgatwx99hmwfkk06qkwzxpf,output,target_blocks,False,22.8,
1Kfb9cHqxCwyx3amdxCwBRZWY7ikzqRwSs,output,target_blocks,False,23.0,
bc1q22edhz4fl9qn92w2t9cec4ygr2g0e694uwzmdv,output,target_blocks,False,23.5,
bc1ptpejfa6fk55vvvthsuakl7zh7744fl2j70e47whz8gdpvl4cnfhsm5zpp4,output,target_blocks,False,22.7,
bc1qxpecu2dgk9p7fc7urh5cshss6n05qmd5k086fv,output,target_blocks,False,25.1,
bc1q0m793npa90feca55wec4clqxf2srxmrclh8lng,output,target_blocks,False,23.1,
bc1p2n7ezfhkfu8x4nk2r27kkrmtmn6r2jqm8g3z4qs5zef6fzu7se6szmarvg,output,target_blocks,False,24.0,
136FND934yj7Ma5fg5RiFtuY6cHyuprCnc,output,target_blocks,False,22.6,
bc1qukgmcp00q4f25tvvwf390dwd3l2zpj7tn0h63a,output,target_blocks,False,89.5,
bc1q66uxx4nkdyqw2dtvmc37lxqjqj8rq452hfge80,output,target_blocks,False,28.9,
bc1qnrr00lfssuy0nvhgluglv29a4atqs2ygv9sltz,output,target_blocks,False,22.4,
bc1qn2y5euk4gpnkmhl8v4w86gldalhlg2dwydcll8,output,target_blocks,False,22.4,
bc1qk9g5a224ja72tt8h7jtsxejuhxsm2t5ar292yk,output,target_blocks,False,23.4,
18LBRoAQrwAsFmCoj1Ry5qfy29HBVeNp9g,output,target_blocks,False,24.5,
bc1q3hk4hmaqa2vdur53sx6vx56dg8pnxw2smj85v4,output,target_blocks,False,22.6,
bc1q0dm7t7fpmy2c5tvy5w8h5fps0pmrrec70hlraw,output,target_blocks,False,22.4,
bc1qdstkagh9j4atkpe8s5qkygwvqpvr24p6pfq22k,output,target_blocks,False,23.3,
1Fhr3sdeUEHDi4GaAtg3fkxmSyz5PYPEH6,output,target_blocks,False,23.1,
bc1p9e5e5lr8axvfq9k57l7tgqd2gyafucg0099p48zkemzw8agdspwq8qn8t5,output,target_blocks,False,87.7,
1FFgEt37KbmvBBYogYE88T8fNBmw1dvtTJ,output,target_blocks,False,22.3,
bc1qdmgvggmtp7xruxl7wsxs9wlsqnparkvcjycvql,output,target_blocks,False,22.1,
bc1qcwrnhx4ut6gatvhe5xcmjqjzwks4wmla6mlywt,output,target_blocks,False,23.3,
bc1qyneexz4nysyafy53l4a0jt0ddchh9vku28s9wp,output,target_blocks,False,22.4,
bc1qscmrm86erp6zsppffd36rsdtd5maznukpdwtup,output,target_blocks,False,22.7,
bc1qn7ks7zqm7q6f53pv9lt6dxdlupuav2p8r8t4q7,output,target_blocks,False,24.4,
bc1qlmlvrg9p3m6gkp64826gwuud8kdwc4ltyr4e0h,output,target_blocks,False,22.8,
bc1q4h455ygnczq82e8z0dfuvwh3lkvpv8h0vr3s5r,output,target_blocks,False,24.6,
bc1qrdn5g5fr503x3y4hsx55ae9427z4az0r0lah62,output,target_blocks,False,21.8,
bc1qcln982ee4txepz5cqd6qw05rxm8q8kysa3pvzh,output,target_blocks,False,23.7,
bc1q8dae8kav4dsfhqnd09sz4c0nwfdqhnrk88cyd7,output,target_blocks,False,23.0,
bc1q6wfuxqyqn505xma9w4t0zr4k2rtvfllr0tkpfz,output,target_blocks,False,24.5,
bc1qvlmw33zc93sx4uhs3z3c82g4g4pcaplaz4srjj,output,target_blocks,False,31.4,
bc1q3932ak5u9g0su6m0qgrzt5rtcv2e9t88tgpqay,output,target_blocks,False,23.8,
bc1q8jsmv6y65zh5p5k2hv68mxdj4vstyhuxmpypwg,output,target_blocks,False,26.1,
bc1qanhj6smxzydrzjhr5hmn3vkh4hy93j8f2j2u4g,output,target_blocks,False,88.6,
bc1ql7zrh7a2wltxzffjugyqw2yym7ctttldjp4yh9,output,target_blocks,False,22.6,
1LrWj9pFvjgTSg4t5Y2v1BS9A8PBg5nNzu,output,target_blocks,False,24.4,
bc1q9hlac3zxtwmlsaa4tes7cx7kwqyj4q0njzhdec,output,target_blocks,False,22.5,
bc1qd5m4devp6m5p4k0p4mytaedhjf96ncucd79sre,output,target_blocks,False,23.6,
bc1qqqdpkja0akhkq30snqgn88le8hcya4lxl6x2xz,output,target_blocks,False,23.7,
bc1q7ypv2klgl0rl8uz208s53zkda5njdz69rj3wnm,output,target_blocks,False,22.1,
bc1q8a4wu85gf8wedg6k3qs8luqcv2rxrlzdft2k64,output,target_blocks,False,21.2,
bc1qd27327kcyzrhenry2jq37eygzphkq4rslpg28j,output,target_blocks,False,24.0,
bc1qhl8vwts9lkzxsm526zpjkt46qr5mellhjgs374,output,target_blocks,False,24.8,
bc1qjxpygx5unlx6g48rmt3cjca7yqa9050snynzu5,output,target_blocks,False,89.8,
bc1qa62w6c96rlrx74zdzlcuq9kr4xsuf0fl0emw7t,output,target_blocks,False,24.5,
3FTj4qEmNBK4YVdoQo6vyTzfeGorL6CeyN,output,target_blocks,False,89.3,
bc1qed40np4wudddeesnfhdgxzhxmetw5daerke2v0,output,target_blocks,False,23.4,
bc1qg3sdsmsqqxdaw906gz59x4ypepy8e959d8a9s2,output,target_blocks,False,22.8,
3LnNYgjdtQAvtyxamXH9qpAHWz4eHJsm1C,output,target_blocks,False,87.8,
bc1q4g98a8qsx6nfs9xvczt4gvmttnz948pdh3xmaq,output,target_blocks,False,93.4,
bc1qklrplgdktly4asj7mfezlz2e7e7d056hnfudhx7a4pw22p5g6n7qd27wsu,output,target_blocks,False,23.7,
bc1qz9zdntgkp6s5snu0hjw5tg4sz3r8a3qu7fqv2y,output,target_blocks,False,89.3,
bc1qe0ew33k22c8k2v3jrl8qk42ry5srxqhawfkek8,output,target_blocks,False,22.6,
16voSJJ4oen3bh2MQTRpduYK7DqszJEcFy,output,target_blocks,False,22.7,
bc1qpk4577pr4e2sfggc7jjvnqutrlazvmudyhzwed,output,target_blocks,False,22.7,
bc1qavlr04mlcswyzm3epg2neq0kpat8q6ja769lckggl8fdmrq8htks02r8we,output,target_blocks,False,23.7,
bc1qa93glp7c0a7ptmraag0saq9mxecd2t0r35xjkl,output,target_blocks,False,23.6,
bc1ql579s83z9sacpx5gfcqkw76s832tumwdm9ymu9,output,target_blocks,False,24.9,
bc1qankvuvdcdcqgvhmv32f7fwwv4x9qqw7src33yj,output,target_blocks,False,24.7,
bc1qvlprl83rhjcnd82887x88yzm9q6d5kwlqkyy0z,output,target_blocks,False,24.8,
bc1qwj98cxgx232kf6p54lkn8wux2azfccvw26dqk2,output,target_blocks,False,24.3,
bc1quu08hpnrygg80ffvfjrl7vw4vgre2ywc63w77q,output,target_blocks,False,89.0,
bc1pvqsfgnye6jrnq6mjlvsp009sjvnxyf4gzej2j89ceg3qqg6dkr6qx0gt7a,output,target_blocks,False,23.2,
385qMeFmSCAQfz8hq2yXiDnNAGXVycxTF9,output,target_blocks,False,24.8,
bc1qk9lqtgxd40dycy66sz39t3jhk3w043nzxrssrk,output,target_blocks,False,23.9,
3D4gTQvB3ZT1f1o2th1uve4yETrshME9Sr,output,target_blocks,False,25.2,
bc1qldtfrxxf5w8e5jc80r7gcvp5mztna4lx9fg0ed,output,target_blocks,False,23.8,
15sSQWgxyV7Aj45ea6W5qSM35pX2d1phaF,output,target_blocks,False,23.9,
bc1qzgxzfftrhhz82r5xnm9787r66tnx4c6l6eww4u,output,target_blocks,False,22.5,
bc1qpnk3sdnec2pev62gxdc4vm5wzjd4tcxk4rv73l,output,target_blocks,False,87.8,
bc1q6nh7nf8486jntzktl99xjm5t50jhv5um83tj7t,output,target_blocks,False,90.5,
bc1qr6ym750vt7w529xx67p70w0cqn099cywe3zj7p,output,target_blocks,False,23.4,
bc1qzfugvdcrkh4dc53nvvqk846tupxy229vg59je7,output,target_blocks,False,88.0,
bc1qmm7lantpf7tl7l8ydu27nn83mys53x3jmk4hch,output,target_blocks,False,23.0,
bc1qp2ftljr6rq6adl9dyd9pjcs9cqnetyglre2t6j,output,target_blocks,False,88.4,
bc1q500dz9p8e7g4yp2te0dd0y05mcrkhye05mdnrw,output,target_blocks,False,25.7,
bc1q29pm7g4tem3favpnumput7vhncgz935fq6jtur,output,target_blocks,False,22.2,
1MLs7Zo7itdk5VoaR5RLUtjMuoQVshe6qK,output,target_blocks,False,22.6,
bc1qy7ryg2h9e02xsnrwlgtfkv0uc2sk0rsqezt5gr,output,target_blocks,False,24.0,
bc1q9hl34fjgcl85vxh7xy3tmglkae7w9j6vz727s5,output,target_blocks,False,22.6,
bc1qgt4xf5m2l0g2e0alqrfs4808rcefjyr0jsm96e,output,target_blocks,False,23.7,
bc1q89u20a7umlnyjgljtjpp6cku3690szhrxrt707,output,target_blocks,False,21.2,
bc1qg4e8pgw4cd3fqdka85l49ukt3kwn5g0k87ax98,output,target_blocks,False,24.0,
bc1qursvy2t5rgf0ca8cjkvcqxhvu6dcqnnwc4nc8f,output,target_blocks,False,23.8,
bc1q3k2zvujl47qyqcrnc0laww27qf5shtv9d49whg,output,target_blocks,False,23.0,
bc1qhpp7tsg0gmn6nkt43q7zjdw6hatgxprqtmenhz,output,target_blocks,False,91.1,
bc1qywf3x40xk66l4ldu8hl64j2rt3rdfq83tyf5s8,output,target_blocks,False,89.5,
1JzWRz8bjAhgXBKp7iMStdYQz3AGcH8ZPv,output,target_blocks,False,24.4,
bc1q3shx3czfrkhpxzlnkennmatwh5gwqzf8mrmux3,output,target_blocks,False,25.2,
bc1qnv93naef6zlc8hqgnxvmqly0dxg4hatep3t7p5,output,target_blocks,False,26.0,
3J7PooFrtpmUpmbcbGgzpdVcHpig2JX3Dg,output,target_blocks,False,24.4,
bc1qnau3kupn6vf23fh5dqkj2exzrhtdqh3va5ry4e,output,target_blocks,False,25.0,
bc1qn5294n7r8yueq8tueje3zz3pnja2mgzd0s3ye7,output,target_blocks,False,23.0,
bc1qpzzd09s4zehvyyq6t2ye3m3ce7ps3suaxegx07u8fu8llmxdxcwsy0q7gk,output,target_blocks,False,22.7,
bc1qp63d3kehg93r96k9e26qp6n90km5ee937wn7pg,output,target_blocks,False,22.4,
bc1q2zzy5cr53ask7lfrr6jz7ltupsdyy3rwnfkmxwqj7t4ky6ld8d4s00rp2a,output,target_blocks,False,22.0,
bc1qvyq8zqyepz0pgs5rnrtmq7dwde3j4vjm369sa3,output,target_blocks,False,22.9,
bc1qp9t563qs4kfwd49sv7e6vf8vekg4xk0s0v6cy6,output,target_blocks,False,27.9,
bc1qzngqqn0y2h9w3ph7guqafp2jvvt9j0qrq5spyu,output,target_blocks,False,88.7,
bc1qe5yuakkvz97x6snlmh8zmzrpzgn0r28822qrd470hhe8jsanx6gqq52dm0,output,target_blocks,False,24.0,
3JfTGU9ak6AidD1Wb7dFEGrPkHfW2ps7rn,output,target_blocks,False,24.9,
bc1qw58g0upksauhm3hjns2a4gp4txyyyl8jshr3k2,output,target_blocks,False,23.5,
bc1qvagxu7vccdhhvpl99v794057aek494mxy2p72z,output,target_blocks,False,91.5,
bc1qdtf042zrathtgcr24u3cazl2e6p7e4ut6fsh56,output,target_blocks,False,23.4,
bc1qscej7afwa57tvcaptxu5sd0xwvyd6e4ngkukg0,output,target_blocks,False,25.3,
bc1phc0ugx32v3xrqleulmzsteq8vryegfr4d93yyl5786aek7gn3ams6zyxuk,output,target_blocks,False,22.3,
bc1p6yye9hw9xwe53cjc3refkq6ztg2576lg99dfmeqkyjk8k2m5jt2sulc84k,output,target_blocks,False,21.6,
bc1pqfp4qla7n52pgyycldq3dgxn2urlq3ncudqhysv4p753gtqqpp0s0cfn97,output,target_blocks,False,23.7,
15NDraXxoTpS8jHgVwb6T9RWfapiwpc1uf,output,target_blocks,False,90.0,
bc1quvjqwtjyuastqfts97y0tmzyk8d8gavj5a443t,output,target_blocks,False,23.3,
bc1q3sy3eld0c3xpzg8ewr8njpu3yq0khqc6cwfeje,output,target_blocks,False,25.7,
bc1py7k84nacvmmhtzn7jk6fxekm0kw0ljf86czgs3q3uddku7cezcwsuxsweu,output,target_blocks,False,23.0,
bc1q04q3tkhtfkl9ws39lf8xf3kahsqk0r2lndc7q6,output,target_blocks,False,28.3,
16K7KM2EdVeL28ki94f92c1opiCRx1ZCVz,output,target_blocks,False,21.5,
bc1q7k050e0253h87pvxx2zjkjvk23h7c5ryjqc8ts,output,target_blocks,False,28.0,
bc1qgup9a288fqmxax859gjzqv42fr9ullpjfrhh4z,output,target_blocks,False,25.8,
bc1q4dx3wj4nf4u4qscrdsyxrlstsn0gfnfq0zq82a,output,target_blocks,False,89.4,
bc1phgdxraz67704rvy4jvzgk9y9kmanxx6tlsl2hd689ytk77uy84xsnvh7p5,output,target_blocks,False,22.9,
bc1prtdxxyywlt7s552vr27lpv3k2xpf8ckxx8pe0ywjw6y6ymmrh2hqlhmmqk,output,target_blocks,False,24.6,
bc1q7zkuwqx9puflne0wekhvsqqgr86umw3zjxtv40,output,target_blocks,False,23.2,
bc1qhr44d9ynh4qknd750rzdjyecshercsv02l2jgv,output,target_blocks,False,23.5,
bc1pflpljf3mqjzp8xecz0mjxfhdg60yqfhnglcm9arq6c6a5rl696asgc4kfe,output,target_blocks,False,24.6,
bc1q6p6qnj47dlyz0aycdjeev0rc6qqyc8t70cm90m,output,target_blocks,False,87.6,
bc1qldk0vkm6fulnwaanxm6fd394027y9vqjlv2n0r8gv5nvx2zux9ushfc083,output,target_blocks,False,21.5,
bc1pvu3e7nsafkyj2gkf2uyw5xzh5xygvuwgzhvcgduz5l2zuh3x4m7q70w5xs,output,target_blocks,False,25.1,
bc1qcczau8ep6xv695s0w3yzyyc758xjhsld9hg7m0,output,target_blocks,False,23.3,
13aztgLEdbQv4gYQDXvncQwpJ4oyYbxPUY,output,target_blocks,False,23.8,
bc1q6nhrkvjghuzplp06elvr356422w3ehg7g6628x,output,target_blocks,False,23.8,
bc1qch8qeftjkdgs7ljnnsq8e7mxnr8yvzx89w3gfz,output,target_blocks,False,87.3,
bc1pz6sh480m7a43vs5nlwfvf7k0l85a49ctwnvauuxdcql4wrwhxqhqpap82c,output,target_blocks,False,22.5,
bc1q4v4qhl84sf2zqps9u7gh8pyvwte7j5dsvrd3tv,output,target_blocks,False,90.3,
bc1qu7akmxqqzt922hs68czuckfz4z8992wvuj5qyl,output,target_blocks,False,89.6,
1Fj1tDM6dgo7SUyt1BLt6hgNVMW7vrvJZR,output,target_blocks,False,25.1,
bc1qk5tfvau6xewgvzlchfv7d4twjvrzxd2ecuza740v675dfvlcpu2qld57uu,output,target_blocks,False,23.5,
bc1qml3wt2fess2cpp74a6k3y3vhk37pnelem5lug3,output,target_blocks,False,24.5,
bc1qeclcwa6m365dmaka2dzvqv8vqqrn2mx2al4xzv,output,target_blocks,False,22.6,
3Hpf9ScQnTwAg5RZiYpCop3J6FBxSsrb6K,output,target_blocks,False,21.8,
bc1q8cs8xpywgxq43njq0epqvrrtchp378rljse4kc,output,target_blocks,False,87.9,
bc1qqt98gvtza52zhfp7jfk77vxfr3dgmul874f8fa,output,target_blocks,False,23.9,
3BfL5Wx3qSXcuCTfG1BxzF8ucafrLubpGC,output,target_blocks,False,26.0,
12W4DocPSpqEU8194fBCi8DufVhptzS2Ju,output,target_blocks,False,88.2,
bc1quumxu4mzamltq28wgk8j7d2672mnwllepvpk3z,output,target_blocks,False,26.1,
1MzoPLfhDq4YBKZ8fMHDm4MvgbcC712GpF,output,target_blocks,False,24.2,
bc1pju4g9x5lmpgu5z950w0dmt06ye56ugvc0nyq805ae9uk2vdc324qnjvw54,output,target_blocks,False,23.4,
bc1q50p8r4gxe72e53cyee4394ptfmhstgecmukf6u,output,target_blocks,False,24.0,
bc1ptemglequk727akazvv0uk4xngyknxj0dfevr66klfcxfnr6vwqyqjzq47y,output,target_blocks,False,22.3,
bc1qfu8mfyaa8zyrpvdjzk8acuxe5nrsvx7dyh5q4h,output,target_blocks,False,89.4,
bc1qyqhzymmzpxfq8dva03tz6qvtzn268zuwn67aws,output,target_blocks,False,22.5,
bc1q70s5dqe37gs8yapgc5q0qmvyuvzlcgvze9z9ux,output,target_blocks,False,22.2,
bc1qnpdn5sw485t4lnycf5ueqkf0khc0hfw5xswuay,output,target_blocks,False,23.1,
36QhKbsuDJpJACoBjF5nVqB8zKz7vePEDQ,output,target_blocks,False,90.6,
18R8w1ACBNgHEdiZ7PcCVwJ8zq8G5Px7Zi,output,target_blocks,False,24.6,
bc1qlsu7euewu0pttxnujv43rfvnwskzlkxxpuxxvz,output,target_blocks,False,22.9,
bc1qcfu8rhj2ltm0g0x57kq6g53vgaqzj005yuqd09,output,target_blocks,False,106.8,
bc1qxndjc2jxs8y2m574rckndkw9xedfyduhsmptez,output,target_blocks,False,24.1,
bc1qqem5gdw6prn7fz6hfl54krjhzp66jg5exyah52,output,target_blocks,False,23.0,
128M2bapZGLvoEPcH7dPVAz1gM4T1vJKwa,output,target_blocks,False,22.0,
1KwujBdAhmTTArY4SjSGmUkvdWLM3hvaPF,output,target_blocks,False,24.3,
bc1p30z74vvadv6tvnlp6jmw2cyxunulvssfp7sr77pnl3tzca87yekqpnv453,output,target_blocks,False,22.8,
bc1q4c20lxctv734yzggr6nrcxa4n5w6je6vjdgqm9,output,target_blocks,False,22.7,
bc1q6azcv08eav3cza4veu2xxd56hgc9vcduxez4rh,output,target_blocks,False,21.4,
bc1q20qvlwpdplxpelmdlf7v53h244jctefrzcjjnmdn6ywc5pt0d5usg69ta5,output,target_blocks,False,22.4,
bc1q2jyn2euxhprdelcl5jlf8yfe9f7xnxqu2l3nvw,output,target_blocks,False,24.0,
bc1qmjer5pz4xyddjutztpwpdrrj3unu9qfzkhjxej,output,target_blocks,False,28.2,
bc1qlmlxp4e3qg4z7gnexvykslu6w0rdnv0eyxf5qj,output,target_blocks,False,89.0,
bc1q0n24z24pc78vkw7f57l7l7u42csylggp7hq7qq,output,target_blocks,False,24.1,
bc1qqjt7jzu7j74l7mxqprk6fk47w79k364wx5p03h,output,target_blocks,False,24.7,
bc1qyerv2jptl2gkpty23rs2cqx5g0g364nyrztvwz,output,target_blocks,False,22.7,
bc1qwjtfdf277754vawx57h9hs3w06cu76hcu0ylrx,output,target_blocks,False,24.9,
13VwtGrPZ34PQeNMCZvYcNAhn9PRAwHK6K,output,target_blocks,False,22.2,
1E21erSg7Ca2WP5TX8VeGQSZqvSrjBwdUn,output,target_blocks,False,21.4,
bc1q2n5g2yrfhmrmuq8udgw7kplealavl426rk7w3g,output,target_blocks,False,23.5,
bc1qg75j0qw7gn3dc297a08yr6a2w3p9859rdvq9m6,output,target_blocks,False,22.3,
bc1qgpced5yhec8pgrcj9y2xk8pslecaxcgukejn3h,output,target_blocks,False,24.8,
3CmoB6Ve8wY88FV7SJden4mFerZZaDa4sU,output,target_blocks,False,21.9,
bc1q3cn6wsh9u3zwdz84smv8stn58z7glyajd6cgrt,output,target_blocks,False,21.8,
bc1q6euxgrrcacunc0tcxcmjey9rlld790mqc4f4vm,output,target_blocks,False,24.9,
bc1pmrsvpcv8k5m5ts5js4jl0z30wndv2j90f3gm08et0xueftpwhxesjzfyea,output,target_blocks,False,89.1,
bc1pgf4qsuj9rk0hdyt9xukrr3r3eds756kgnfrr2f8arnwaculxkh5q0pyj35,output,target_blocks,False,26.3,
bc1qtl24ht5a8qd0574xpy3n7ttpdpewzleqx3tvhv,output,target_blocks,False,22.9,
32Vre61xWTkSFLNvc2VjY1vG7LmgkUyyP9,output,target_blocks,False,22.4,
bc1quwvmcgvsf7lf3gekke9qdm6munvvvssujrapjr,output,target_blocks,False,21.1,
bc1qzs4h29q42yepyajv8m6jxlmkcm493kkx3jsy9e,output,target_blocks,False,87.0,
bc1qfqqugmp7e40ly4y09ps66yxsmhu0fu49gl2xkf,output,target_blocks,False,23.6,
1q422ZgdXs5hrzBuqnonbefpbYH7ycb8o,output,target_blocks,False,22.9,
3Qo83p3eoWr9XPHSGcRdvz4gMxVHjb3F6M,output,target_blocks,False,22.7,
bc1q6xldq4smqadfu8gsv9h5w3vhtte69ye0lyg0n0,output,target_blocks,False,21.8,
bc1qymtmej22w6a5j9txjk4cvmq98r6jx2tpqnjxtp,output,target_blocks,False,91.8,
3GwcduAHTvhVtLPfhZvQkpu6XcNgmvKuUf,output,target_blocks,False,21.4,
1MXmTE5ccox9LGGcuunLebBgNFENBtD778,output,target_blocks,False,27.2,
bc1qnl2ssu4ju53a6ka5wm700qeyux5ynl0fgwmhg0,output,target_blocks,False,25.1,
32YWxEJubaMVbcsuEhqnm36boPtudiNhJB,output,target_blocks,False,33.3,
1MUVbqHzjv285cCJYvfzYHAFs7uXN6oYCB,output,target_blocks,False,23.7,
bc1qf9lzf79x7cns0fr8ey5wwf00g2yl0ref4jvcy5,output,target_blocks,False,28.7,
3ChTcvRGikrDoPfE2D2phsh7Z7cmKfM5sK,output,target_blocks,False,22.0,
bc1pjldqvnrqyak8jx4azd7sv6s8xwshe7tfq402wzhgqfmavurgpuqsaavxdw,output,target_blocks,False,23.0,
bc1q5sjpl9zkck2usmrqattdn5zxuceg94g0cdm6jp,output,target_blocks,False,24.6,
bc1pxvmkvrmzk8g73jhjq835xkj9y8kscshfydmpjkmatlmm8z5h8feqrkc62j,output,target_blocks,False,23.6,
bc1qv3ct78hpras26avcgvzeemen7zder59f47jyyk,output,target_blocks,False,23.5,
bc1qxafv2h7q5e82ufx04z0fxvpjlssqcns8snem2h,output,target_blocks,False,25.1,
bc1q6xwm9dvm6tqj0zhdktcdl5k9ghvstxasrjz6yw,output,target_blocks,False,93.7,
bc1pz408m28t82padme37pwy6lhl95zfwqtrhqlctr6gvq2q59ldjerqqclmm9,output,target_blocks,False,89.7,
34DU1wTkUEPw5azbRgNnboc9ixBpcrDC27,output,target_blocks,False,24.5,
bc1qf3rdeyvp5wwj88ymmec0l9ppphhw7phjcp7pf3,output,target_blocks,False,22.1,
bc1p4ex5emshsxjhgwnmy3n4h43g7lwkj057z3hwuqu3yv23m6f2q7vqsax0sp,output,target_blocks,False,22.2,
3CMLTZBvr6X5QEqyigKPCbbQuC2GiqNxby,output,target_blocks,False,24.8,
bc1q5e4kuxxfeq9kvculq9h6v7kl0pl6etga97rumf,output,target_blocks,False,24.1,
bc1p4tg9adl9htgdjzu8ftd407jjp5te3p7yyljqysnkzct9yujsgcjsqun3av,output,target_blocks,False,24.9,
bc1prffe5mqpsl3we04euk90yagvm344ns9maldkcaj6y38w7st30h2sgtmz3g,output,target_blocks,False,23.4,
bc1q52l7gjyc8kq9w4kchjcu66572s44npadnry8tr,output,target_blocks,False,22.5,
bc1p3z76req24fv6wjtgv5vkhxkhn8dylrgcktq9xrq7eptwhy0vmjlswzavgp,output,target_blocks,False,90.9,
3DZ5GF8rhkownf479RGVXXxWQNgkkCbmps,output,target_blocks,False,25.7,
32GVSnfc4yeX8dCHbpwGwpXRvftG9WniTL,output,target_blocks,False,27.9,
bc1qgutkfnzqz5yjvdnu0dh38usyccne98kjkm9evg,output,target_blocks,False,24.4,
bc1q6ven5tem23f9589jjd3zp6fjgyv660kpvlmpdk,output,target_blocks,False,24.0,
19JA4wgmdrwZmkntpDhmNFmTWJXswrdSXQ,output,target_blocks,False,22.9,
bc1q7sqhtmvxw3lhva7ugyeg0d5zxz08jqyyp05nvh,output,target_blocks,False,27.9,
39hCpzZzoPGmiocu4SpkMKbpt3JS4ftpiz,output,target_blocks,False,24.7,
bc1q7379ctelztrvms5lpgcxz2h3jv5y0u0fjfzh02,output,target_blocks,False,22.3,
bc1qqq7hxarpd4cr57ezwq3r5gnnwf3j6v3sygkzymmsygazyarjv9hqylmqeg,output,target_blocks,False,24.8,
bc1qwdnx2u3z9s38g6trdv3r5gjf2f85us3z9s3xzmt5ygarzvps05qq96v222,output,target_blocks,False,92.6,
bc1q0qt2k6tzde782z0pp7lldn0exk0gpgtf6fw2yh,output,target_blocks,False,24.0,
bc1p59ft5sgsgmr9zcue2yh4q6wlgsacy8edntmdmllyuqdvzp05mhxq6ee5lz,output,target_blocks,False,23.0,
13p2GT22x4D5WCWuAX6y37F18HXAVeLVVL,output,target_blocks,False,26.6,
bc1qnr7rgvfu8avrmnvvfu8r4q7xvqev4hu9x5827g2nhnu0s4xe7z2sswutht,output,target_blocks,False,27.0,
bc1qpjg3njdnn9zvxhe8t60yxp2wh5eulqzs4h5hs0,output,target_blocks,False,27.6,
bc1q9a2235dnznv8j0yzyqhxavqyady56pl2lkdmzh,output,target_blocks,False,91.8,
bc1p72x3pvcv96ypgh9475mfkwhztd24zqsze4qxt7fwj220wesr5qtqcyt3a6,output,target_blocks,False,26.5,
bc1pw6qmzpzyza870y8zdtxa8wl6kx7pqw5fwhmhj4w6qawgn8r9qlysqtqcld,output,target_blocks,False,22.0,
bc1q7xkk69e9424025p3t0k5dex48x69h4wd7ddur9,output,target_blocks,False,23.5,
bc1q9skdvvstydkqy6kd0aanl6vad93hsrzc3g3kyp,output,target_blocks,False,88.6,
3K52Q9gTTihS2idNUhiRdZvgqAQUDPJ53f,output,target_blocks,False,26.0,
bc1qwv0cnsmz62d2jngw9frtauw02e78sju7ztadzgequangrq3x4mfqgcsxxn,output,target_blocks,False,90.8,
bc1pvczw7y74pwgy5k34w3qtz8uehutuxd28tdxfuymd4p3ms5epm8tqh97s37,output,target_blocks,False,91.1,
bc1q58kwh0w9tkxk0eu0jkf4zzfltwpkwkcucjnj68,output,target_blocks,False,25.4,
17vAvhFr1ZBnwEABZKbPQzr6on89NpCiSz,output,target_blocks,False,23.8,
bc1qa7tnks6ahd72y2arukypyffwn07nskhmpzc6zj,output,target_blocks,False,22.1,
3QU38jFhzmHjEqw56JJEheEEuh5c7gYtN5,output,target_blocks,False,25.0,
bc1p4z5qn45rvu8vla6h0nge6wu5uyf423vnc9rdww3ffulgjmxjf3pq2gycjg,output,target_blocks,False,21.7,
bc1qywvnetlhtxxesw27g8c8f9f76f6amrlddaf2zq,output,target_blocks,False,23.5,
12jTzZkq4EkJwtCnFyQDmSjWKnsRX7eiKc,output,target_blocks,False,37.5,
1GMtVdxRhMHM6C1JmfxbvThZbjXhH22wmE,output,target_blocks,False,26.6,
bc1q7x8yaryhj6n9hlk2krmxylwtn4t6f6u5te0vm8,output,target_blocks,False,31.1,
bc1q7fhx3gdx065sdak6wl4w3ry7h8khh9fmvna0nr,output,target_blocks,False,86.2,
bc1q025nfxjk9g8m83jfglgdxcv9fq0yhfjpz3d65s,output,target_blocks,False,24.7,
bc1qeamd7esuw0nd8hq4ytl43fkrg9q44clwf52e6m,output,target_blocks,False,22.2,
bc1qkry2egw04zez9lemsvgkfrwy559rtllp7etsa3,output,target_blocks,False,23.6,
bc1ptxhlp0vqajuhcjk0uacgv7rtnfkeut8fjard0ny69l4fsxe3lwkqqdmphr,output,target_blocks,False,23.6,
bc1qt5c85j6uprwv5r9vjt87m46jhjhs0tmrks25tk,output,target_blocks,False,24.2,
bc1p46zadj83j57dfczh9a8zrx0dw4hku6sk7pl8yxatt5gtr7hxydpqxrh067,output,target_blocks,False,23.8,
3EaiATNYKw6UT13YaM5GztcUMweLNuGJov,output,target_blocks,False,22.9,
bc1qldlkn89gv7t04p9yjkmugmdpth7axrazuv6lvz,output,target_blocks,False,22.7,
bc1q02z4nqgcazh6pjsfnytm7t88ad6ka8p682jv94,output,target_blocks,False,24.9,
1BLmUJjjQgu6sC4AC1fBCH1krm58uGnKt5,output,target_blocks,False,23.8,
bc1q3l39d33xpkmt7dt82q7xqh6jsawhgnctjdleda,output,target_blocks,False,23.6,
bc1q844zkg0fmkdg3yme05cjx4luqd5kduhltjmmp2,output,target_blocks,False,28.1,
bc1qccfp2ak8sefm53pwzw944x5sycxa7jl8feshze,output,target_blocks,False,23.6,
bc1pc0p0p0lnuyg37wfkjadyklzvl6v4thx4dpkwh3zqz5tswnttns5qdrttk7,output,target_blocks,False,22.2,
bc1q4xnqzf67zy0czgtlr2ehz0w94zzsu6wxtzyzla,output,target_blocks,False,88.0,
bc1qcxu9k2hndplqx705d69hp6egf0ns07fwr9lmr5,output,target_blocks,False,22.0,
1BMAGWRhnPA3bWNLxDo9BF7z6cLxLyoX2T,output,target_blocks,False,96.6,
1Cw5LH3UqT4ERGdroiqiReGJK9GUXR4DjM,output,target_blocks,False,23.2,
bc1qxswnz05fh03tl3uyrr6svnj528pwx43e3w0pzw,output,target_blocks,False,23.7,
bc1q3rrm5aqmpqf78r27p9cghuknk0x5rhufpw3pvc,output,target_blocks,False,88.7,
bc1p2jzxtwpm07962hxyzzxn7gpq4kvkht86cuypzldpt6jm8qw3g2ysuchafx,output,target_blocks,False,23.5,
1F6DA1DsvpXLTARpJvNTke16LeZEsivvGu,output,target_blocks,False,20.9,
bc1pqlw3cxcu3eterzezpwvzzq3upmfnqq2jn3qpqzrdsmde5h0anqnqltgzje,output,target_blocks,False,29.3,
bc1qnkw9nk5hftra4cyq7sgt4qddyntw9t05dc92qx,output,target_blocks,False,30.3,
1Hnm8bUgNeX83XHvoZjMg89vSs2BjJYoiC,output,target_blocks,False,23.0,
bc1q5xl644htjhw9xuzgnm82p323scpswf3u3r90vd,output,target_blocks,False,22.8,
bc1qls7d044uquyj8j5pz36kkncgfa6y3mu33fm5f0,output,target_blocks,False,23.4,
bc1q40dve8cmyelez7uwfxs96agsavew2p8t6q09l3,output,target_blocks,False,90.1,
bc1qklky89a9sgmjnhrpx24afh98nvfre55wlr94ha,output,target_blocks,False,23.1,
bc1qlfwkf9v8fxxx8tzf4rd6956hsacxv7j684zv65,output,target_blocks,False,22.5,
bc1qx38fxx04hcrxmgquexv0v44peyjnwa00d4z4k4,output,target_blocks,False,87.7,
bc1qk7cs2h9uvdlxkcx5sygex709zrlw994daa4mxa,output,target_blocks,False,23.7,
bc1qawhtxp663mpuqskphtfqaj3yyx073hcsa7srge,output,target_blocks,False,92.1,
bc1quuakadw8jf39227restv9aqn9q8hh4p62xkp3d,output,target_blocks,False,87.1,
1hDwL7Kkg4pmT6QPxv8u8tinaBpGSCYAq,output,target_blocks,False,24.3,
bc1qsx08xdkdjczgn8p8cg5wgnk0t4xjrwqra8ca4e,output,target_blocks,False,25.2,
bc1pqfplxyhdmzsz9fgrrymvgjwed6uz0dphhqq92t05jhnl2k7pgdgqacrpku,output,target_blocks,False,24.1,
bc1qhle3c3ksykypdpqrmek7r9d4r7cmn7fm2x8qfe,output,target_blocks,False,23.3,
bc1qt598nhfdvqas9x4874fawzhk20yy4al7q4afwu,output,target_blocks,False,21.2,
1FCdcaLi5WsvGGxg5NuxFBrW9FqcAU42xM,output,target_blocks,False,24.3,
1MQnmhZ6EyfRLb4xotmoEawuoSdn2R8Y4j,output,target_blocks,False,26.1,
bc1pw2vtj5xq5hrltzj2dc6nuew3wmula7yfhnv3mujyzqkk3c2tekzsuaj2zw,output,target_blocks,False,88.4,
bc1qw3trzf86jmdgxxk4yr4gecg8ch6xfxx8awrsql,output,target_blocks,False,25.9,
bc1qz20m7fms3uk7d8rm6s3eqajspsrvy8az099t29,output,target_blocks,False,24.8,
bc1qz3wqmgypw9gr87c0ceh8wcvdpg0f5hr2rlu5w3,output,target_blocks,False,28.2,
bc1q65sj5p58yqaqwwn4zs4m8gusmpfm25jx2vrvyc,output,target_blocks,False,26.8,
bc1ql42v6hkgn22uudlgqc4e0093q4zt3xhxtca962,output,target_blocks,False,27.6,
bc1q6hr6s5a4h70ee20vgxaaydcgys4dv5as2ckkf8,output,target_blocks,False,23.8,
1BKjfk2YPwdnTqRYcyZtsvUez3tKcqiHEs,output,target_blocks,False,22.8,
bc1q7njjkcnmgunvl3kj9qd605tcyny64nk477c2wk,output,target_blocks,False,23.1,
3KKciRzwmzjGp9EmjfojJspoURfrH7GwLu,output,target_blocks,False,21.5,
bc1qnenzvkln7cx6lap07emj087s69ung705xx8nqq,output,target_blocks,False,23.1,
13mLq4BFUWCsS6wei6eiTdHf1vmxpYUYua,output,target_blocks,False,22.0,
bc1qx8mpvyhk098tnvxe67nj6tc5tf89vurxe6zluf,output,target_blocks,False,89.3,
bc1q6us8050sk9kqlgtqhmpmhu9uleuur0xtqejj9f,output,target_blocks,False,22.0,
bc1qj6vfcusv4kmeqzhh8ze0aehryuf582na3hdk2m,output,target_blocks,False,23.8,
bc1p4h9sy32x2cms5nyu9txjygjfnm7h3w8l6gty6h3xhtwsvgvj4tmqm0zzh7,output,target_blocks,False,23.9,
bc1q4072f4cqhtn472tu7kjvqnzf7yeqfg4x5f59d6,output,target_blocks,False,23.7,
bc1p3md7skgy30tchep23xy6arm04qn4gvx53rtu68ntzzyv9gfrjcfq5rqtre,output,target_blocks,False,24.5,
1HxSiAt2e63jUjkRre1pMkhtckFnzoezCe,output,target_blocks,False,22.2,
bc1q3t9kq2m8e63ln8kml2e03yq7kqsx3u07uzaxkv,output,target_blocks,False,22.8,
bc1qp5mugd2uqleknm60y8fmtv8w8meh5zc4kgdgwa,output,target_blocks,False,23.5,
17tZUJJJDs7MxJwiMTo4nkPEqWVvs51Xqa,output,target_blocks,False,21.7,
bc1qzctfzqdj3c0pjdzrsqhc58hjwpfhekeyjlwfng,output,target_blocks,False,23.2,
bc1q4hjuwwknprr583xl554mxdzspr6m6vtc33hh387g2fp5g9ll7pss2aj4dn,output,target_blocks,False,22.9,
bc1qqrcjygy2mauz84wwp9t0mnavdn8pxy3zmn6e0j,output,target_blocks,False,22.9,
14nztPrMkaCJXsoGLKHu1RNzfZY24X4vtL,output,target_blocks,False,88.9,
12AwTtwyzrNotJXtnPoY7ri4FRUSwEERC2,output,target_blocks,False,22.1,
bc1qfjcmq5p2md5zg8phcjef0kd0meny8vn35cfcz3,output,target_blocks,False,20.8,
bc1qpp0dfsv25e4q5a57a0cp0e34t656rrmxms64qy,output,target_blocks,False,22.1,
bc1q2tstuhdxcne099e9rs90l8vxdjk3sftgwt3zld,output,target_blocks,False,22.1,
15AunNrjHVASCYhmtnpHkoCoP7T3q2jC2e,output,target_blocks,False,32.1,
bc1qzgd7z9wkny6cejnvmlzc8vw72gte3xzf00x8tz,output,target_blocks,False,28.7,
3Hs7WQ6FbHc8MWXEjA4VYB5Ni6xmVNQyeG,output,target_blocks,False,30.5,
38qbXLsxmzqXRBPDdTHb2HMdQaMkYuNGy8,output,target_blocks,False,23.1,
bc1qpdgmhsjpkppz68grsjun2hzdm6ccdw3vryk464,output,target_blocks,False,26.6,
bc1qyufqq75g85z9wkzg7ny828yrmk43e4pjmgrvp6xfljx4c50t9rmsmyqvs7,output,target_blocks,False,23.1,
bc1qqcmkv4lgrhut2ck6mqx802hsw3933mpn9emkz5,output,target_blocks,False,26.1,
bc1q6e8zp9t40gg3r8vfr3x6pen6hn6jpnm8m4au9t,output,target_blocks,False,23.8,
bc1qdakqnnxnt7mq2s274lsu6v5lj7zzzkv7v7mmx4,output,target_blocks,False,22.7,
bc1qnxjlzwpvraxjgu4xjwewe4k2qmvyanhc2c8vez,output,target_blocks,False,87.7,
bc1qfdj3g8nq0ysjt4kya8ksneawyjwd7ghj77y96d,output,target_blocks,False,23.8,
bc1qjgs40d2lxkft8s7e5sqx3k8fc203dznx7ar5k4,output,target_blocks,False,23.0,
bc1qkvtx2m4wcrmh9rf9w0ld8gp9clu2s87zfhfyq3,output,target_blocks,False,23.3,
bc1qm2fl24z75agdsxtypgkzfayfyvekleddt7l96q,output,target_blocks,False,21.7,
bc1qjtl6dg2jmwvjutad0d4hu7d8wgpfa55n7etdj3,output,target_blocks,False,88.0,
bc1qem7n7hnxcy5fjkvhkwryy4g0vs0d33ck04z2u7,output,target_blocks,False,23.1,
bc1q3vxngynfamxtahk0ee59mvfrntuzangcqfawca,output,target_blocks,False,24.2,
bc1qtsfslp54msqg3kfj89cs9uj3clvlwk9vea8vsx,output,target_blocks,False,23.7,
385mWcYzhGKWT5cbmdz3Dfcwzo5a8PQui7,output,target_blocks,False,24.8,
bc1qts9xm8m227szuhg4zvtcwupcf5gpenerkwdfqs,output,target_blocks,False,23.8,
bc1q5n5sp0nfmppzhp39pgy6xachun6dfpt0kyvhx4,output,target_blocks,False,22.4,
1GzxQEbE79NnoxoWaBpM39RVjWzxJH8n5u,output,target_blocks,False,22.3,
bc1pp3r9ltg4a9v5x7je2lgz22fy3f2vzkankhwqmdkufhe3wl2tvj4qwwmvmd,output,target_blocks,False,21.6,
bc1q383ljt4xyd32xdh2x53u5fddeu2uta6ny6uv7t,output,target_blocks,False,22.9,
bc1qxx5gqy7xzu7t6393awlfncpq3k4h9tcgz9h0lxl2q22wtuv4ldrqxt3ppn,output,target_blocks,False,26.4,
bc1q6gemcqhg9thlg8qnrtxs9rtau65tep9e2zgy6l,output,target_blocks,False,25.1,
bc1qvz2ndrf2g325y2xy8gcj2n2mn5dwzy2es5p6nf,output,target_blocks,False,25.6,
bc1qukd72j3ytm4w5g9s6zsk08wes5zts69u58a9we,output,target_blocks,False,23.8,
bc1qjgxgq2fpq3s0kmhxldte8yjp5qhv7ghsyzhs7e,output,target_blocks,False,22.4,
bc1qmnuu4mjxzs2yul0ppnlyu0vyz2rtcsz5tztkcg,output,target_blocks,False,22.7,
bc1qar348k9j0zps067xtja8zshzdl8tvgk9ja2ge3,output,target_blocks,False,87.2,
bc1qlv4ws9v6c7q9wgpv4jseseusg5hphrnr4a0anx,output,target_blocks,False,22.4,
12EH7kY34QbUXDdrGzi9pp8xEHiuuo4vut,output,target_blocks,False,22.6,
3HbrAnjKE5kNgy1sEE5cnGTp5y2vCirj31,output,target_blocks,False,23.1,
bc1q6w3zk5pjy6569h3urz0d3lx5unm5x43fevywfa,output,target_blocks,False,86.5,
32zagGvJDm6zRFJHRv9rpUiY6Sh5hrhhax,output,target_blocks,False,23.5,
3Q8w5BYQokJV18oGVL2kjgmmKAipR8b76k,output,target_blocks,False,21.6,
3Ac5bPnGAnhBzH5zcNkPDUm8LxrDAh2FaY,output,target_blocks,False,22.3,
bc1pfuznt2d8q922qez00372asqmk6hw2qwqx4dytu583flt9esswplsj5hnt4,output,target_blocks,False,27.6,
bc1qvgwfueag6alfyvewh7vkz38saqnlyhhp7e2uhd,output,target_blocks,False,23.4,
bc1qxvshqzvwj7s3qncgyxpql33h04ur9zddxkucra3z8ulzpjdta27qq7pkek,output,target_blocks,False,22.4,
bc1qcy9ejtyzactuv5hl3lf48nuzfznud4lrrnms89,output,target_blocks,False,89.7,
383uPZk97inZAj1JhGKeCa73jAL9oprrck,output,target_blocks,False,22.3,
bc1q27wl4q5nl9683et93h3hxqeauldn6vfkmqn3h6,output,target_blocks,False,23.6,
bc1q43j9ne63efnxzfshnptwzpy4vh563525s9zvsg,output,target_blocks,False,21.9,
bc1qsmgpwv9axyun54yy2vck58tl2ynrmcfjye8330,output,target_blocks,False,22.9,
bc1qpgcr9fcf4n8j7m7ylq8ljn89km4d9md0pgpugd,output,target_blocks,False,22.1,
38LUfAwxsKoYCWMQbwzocRBCALj54FZc4v,output,target_blocks,False,22.7,
1Lbf2nSbDjCWhXk566fx7bpAk7xgK2Zag4,output,target_blocks,False,24.1,
3FAeJXTesRdUZQs7qQN1xtHpKRa1kA2YET,output,target_blocks,False,25.0,
bc1q82eg65qu4d9auq8ktpl4qe9p4qw8we36973lsj,output,target_blocks,False,27.2,
1H3YrexoKBkZCAZMh8vUUpg1oCQgF4LAJp,output,target_blocks,False,27.0,
bc1q7yrxtrhsr008v2dndfu826n22lakawztch4hj2,output,target_blocks,False,23.5,
bc1qr6t6hswahqvw6xh8ax9rtyslnk7arzxjtt4hyc,output,target_blocks,False,90.6,
bc1qc6svx7zqwqzvw8wf4qgwm6sqpd98rd2z5zl94f,output,target_blocks,False,22.1,
bc1qw0xfvjhy4tz6jk79zuecvkjgd74x7ejw5xrmj9,output,target_blocks,False,23.9,
bc1qhnf8lk4skw9smppru0hef86qh4pjkwn9yayq50,output,target_blocks,False,89.0,
bc1qhrn8m4mzrx3z8rkjz2f3ads6p4v4aadfn2z9pj,output,target_blocks,False,23.3,
bc1qf5jqkjdq493n2k8wr9ypnaltxc7avd0fpqxchcrtpffm3ax0g5hssq3a55,output,target_blocks,False,31.1,
bc1p8xgg243xrhqsjflgyxxmnuagat88tu4y98t8yyhqd8s4k5l2erpqzrnp6j,output,target_blocks,False,23.0,
bc1qyn629st2vts9w3tn64ugsnq4mu8mp8te2wna7g,output,target_blocks,False,22.6,
bc1phpcka87g8fpu3h6erednnh3x2y48tuteakp3stwjsz3mku3py56qdazwfl,output,target_blocks,False,23.7,
bc1q2jfxmuegeq9ms24xe7j5paaavzk4sln5jjyd0z,output,target_blocks,False,87.7,
bc1qask4hu7yuede3a64ypf94wkmt64tz50ter5yp8,output,target_blocks,False,23.5,
114yr4A1PY9cy8emBM31aCo1VsD2WwsRaZ,output,target_blocks,False,25.3,
bc1qd8vnd9fzx8azmqp7pkz70u9r07l0zdu2v83r4r,output,target_blocks,False,22.2,
12kGyuJ3whVjK7NECqdZG72cS5tF8sDF67,output,target_blocks,False,22.6,
bc1qmg20tru9mdzxz8xg32r8vt728vqe5v0gvuma6s,output,target_blocks,False,22.2,
bc1qf6v9e245n72dte3qmwvj2vwrvg9u87qtcl3630,output,target_blocks,False,22.4,
bc1qw8jgeq9krqxr40nhps8268hvxef7e446yy5dwf,output,target_blocks,False,22.0,
bc1qqw2lk3xmxdglavjst0azh8shssash7nj9mrkrm,output,target_blocks,False,23.5,
bc1qpnk0shp4jetalmamxcy6vvmrvhhamswmhprlcx,output,target_blocks,False,24.6,
bc1qxlj2nnvf6z6fcpk3e6pmgkkzcdwv7vx87du5dt,output,target_blocks,False,25.4,
bc1qzlwvh4ksr2qt4wm79zjg87ylsennm0znuuslrxj5hdms3nx75qaqdhrzq3,output,target_blocks,False,33.1,
1FXnKrkMHCFYVTpwTJXd9waHk2S25J1VMp,output,target_blocks,False,27.3,
bc1qhapss0y5xyth08had8ngq4ervja64sl9ehy05u,output,target_blocks,False,27.5,
bc1qpqv6qa6jngqc6wz2dcmxh2f74qxycktedayd2g,output,target_blocks,False,88.9,
bc1qsjue2mv5q2uf4leq0atqfnspanhazc8hlj6lty,output,target_blocks,False,37.9,
3GzXydDkwQAwieJ3ZbNLaDErhnugrWs5Br,output,target_blocks,False,24.2,
bc1qe46ywz5n5nlfpgsu8c7eyr3zql924yc30xwt55,output,target_blocks,False,24.3,
bc1qntfvx3nzcufl54k0l657gh5kmpcymyk6ywf2r4,output,target_blocks,False,24.4,
bc1qz8a9030lx9z5h98wp48kg4ld6cmxrnzvue7n8v,output,target_blocks,False,25.1,
1KbDEg1tDz2ErYgaDbaDhhawnLrSQFaFx5,output,target_blocks,False,25.5,
bc1pz5n8a6s6q38xz4zsq6lf964rzstyepesmxvpk8j6lmvqjswllhfqjhjnzf,output,target_blocks,False,88.7,
bc1pzva62xr8w7d0mlrz8k8twlc05ytj7yyesk3jxax4wupax2kr2g5s6lcl9d,output,target_blocks,False,24.9,
bc1qff4a07hpxz8flv2327kdwfwxw40qe0ylcmyvx4,output,target_blocks,False,26.4,
bc1q4k3aujqw37gzwehsydcqexkp9hg92h8tfznse4,output,target_blocks,False,24.6,
3Apdx2vCude9Dy4uK7q3WmM8Z7BL9tUsPv,output,target_blocks,False,24.1,
bc1qzfxmjutnlkjg8s8lp6eca0mg93mdqv4cghmlyy6wmfpncg75pyhs55jmcu,output,target_blocks,False,25.5,
bc1plwcmyx3xydxuxmrz73dak8vyjfeelec3v3n6j6synz83nj32hv5sl30r6m,output,target_blocks,False,90.2,
bc1qjjzsy56nm2rjgw89uszrc8m6amgdje85y0h6qv,output,target_blocks,False,24.6,
bc1pkuht3vjpp00dl5gds7cu3r284yte9jpawq7l4s0akatpywjfem4sy08mzg,output,target_blocks,False,23.4,
bc1qd4vfk0wsgm5gjc222w0j9keu6zhht8gcjr23ea,output,target_blocks,False,24.2,
3HjZov2nPGdHvxxGEGAwEhVfgHUprXMGJb,output,target_blocks,False,22.9,
bc1px5nj6czjss66ua7ygkaplq0vzr9axmtt8s3pzzjv3jm8fwur26qs6uewcy,output,target_blocks,False,33.3,
bc1p4539s4n27k5lnxjpvkqj77h4l27rec0r9x4xa5a9dcct3r565jzqsz2295,output,target_blocks,False,22.8,
bc1qakppwl99djyckjcxz0qsu7auljxsvpgapu9sv8,output,target_blocks,False,24.8,
bc1q5yf2pq3tnvysqdsg0xqnzaz4s23tge63d5n0rr,output,target_blocks,False,24.5,
bc1pk9swd3q732fg64sc9sc0e2c0vhf3svru9fsptwncwc2r7fjwsgdqz2myca,output,target_blocks,False,24.8,
34SfSr9reDt66ZQAWbf8rsh64bTFGwXBu9,output,target_blocks,False,23.8,
bc1q9r0k3m3qawsk6eq679t32r268p92azfkmz3tf5,output,target_blocks,False,89.8,
3KF8orUS4zmJJHYLGe13sVB9iTqXe7x5LX,output,target_blocks,False,30.2,
3CNCsYBRQEZJNkA6xKCnNHmde9Yhg629yu,output,target_blocks,False,23.8,
bc1quxf3729gscl9jhz8luet0tneqeqg9lrc6xvsy7,output,target_blocks,False,23.4,
3LgUCrE7sLXjcM38u2D8ZAtr4o4BDyBW3r,output,target_blocks,False,23.0,
bc1qlg623gxg2dff06dd9ymv2z9uenuyuxsnt8dlx9,output,target_blocks,False,22.7,
bc1qyr9mane0ynh990rupjyfc664khjkuq9fyh8xtl,output,target_blocks,False,23.8,
3NjNp45LYAvaJ9V14y7zc6pN9AVszmENv8,output,target_blocks,False,25.7,
bc1qdhtwrpkp8x35m2sw484mssglt6ujzvuqm3l3tj,output,target_blocks,False,24.5,
bc1qxx89lvpsh87l0qmh45hymrgwg50yp2p87d90er,output,target_blocks,False,24.8,
bc1qlavtm4xve3f9w0sz8txwv60fraju5qsqzwjgvz,output,target_blocks,False,22.7,
bc1qc5yk4yc5htql98xny49xzsepyvkxtw8qed2a7n,output,target_blocks,False,24.4,
bc1qppp5dxa5u80054r3pxnpqv2x08hy0amwg22kld,output,target_blocks,False,89.3,
bc1qteejmu4gth0mtuvr7nf8ftf5l6hauytsaxf3tn,output,target_blocks,False,22.4,
bc1qetj3nms967lmzrkcxkt8mkgyneqvcflff0hlrw,output,target_blocks,False,22.9,
bc1qv8nrh47532xzkjfjnxc825rsad44afgk2xllur,output,target_blocks,False,25.6,
bc1qxupd00fxk5c8084as76m68wvhhj75j7avk4u7k,output,target_blocks,False,25.2,
bc1p5p356nc50e2le6p4sj7e65e3edg030mcsw6zhug98uylqyzrwwysc5ef4x,output,target_blocks,False,23.0,
bc1qy08unexgyk78jafpzelzlgrresnkfvrcw87a7v,output,target_blocks,False,23.0,
bc1qp35syg8tywhee6htmq8xw853va90ycqxhawms0,output,target_blocks,False,25.6,
1Q71E2vPy8hye8XBBgPoFuVoSCbaYzvqcp,output,target_blocks,False,24.0,
bc1qske2w575fff63twatz27fyzne30sv2z93v96ne,output,target_blocks,False,22.0,
bc1qh2u7h255llkxsdg6qkkx935clylyewprqg497x,output,target_blocks,False,23.2,
bc1qrukt8dd4mdu0aksfnhqfy5nes6pw5qpvcrmlgs,output,target_blocks,False,37.5,
bc1qvz8qdx3lwxn2p2p27cerq4p93gr0tva26k87u2,output,target_blocks,False,30.6,
1BzkY4gHfEorUYc5q7zzfbGMfwtzZxqhNt,output,target_blocks,False,26.7,
3BpYKBv1mUcAyh32LpUc7vdtn1EhkcaBPF,output,target_blocks,False,35.5,
bc1qhp9e8v7smawrwuhld74he6zpk5khh2ez7zanhp,output,target_blocks,False,32.9,
bc1qy9ygewk9f9av7ycnnrcaawgyy9fn0qmmzedx5m,output,target_blocks,False,25.1,
bc1qg3sgzl8l77x9mhw90pxm7vckkhs9c9w7vkuy55,output,target_blocks,False,23.8,
19vMWkWrgB8uDNSmJF5L7x5EVnwDic8E1K,output,target_blocks,False,86.9,
bc1q03d5y455wlhwdfvphu7szlx8aemvasvs524f6g,output,target_blocks,False,23.3,
1KyiWRijDtmkCs5t9EMRj97rG5vuXEYMxa,output,target_blocks,False,22.8,
bc1qmlnd3nmgr3jg4t856p8amfdm8nxscec8d9cpzgd76rzm6zdjgt5s945pe2,output,target_blocks,False,25.2,
bc1qvvw4mqtmwaksvydw6lku45px0upuppxpmr4r4c7umx6gg4xycsss7jg4vr,output,target_blocks,False,23.7,
3ExUiGMNQWGcGVkp2dVuxCrt67aeb3xTjK,output,target_blocks,False,24.2,
bc1qhm090pzdjzy6drvmtllf4mfsu88nmr7kakx5ft,output,target_blocks,False,22.9,
bc1qrm47y2wmhjfatrh88xjtwh49hwsyeqdr7qardq,output,target_blocks,False,24.8,
18UEejvRPqqafZ3on7Ji9NoYFcvNBgkk7W,output,target_blocks,False,23.2,
bc1qe96ff7u8n3k6cpxhy2m6d558l60v7yasnxqw04,output,target_blocks,False,22.2,
bc1pezfzh86wgeu4t2rmp32r9tcwnac63l3xcnum89yxj8mrxnfavc5sy24uxu,output,target_blocks,False,24.1,
bc1p539puu045h84vexxn7wdwc8jr9pnzyg68455w340lm9ef9a6nz3sp4efxw,output,target_blocks,False,22.0,
12HLMVFEQSWvYdBQ8Y7d5bVsYy5TDk2ouW,output,target_blocks,False,23.2,
bc1qz7pvvdtx9zge8sfv8egw43yaqqgg29dzadcm4j,output,target_blocks,False,97.1,
bc1qdfqgczflur8xjxtgaqmgqyvy695a8p3mc6lf5d,output,target_blocks,False,25.6,
bc1q64y9ys379lp265smccg8umqqgzwk6f23m3xuj9,output,target_blocks,False,26.4,
bc1pvxmwesk5u6wn7ksswy6wl27e2hzh293l967c583dkz39c5lf0f9sxfnrca,output,target_blocks,False,22.7,
bc1qgf2pj878sytf53xt46xykds83fyhxdykv0ssvm,output,target_blocks,False,23.0,
bc1qxhtusmmy5lyrrs8hx9u7e2sfje4p30yuwuchp3,output,target_blocks,False,22.3,
bc1q9d6avy9yw2hqk48y74attspstau66aa5rv78e9,output,target_blocks,False,23.0,
3QWbiyr2UAZUYArooxEv4Atne4yVog82Dq,output,target_blocks,False,30.9,
bc1qke8s8g5g62ytj0npeta4sekjsd42vvrfp4g36l,output,target_blocks,False,28.5,
bc1qhvva0ev8ghnx4r65hgp7sstl0pwmhgem6rkhaa,output,target_blocks,False,25.4,
bc1qazzkxjfjrh3t50ng9vs04e0kpu3nhf704wqtf6,output,target_blocks,False,24.3,
3DzejywKpAwLSzu1DsE8uKdA7axk8nWMEx,output,target_blocks,False,89.5,
3GjAU7HXVzd3Lbf9X5Q4ywH14bXuZWjoWE,output,target_blocks,False,23.1,
bc1qkh9q3cp2jjtrlq96gxf6dlsep3f8rkm3ngaht4,output,target_blocks,False,90.3,
bc1qyfds4lnmygh56ckfv3002kyqzylvnq9gdqwnpk,output,target_blocks,False,21.9,
3MX36SJY5ehfvDBF8xrNnFJ8T1rRCMzRYE,output,target_blocks,False,24.3,
bc1qx84x5kl24xt76qgm5vw0tkq4rs2g09xczyfgmk,output,target_blocks,False,21.7,
1zm1rhcaUZdxRZTk7zeAn4C4HkvhiEACp,output,target_blocks,False,23.8,
126bHzKFXdZwSZfaGPYCqY3RAsEUeTXTZB,output,target_blocks,False,23.0,
bc1pnee08u5xyye3cnw570yjkz70npjr45ku4q6e239mew9p0yj9pm2qzwt766,output,target_blocks,False,22.2,
17QxQpFnm1nqDuPafMNMKRrsfL1D9Rkv3q,output,target_blocks,False,88.1,
bc1qre6h6scvnfczc447nqstzmkwa9m2km26c78gzr,output,target_blocks,False,93.6,
13oTSkZuD8M6MbZakZb6ARMi6taX4LxC5L,output,target_blocks,False,24.1,
bc1ph09vz2tjdx0yqsq7zyhw6usxhaqtfhplflasjmfxvju7he2je5pq98pya2,output,target_blocks,False,25.1,
bc1qfun7x3p5kpyc77x64wh27tu7w6zcgdunx07t7u,output,target_blocks,False,22.1,
bc1qnljd8mrnnj5dtvyakdrl2k7qypa5utljest8qf,output,target_blocks,False,24.6,
bc1qzn4y4773w89fqllwz4swf23krn6fzgh9q4tck2,output,target_blocks,False,21.7,
3CAME9yaJ3KKLrJygGniz93Rh5bUo3rSXA,output,target_blocks,False,88.8,
31jLskXn7dgCYXgS4mA2wKoMdDJ5AcRPBP,output,target_blocks,False,25.2,
bc1qdhpaw4mkyaepul29sqrzdm4mhqk7ensvrl2qcp,output,target_blocks,False,26.5,
19VcSNYrBKdMT1iwnbdxL6H75Y8N1uarTm,output,target_blocks,False,24.8,
bc1qftyrsvkzrca43gazdmqz8n0s6cely28eytqpds,output,target_blocks,False,23.9,
bc1qvrrn6l87v74jg3shfrc9sngexv7s3ynthv94k5xhwvugacx83jfs25gsld,output,target_blocks,False,23.0,
bc1qy4m0uf88q04afluf4m4j2ycdvvsspgq9hr6rve,output,target_blocks,False,25.2,
bc1qphftlccmp65s2vl6a7tp7j90ugw9qyyhaxvpd8,output,target_blocks,False,21.8,
bc1qpju5h2zpxkj675aqtzzvfsyt4kqydgutey4zjz,output,target_blocks,False,24.1,
bc1q5vzkwfmp72rlf9tmzamf3udjvg2h2ju0scxatd,output,target_blocks,False,23.0,
17FQizJUdX3EJj3PtB9Bo49Gr7d6qcqUHz,output,target_blocks,False,23.4,
36qLfPcUNhFrxz1fBHBJPCXvwqkmNBZotb,output,target_blocks,False,22.6,
bc1q6ze4dwfjtxwa043g68d43tmcde04npj2jpjwvk,output,target_blocks,False,87.2,
bc1qu0xj0qu60g2u2v542swgt5286h3476rh2fs4jq,output,target_blocks,False,23.7,
bc1q9pu6rld2xqg7wsls3f5c33g9t5709swl57nh5e,output,target_blocks,False,22.1,
bc1q0kenl63uxq9z56ljz36eagxvjlq7ues2xh0xxl,output,target_blocks,False,22.4,
bc1q06glwsej3v5v3lltfpvjfne70el80f34t4vrz6,output,target_blocks,False,25.3,
bc1q3jdqw47wl8svc6hs5kgk32rdvj289804jfevtc,output,target_blocks,False,29.2,
bc1q6w6k0l4vs7lsytxjx8k559yaxs9edus2d84fgz,output,target_blocks,False,22.9,
bc1qru43v55ln2s7nzmkfjx9p3ele7fuzdndtkanjm,output,target_blocks,False,88.1,
bc1qfwywwyqhxdg3c2z99u67cqf2rdde225zzkgst4,output,target_blocks,False,86.4,
3Jn7SeF2N26U3Zdo6errr2fbrjrU1Tk2wp,output,target_blocks,False,22.7,
bc1qtf096pscfxazu695w08fs40m5x3t9pm9nq72gk,input,control_d6,False,89.4,
bc1qvec0dpct5z3xrlyt8uy2d736unq4dc487s24w3,output,control_d6,False,25.3,
bc1qgsanlfgmzp6tkflephwvflh98k6jd44umsxwrp,output,control_d6,False,24.0,
bc1q0zp5kgx8uc0p0ulptghy5zrqf4g7066859pj7c,output,control_d6,False,22.0,
18EKmkvq286fnoLzfdEfqZattsnYxuQTbV,output,control_d6,False,22.9,
19hEXSVCLBbFe1aqXMzFYHTVweMdfi8UeY,output,control_d6,False,23.7,
bc1qpykk4ed0njunskvryu9393k7kh07yt7px49gfr,output,control_d6,False,24.9,
bc1plt3fz3527egfwtdvg6c3l75jaf0hdvtsz765mh8x7dzrx574lz8qsrzd0h,output,control_d6,False,22.7,
bc1q7yjfv69nl4frsztchrud6g4mum6r7hn6hh0zly,input,control_d6,False,21.6,
bc1qtkp04hjce58xpyks53nw0rnny2l0lajrhp3kh9,output,control_d6,False,22.5,
bc1ptct8mud5jtp2zk0y4zrx6n6s45s22ssqa6zg7ju6zqhcwuh7srxs4d6adh,input,control_d6,False,22.5,
bc1p7vn8sxa00jr9e3xkt0j5ueh3xkm3h7cj7j9dnuqeyz6xm6nyquyqy2caec,output,control_d6,False,21.8,
34FL5zRYjBhqZadQgkVEuGDFWBRB7846i3,output,control_d6,False,24.7,
bc1qjfjxw6grlz9f8aaquq8lszr0s48jmcpfw7hpd0,input,control_d6,False,24.4,
bc1pqdce9jsl2fwuxu59ertas5rzqn2vew9yg3q4dj4fjwtqx3uc3dvq2aw5vl,output,control_d6,False,27.3,
bc1q6cklfrmqtg3ecreefhqmrv23gck923a6936t5l,input,control_d6,False,24.4,
1Cc7cLxVe8S8vZ5jytLDBZySKUgNgP7v3H,output,control_d6,False,23.6,
bc1q7y8ry7sqae4aayjenh0d7nwt56xuuc0t3c2sr9,input,control_d6,False,93.1,
bc1q66tn4f6adc4cxu70hcvqh4u96xpl2jd53gr7d9,input,control_d6,False,22.9,
3KKgMSkBcbdv7UcR9LPjkNcD3XcNKby1du,output,control_d6,False,91.0,
bc1q9gurxyqezwgwdrgds5u4vdzv8j3zka2fstukne,output,control_d6,False,88.3,
bc1q4ew0smg5n33pc0ty5yffjadsmygu2d6e3pdrun8ju4cwvjhu5axscpyqfj,output,control_d6,False,88.4,
bc1q8rrywrcz45etn7pyq6dza68cu4mly4jdlkchnqdu994jf2eu9hrseezt0q,output,control_d6,False,24.0,
bc1q5pw8h02sttd4jedn5ecpu736juy74rcn7kva4v,output,control_d6,False,26.2,
1EwScsnKDXJ2S8p3gPvkrLsgAiESXY87zd,output,control_d6,False,23.4,
363hPUTXBVe6gRoWkvLPLWb6GFMjCDDhqE,output,control_d6,False,22.7,
bc1pdkt9l6wnx6lf0t3j2759kzucmtqjmdk43dvh3054g0d295ntf36s4sfm7n,output,control_d6,False,22.3,
17QZwdU8bWZiLJuLKHNztiYDRKqKZbK6Yu,output,control_d6,False,88.1,
bc1qu575vxrfd9gpne85r0zu6g9y3n6jukzxz24z93,input,control_d6,False,22.7,
bc1qdh6maf5pyz0m9re9kr8rue5whc0ql0w6alldc2,output,control_d6,False,23.0,
3Ef2nR1K148p54qbfi3ByJM86zCUv3XaPD,input,control_d6,False,21.4,
bc1q2j8y2h2j3kja8cnuxy9fjta6gy2fexhn47p2cl,input,control_d6,False,87.3,
37VmUHinbTPQ4KGBLYV7XoDp7jdd9p8obP,input,control_d6,False,23.3,
bc1qmjfewjuc63m0z94fzcmsmjhjl4zt2nyj4tyx3d,input,control_d6,False,22.8,
bc1q2fe7fl0nr2a2atkthe72naauyeqvmmzjwwsjq0l7hluxzzll2rtqfshndt,output,control_d6,False,23.5,
bc1pg9txa46f9dk2qs05r4u8ruhdvqe728xue207gry6lw0g06jfshgqd94e0a,input,control_d6,False,22.1,
bc1qcuaztz4kngv5nwpdl5j4jn5nf4vuzf76dz2xzz,input,control_d6,False,21.5,
bc1qceg2sqqfrlndqzee9xjpvq4fhcesdvhghzr8ryxuq2pup99n799qmh2kfz,input,control_d6,False,23.8,
bc1qdql5qy4y5u3qtlf589053ec5xdycdrwyun63r6qj0365cucerszsa4ckwn,output,control_d6,False,22.5,
bc1qrpus4ac6el5uxucr3cvkeeuzk0teq5tx7unx8p,output,control_d6,False,23.6,
1EbA1AZurGzYEFY3w83rGfJQkiQerbQuY2,output,control_d6,False,21.9,
bc1quysapk6k6gx58uj9eprtesps8xfp22y3mce305,output,control_d6,False,27.7,
bc1qassfft5nmguk54jhfw8h4j9snvmzz6lsj7edhz,input,control_d6,False,27.5,
bc1q2qrne7fj3t86rme60z092r66zcnrymju2xxp7j,output,control_d6,False,23.4,
bc1q840danqfuwwwyf5h95nlgq209dgkqralcsvn27,input,control_d6,False,86.9,
bc1pslvkqkr2re6y3z5ufw44wr7lt5dq52ejjz0m0w73fxv426hjeqfqa86mgn,input,control_d6,False,26.6,
bc1qg4mt6hrgkjjvcjjlq8dluky60fpr7kdtsxj7x5,input,control_d6,False,24.9,
bc1qplmmlqtf9g23q0f6fa98r0kkpk9ysdym0f3z3u,input,control_d6,False,24.7,
bc1q965flm2zaw7ejt7zv43q5qvhzkdqdwyfrllupq,input,control_d6,False,23.0,
bc1qzyz4wgf4k9ecehr07dqja5eu34h7jypgwveydk,output,control_d6,False,23.2,
bc1qkyemakwf3g3mzzrhr9rsqkuls4zqxfsl9x5ey3,input,control_d6,False,23.1,
bc1quzggd9rq2ppml376gzzn70h6wdcp3s6z4mgkgz,input,control_d6,False,22.2,
bc1qz7q542x7fwls57q3h22e0k2j0d46k6wegtda03,output,control_d6,False,22.7,
bc1qyyu3tff8tg5v0amf9yjfz4kve3vea29yu4zra9,output,control_d6,False,25.0,
bc1q83z3fn0ax4mux6gpwkycc0rc2lu099ya4sveqt,output,control_d6,False,22.4,
bc1qtskleunauazxfpsvegnt7cpskyvddz7lxxdydr,input,control_d6,False,36.1,
bc1q4ecc6stn0c8th0d5nmrn6z43npvwpq2dxxve6r,input,control_d6,False,30.8,
bc1q9y33xpw732nxxu8jj79rchdq7vkdqydmjh4gx2,output,control_d6,False,24.9,
bc1p246h3th49w4j45ammu7wh6f005dmu653alzulra9uujrrjakh4lqazxm3h,output,control_d6,False,27.2,
bc1qaht57pe3lda36gxw8uwa838mxs9s0ghwn6fvpt,output,control_d6,False,89.7,
bc1qaq8etjd02vmyx2dmskp8martkz4q2pgk0vsw26,output,control_d6,False,32.8,
bc1qz4sdpt92593fd8cdgg5j6nfhz3ndgdvzhduv0f,output,control_d6,False,21.5,
17YBpmcmvzLsh3BT41qqCLoAdpntkrs48f,output,control_d6,False,22.3,
bc1q0q6td2sa372egfpnyfkdee6mh3j2usa8tf53z0z5fws85lp9qakssu4xue,input,control_d6,False,23.5,
bc1qvxujrg9g0whr3ze7n3ses9v3my8vnhdyg4ef94,output,control_d6,False,26.0,
32wL8qSGWHzcMNtL5EhgbpQbnm5D9XE4nw,input,control_d6,False,92.4,
bc1qnlelez2yjwngml4mj4f3pvjr278sp9k485w6s2,output,control_d6,False,22.2,
bc1q7wusnyyc4tcpvrl3vqslt6qjz0yph0kkspkxlt,output,control_d6,False,22.0,
bc1qh05zn7nlnhx9m5sl88j4vsnuj8qjk83squjg0e,input,control_d6,False,23.2,
bc1q4gjq3wgp80qqc9dx27scgynstd5qf7pky2v4xg,output,control_d6,False,22.8,
bc1q0hlk3y6tev7adw9jae4az047qpe065y4k6jnns,input,control_d6,False,24.2,
bc1qrur8yu7lj9999llm5mg7cz7qaxgu78d35ek38j,input,control_d6,False,22.4,
bc1qrgrt3c4lu60mf4p5m0n2x9jcqf2xc7rycqlszl,input,control_d6,False,22.0,
bc1plwkrnj58vqx6qv0cpd50d7tgasjrlzd954npud9alchp4jxnsqls89mzsj,input,control_d6,False,22.4,
1BrzH4YxxkfzLcuHaJPURYVPqhmjaf4Wqo,output,control_d6,False,25.2,
1GeqEgp2pQ9Q8AB3nenYkXdyHWhu13xiCa,output,control_d6,False,22.0,
bc1q4vytpuun36539pkzcfwlr3p2kw9cn73gagztp4,input,control_d6,False,22.0,
bc1p67cppkpetqsva48da43kcaxccejhzvaggntdemn6q2pwghy0gmxs05m073,input,control_d6,False,24.4,
bc1qlnvxh36x8qxwupuuhtd8vrc6ajy2h8vc5xyg00wj77f8rhdjx6hszyszh0,output,control_d6,False,27.6,
bc1qwmry35x8gd5dp6hucan9gsymfk3mxja3vd5geu,output,control_d6,False,90.0,
bc1q629mdslevvxwdrn6cjm3lxl243fc9t09efkzcn,output,control_d6,False,25.0,
bc1p0f8rwyqmryp5exh7mmem32ssleh9xecql0mjxsgph5d6uvgzeqxqdpc9zq,output,control_d6,False,22.7,
bc1phnnjfamktnuh6dya0xfd7q0s35ase42vm29s0sr50cwzw8660f2q4ghr7m,input,control_d6,False,25.0,
bc1qwfnkhm0w82qc55qluff03wjst3twvmfthdka9x,output,control_d6,False,21.8,
bc1pmpxhz3052mhhzqgzr6mwqz4tqjtxnzwz94w9fyefhfsc2l0wtz8qrjry94,output,control_d6,False,89.3,
bc1q3fhettz2tdjd8tlew0dk2fkskm3ephdgufka3k,output,control_d6,False,88.8,
bc1qnk7vvzewantecgwrv8glfe2jnvqq65af5zz893,input,control_d6,False,22.9,
bc1qtmgtfmhyn9hcnu05fqrn6544fe4a3ph2s9l2p9,input,control_d6,False,22.6,
bc1q5yj8knr6qwuh76c3tyc6yh72etd7nm0v8q8ez8,output,control_d6,False,21.7,
bc1q0wu0tqp2u3rtunjl0h0rsl9pvf86acy6sep63st0lp7lgg67ykzqeq89pn,input,control_d6,False,88.2,
bc1p9zu8qt7nahrlpnnx0wneztkq2l9k35ln2qty0kfjzzw25hfclq2sqeckst,input,control_d6,False,23.0,
bc1q0a4sxz0mx68ke9tweygvw37n4a7geet63u9w7d3kze662pr6uqfqe3w3k5,output,control_d6,False,26.6,
bc1q2x4p54qzvjmzxdcqx3vk688du0fn5qz0z3ktjg,input,control_d6,False,25.3,
1tWqChiAxQchseojUEYa9nfMZkjtw9ir1,output,control_d6,False,24.5,
bc1qz3al4rv2tte7899pn22wafd8c2zknrdtdd2qt8,output,control_d6,False,23.3,
bc1pl9gge58z9uluyduj6tgetqrkf2w4xjeypmjr5g6vnetz8ym98fasx0zgqp,input,control_d6,False,88.6,
bc1qfhc9sda957c8nekcumum2pqexnerkmkmeq2kwg,input,control_d6,False,25.6,
bc1qast47cvmheh32uynmqvkwyas6vegkj4qek5un6,input,control_d6,False,26.1,
bc1qs74v7tcperyhf6aauxwmay8ug7jvyw26m5tf2u,input,control_d6,False,23.2,
bc1q2q3xlrs9hwasty3el7lutv6k8fxkrstfvcwcsu,input,control_d6,False,21.8,
bc1qpvpw4f2ufhtrx6yyv6mpams800cuq6k2fyfk5cr5rp67xcgnaszscv82tm,output,control_d6,False,21.8,
bc1qt703mej85a8zj77p677rxcqa0dm68cwpma7etz,output,control_d6,False,24.7,
3FVKVFnCSdWfxVZesPinPhKiiadQzKocV5,output,control_d6,False,21.8,
1E4jxoGXj8ezKSFrrYS7YJhuhjxYKBxJkh,output,control_d6,False,22.2,
32GxyuTCo82ibaimqifpVe66azTupPgmh1,output,control_d6,False,23.7,
bc1qav2kwg4eh5jx7c9sxvz2e7qxygjl8mutxdrekx,output,control_d6,False,23.3,
bc1qxgypjtxrhes9atwufxmajj66cg9c7upc4jr27m,output,control_d6,False,21.9,
bc1q6727dedulm0qzqu9zrvncxmtn0lsg2ka2m7tm9,input,control_d6,False,22.2,
bc1qa94pp9lwkzjhs0vypweutly0f67c8p7yel7hgua9cjp3nq8janmsuhyk4w,output,control_d6,False,22.9,
bc1qcnk5dqtugjzxtp2txavprv5c0zjl5fk65qkyr2,input,control_d6,False,22.0,
bc1qqys630pupkkvjgeap3ps6rynva9jrk3j47d7m3,input,control_d6,False,21.4,
3BxSLjXPPNJ2Fp2b2TqBxM72HbWJUmWPN5,output,control_d6,False,21.4,
bc1qz3ezkuzqxamvcgqvqrz8r5237rk8yen2hycjd9,output,control_d6,False,89.4,
bc1qthpkqj70kk4ugxu6dvlycprk6upshsmft985k6,output,control_d6,False,22.9,
bc1qp6yvj68ax4k5qztje087mxlew64d34w4dqjhgm,output,control_d6,False,23.9,
bc1qr0uhmrmt2we5qs4xn72np2m338zk400p2u5j8x,input,control_d6,False,22.4,
bc1qyzglm0866ukfceyh2n7gpw9wqr5mmns7w3psdm,output,control_d6,False,24.5,
3JnhsGfm59ShsbjHUGRmsiKD8bBzq7yCLw,input,control_d6,False,24.0,
bc1qjc4awspskz50k304yypr7sxjflxrp0lywpa25avpwhh30j3047pqz6f6vm,output,control_d6,False,23.2,
bc1qzfmfjcgtkua2ceyts0w9kz9gjlkgg4tsawc6ygsruuddh9w2rsnqmd9ltj,output,control_d6,False,23.2,
bc1qqghu523rsm0mduhhd3nvf2uc6mxnflmhyfglfc,output,control_d6,False,22.9,
17W4z7W8z64QCGvCycXJKGCAeLj5WUphra,output,control_d6,False,87.7,
bc1p6wk9s2ctf8f0j2qczmzh7h24uwpre0kr3tudc0xg3axrezqwzurs9f3ve4,input,control_d6,False,26.4,
bc1qjpakrt5uxrz9q28339mce788n8c7ja04ngc2ar,input,control_d6,False,27.1,
3LqCrGc912rGYZojVtuymj73ZCBgUTbEMc,output,control_d6,False,24.6,
1PedZvrRjGTwrP1fhyUBEYqmdsBqdvJFnH,input,control_d6,False,25.4,
bc1qgrv89dsgqp6nvfn09ktxckxv7t2qwxur8yy247,input,control_d6,False,22.4,
1QFTkbd4jXN766skTgzEbuPJJPvy7FvdJq,output,control_d6,False,23.9,
bc1qr4xe42rf3whnhnreq8kzaftyjncue5zddfvzzn,output,control_d6,False,22.2,
bc1qawhtn0yztf37f5j57wutqszegmxthcxpa3xeg5,output,control_d6,False,87.5,
bc1py8w8unlchkxz4ldknxphkwn9jaklp54rvgduv249cdvtcrvzjmhs2xx64e,output,control_d6,False,22.0,
1A9K9WA8h7LfwfdtGZwK3bSHn9WDn7X9gj,output,control_d6,False,21.8,
bc1qmswwmhewg4yv390s8zwqq9lw5vr43gwyk8g053,output,control_d6,False,22.3,
bc1qjen0j4hfaausmw64hsdwmfhw75j5szev8lt8s2,output,control_d6,False,22.3,
bc1qzluwd0s70ampqtewg5273l7xkuaqtgnd46jw7h,input,control_d6,False,22.9,
bc1qy96m3dwucl9jdw0hwtsphxpzps95k52cjul34q,output,control_d6,False,22.3,
bc1pw25rknzkfx9dvhmyz7k9sl9x0326yqsjz5033hxceycdpymgkajqfs9fkp,output,control_d6,False,22.8,
17YKngjYuTJ7R23CBkB5uahARxdjmvn7SL,output,control_d6,False,20.8,
bc1pk50nv805wv9ef3yreuwhhr9exeshk2m38mgxrmaxv99lfjnalfvsv57t2e,input,control_d6,False,88.3,
bc1qlr0hlckqnwf6fps6jmsuhjvecwjd6fw3dd8h75,output,control_d6,False,22.8,
bc1p3ye9se98uxgk0jug7fcm9jk4j38gypj2fade850pyrck736y020q9vju0c,output,control_d6,False,89.7,
18HoT9ZrdtTgG4eLFE9fax4fj48K9w6Dxk,output,control_d6,False,23.9,
bc1qdyc65rl2y7t76rcs3sd7783tg7sejkxt8fzfpf,output,control_d6,False,23.2,
bc1qv082067suusp7ta4aydl3tvqtcrr7z4jq8346t,input,control_d6,False,23.5,
1CTZ5YE2QDLZ4ipd8yuaMmgZE7j9Wa6gvc,output,control_d6,False,86.5,
3KNdPVsW7afynog3oHy6zmR8Luw9A5nXG5,output,control_d6,False,22.2,
bc1qmm3ueeh6nwa6rrq6r0g7gj0plp8n4r23fyzem5,output,control_d6,False,19.6,
bc1qf8qu5g5dzkjwgg4fjtchm8e2jr08z7rrr5eafw,output,control_d6,False,26.6,
bc1pnvn74jsfm0ylpn0avp2zqn0w6aydzawv6x2lefhzgak4zegcrkeqqddhex,output,control_d6,False,22.4,
bc1qcml96j7hh4gv8848yjmnclq2nzcxq0uca4kzd2,input,control_d6,False,27.8,
34PKYqA6VcvHb4E7ud3kvb3WCVY3xco8WG,output,control_d6,False,23.6,
bc1pja7s9t7rqauajwzckapjl7xu279rmtvegdyenwdc6vf2cullz6zsv77e2f,input,control_d6,False,22.0,
3L2mxmEdCEkXxMRySiCiEMziZvtQkqYSnE,input,control_d6,False,22.4,
bc1qucuwuehcmmrjpfhl80tfym3k0y65xwhd33us2p,output,control_d6,False,22.6,
bc1p82wywnk7nsysktlnf5xgzr4lpr0krds8jzv06p49tslyckdz4wtqttu43d,input,control_d6,False,23.3,
bc1q556cedxaztj2a6wvgtdlg4f0hled0mu3v38adl,output,control_d6,False,24.3,
34C5u9CG1zejmhoXVbTBkB6LYCAbEr9rsE,output,control_d6,False,22.6,
bc1qc65glze8awekxt4jum8kc585ulx7g5jwquwg0x,output,control_d6,False,24.2,
bc1ql5wewdpylem4glhezlevszxpawsz7tmjml4xzs,input,control_d6,False,22.4,
16N5PbTywYrwN8GYwCwrT7VzT1mcTrVFpd,output,control_d6,False,21.5,
bc1qrjup2usrlp6a2cqyfck7eghny2gnpdtkkk6scg,input,control_d6,False,23.4,
3De2NZs5uDmN2DcqiufYCXHej2u4DYSauw,input,control_d6,False,22.6,
bc1q749ffkzgxmduf70l9tmhtx6fvuphwmltzffzcf0t5y3q7mg3d0lqg7f6cz,output,control_d6,False,22.0,
bc1qdxxqfhhaj5czy0c6va7wny777yan7u6lkcc7cpkuns5tc8lgc7kqtf7hyh,output,control_d6,False,23.1,
1BmG6evKxH64s9uzmhQv4WiRemCNdcgsRB,input,control_d6,False,21.3,
bc1qnmt4hjg3a65mu3acjqn4an5n2uw7sex2yzx5wy,output,control_d6,False,21.4,
bc1qkc9yukm7tm48ladlth70dy2x4g9alt5rpecxd3,output,control_d6,False,22.1,
bc1qwg8q2g55mqruuf4art45f5v8jxed3k6dmmdq49,input,control_d6,False,90.9,
1ZTEF6gqkg3P42X9hM7U7pvNiE12WhFcU,output,control_d6,False,21.3,
bc1q5nw9dgyjgyn7aza7qrn0pk37dcug4xnes8x5ly,input,control_d6,False,88.1,
bc1qy7vuvfl4crfva54qapytk2ugkh0d06akej8zz6,output,control_d6,False,23.0,
bc1qtf8ru7as64j0wkm5lfa3dr6jk2tvv3u426af87,output,control_d6,False,22.6,
bc1q6etvenczp6samuzl8cvx54ka67n9l0xfv82hqx,output,control_d6,False,24.4,
bc1qwl25pwe3vpp7xy0lf2sh24vscndeqmaveavc2l,input,control_d6,False,89.6,
1L6Hsfz1TKbMRJ7eneVSfC8Wo2ytKJgywU,output,control_d6,False,22.5,
bc1pnn5v3ekgl4e20qzuz68vtzdgqms5un7ymawll5rg30pr5spe5qwseq7zg3,output,control_d6,False,22.9,
bc1q5hwyd4rk7p3wngpy3lhqy7h7ct5e92de47w2j8,input,control_d6,False,23.0,
17CNbECyWCSG7VUw3hEQrDDgTGetX6QB3p,input,control_d6,False,22.1,
bc1pq8kc3k0fhj5fvehez9nxdznzg6kddctjscd22kn86e50f59f89fs7qlzh6,input,control_d6,False,88.8,
bc1qwh3j4tdq2hkqvma6y8k5ypd4r2ydrwh7t7drsd,input,control_d6,False,24.3,
37p9SKQGCxxRL3XaLmP17cxSnznjAwSzFE,input,control_d6,False,22.1,
bc1p2saep3ckyxeks2yfvepru7yp94q7q2k4wvjuevpdw54ftjn350dsh90mjk,input,control_d6,False,23.2,
bc1q3284m8czndu9fsvll5jja7k2spfpvu2y9m85rc,input,control_d6,False,88.4,
bc1pckr92nun5xdqtq2m3p06dd7tzsfuy90s8rf3fgm26jxqa8zgr0zqmfp57j,input,control_d6,False,25.0,
bc1q8n2lsyskupzz6qhre0qvf4wwx8slnmh76hzxtv,input,control_d6,False,89.3,
bc1qsgyjhs9n6tqfucp790d5xhz909s9y7cptf9gzg,output,control_d6,False,22.7,
bc1qvucldk48cs8dwpf2clc7jhy6ya65fulcv0dld3cycl9567ruzgcsapeauw,output,control_d6,False,23.4,
bc1qkta7khad502ne6jef80em0xctxtw67hk06ckrj,output,control_d6,False,24.1,
bc1qv5jgtzst993akwmzw4jyh5tv3p7ayz7wvl80s4,output,control_d6,False,26.0,
bc1qxka47gud048sdqaxw9ra7z2zu2v08h5c4dyrp9,input,control_d6,False,25.4,
bc1p5reks8mlra44p88xxcd7kj9r3wcy4delal0smpmf227gwdmncsaqqkpr30,input,control_d6,False,86.9,
1DMxahwnarGctsBDmZFE6ywDmwPPxrjmZU,output,control_d6,False,23.7,
1LcvYSonK91Z9hQCkkRo1RZvc1BahMovq1,output,control_d6,False,23.0,
bc1qs239c5m4js5ee6a0lwazqhqupxalwhkzlcwnte,input,control_d6,False,22.1,
bc1ppdpwg0fgfhwk39mss5yrmkqddkjet6pu7dqgmyutm6vr6trrscfqjjvjwx,input,control_d6,False,21.5,
bc1qdrvtp3trp5g8x5gh20y6mj6x2tu0leg8m66jem,output,control_d6,False,24.4,
bc1q3erxgn6qdhf87m8zpcxfdxwlq3vmdsp208n7dg,input,control_d6,False,90.2,
1ENCvsW5iqskaVUZqHRDAHcSUddfkoBKwR,input,control_d6,False,23.7,
bc1qyu9ty4y5e5r4fawumwl53jrl309hx5pl9tp3y7,input,control_d6,False,23.2,
bc1qfxpy3z2qyu0d2yazgml5pldhtkzh66j5zjqmel7hatehxgrs96pq2ys5vq,output,control_d6,False,25.3,
bc1qulfzhww6vkdcrchpxt2ygf423vf0geamsasxnt,input,control_d6,False,22.9,
bc1p9knz3hyeect99ef963ujjeahey6xkesn5gjaqhhq9nyt8c3e47lqlfekpz,input,control_d6,False,22.8,
bc1q7xuy4w2l8nqhgvcm9lqx5tzse99c6t34t27rmv,input,control_d6,False,87.3,
bc1ppf2pp7em4638gfwztzxq5djde3de8rcmwq38x3sfncurzzdrtz5ss88l08,output,control_d6,False,91.8,
18Em2WYKGWnjVDt2y6CmxFC4xJnHwbfo4y,input,control_d6,False,23.8,
bc1qmp8jc0upd4xj9ejnceflall6aam653lv8s6dkw2qj45cxygnx75qyahv0h,input,control_d6,False,89.0,
bc1qq3gyre5eggq87fjvq0zgganjdffpn7dgghm4ea,output,control_d6,False,24.3,
3BbA8x5hz7aZcmZYL9RsepdyjpVRXGdwFV,output,control_d6,False,22.1,
bc1q3t9dyyjqugetkymv238fk9ddmf0rcwv3uu0r0u,input,control_d6,False,88.1,
bc1ql3hpj7mf7rzx2065x9ynt9s3dmlzn3cw7flw8j,input,control_d6,False,25.2,
3LW3uGvVFusG5B61cymPVP1hT5r5JDqmwb,input,control_d6,False,22.5,
bc1p7t9ult46re46gwcfq7lpgkyzv07v6jzfd48xp2svnj4y4wqdn8jsm678zx,output,control_d6,False,22.0,
1Mx8TVab2GRojec9ZPD17xeNrdn3vZoWvz,output,control_d6,False,22.0,
bc1qz4fnrn3gwfx0z3wckw23gk2nv2x7h8q9qny8t6,input,control_d6,False,22.7,
bc1q3azaq54xsvzrc580v7raagjvzf69c46qtg7fk3,output,control_d6,False,23.2,
3HjvM21LZidCih4k6HjZAdVWaDRQ3WobcK,output,control_d6,False,21.9,
bc1q9hzdq2p00s0wcqvanjmphpry64k0lse54cd6n5,input,control_d6,False,24.6,
3QiETomgUhPu573ZvhXbdofq7y5ocNS1ie,input,control_d6,False,22.2,
bc1qf9dhhu9drq04702y3ckyjy0pgyg5gspqggecv0,input,control_d6,False,22.6,
bc1phfmn3wrdhluuwj62cw9jp5u6ghs2ax282vpyd4ar95pcumtkhfxqpwe0al,output,control_d6,False,25.9,
3BGtamodTxPBmfKUJPGAYLxSY8V3TrhqJ9,output,control_d6,False,95.9,
bc1qxw4vf7udvcwjvm60gqnplh8n85n3m2hjd3k0f8afulscnku6f7qqmmg2mq,output,control_d6,False,21.9,
bc1qlekywuw73tmwe8u47t4dcysl6n6exxdmvkgr4r,output,control_d6,False,23.2,
bc1qlw5tnf7elecr4mlq7clwaxx6w7gwkwl3ckl7h3,output,control_d6,False,38.2,
bc1qdamuwx60l0u7xzwtewfkd8226sauxuf50f8nau,input,control_d6,False,22.5,
bc1qsn7fv6tcdlfmacgh2477zagw5689tj7ywnsahu,output,control_d6,False,23.1,
bc1qx2zvvacz3xqcq9emlwt9qg9s73qf77qq4whluu,output,control_d6,False,26.2,
bc1q34eldalpmye0d9s825xc35h4crhjc0njtf5rnm,output,control_d6,False,26.0,
1EcNxdqL98A2k5jLZDS8pquF47dfw5MB49,output,control_d6,False,25.2,
bc1qk5u2dsnag2run26kww2avdwejqfhqmklrfgdgw,input,control_d6,False,22.1,
bc1p735h35amm540gwqap8qqnpvk6n2fj76psel0wm2w9jnhpuke83xq36zemk,input,control_d6,False,22.0,
bc1q550nq6rqj4pll35mkreq7an8kg9h38clxjgeyc,input,control_d6,False,22.7,
16GWryuFZ3DJbhayPCPoxHm4NWuHag1zVH,input,control_d6,False,28.8,
bc1qrchateqxm426vza380xmz36ygzyj63n3dhcjsg,input,control_d6,False,23.2,
bc1qa45s7lvpnn8s6sz4xazhtr8rcdz2jfdphp4dzs,output,control_d6,False,22.5,
bc1qeevuawqjyed6rrtxyseemnklrr43jaya3ws0pn,input,control_d6,False,24.7,
bc1qvrxqqh2nmnxu2660a8a2ycafn6fej3yyastlpv,input,control_d6,False,23.1,
36YM6t9AZeqJekyNbBL6fZqQwN4PkrtV6R,output,control_d6,False,24.4,
bc1q74jx566ddd26ss7s3g3rx6tyafsp0wc6295fdg,input,control_d6,False,23.0,
3H6B7a9VoXpwRuQSrWkWXLhNMdt1Py4uKq,input,control_d6,False,94.6,
bc1qnus4numgy2wna6ensymgq9rlgjap6nxf9gg5nm,input,control_d6,False,22.7,
bc1qjc8p8r64lycg4hwuxhkflc68kzc5cvj8uxc2xg,output,control_d6,False,22.7,
bc1q2vuzpr6ll79nwvydlg88aaaa9jhngl6mqpdqdk,output,control_d6,False,21.3,
115DmBDQ6K4TZz7SsH7teLTA39S2JR2dms,output,control_d6,False,23.1,
3JPzLVS7wNB7j1dshzREJ1nWaXfUxD1UQa,output,control_d6,False,21.1,
bc1qe8j8wm5vukmet83auttcl6vlh4ncd0g8jdlp5f,input,control_d6,False,25.3,
bc1qwratm58j8g4ysx4uy6q93q3lm35m52p2vtxyza,output,control_d6,False,23.5,
bc1qkexk2nmvucxzc3893uum4a5lyqpn4g0tvp3gky,input,control_d6,False,22.7,
bc1q87pcg6wh9lsxnc5su9jjxa8afpgvw6hlalundp,output,control_d6,False,89.0,
bc1pvyqcupqmsh72pffrdj8vdlv6404wldcec5hhu8va9vk7e26pwpss4d3ede,input,control_d6,False,23.3,
3FMvgXM4egsczqCEYP9VShgw9PGpHecedx,output,control_d6,False,90.1,
bc1q9zhwh7frht8scl4r7qvsvhpyvt3fejdr5w07g2,input,control_d6,False,24.2,
bc1qvvutdh0rcksfxvcfdjcv6udv8wa72ldkz43tgp,output,control_d6,False,25.7,
bc1qlzjfyplvwasezgj8rwx23v8uppgu83q73j4wlw,output,control_d6,False,89.2,
bc1qn4gelrggkyqfacguxwpg209p86vj2p2seulse8,output,control_d6,False,23.6,
bc1qa3ecawygq52a6uudzv7et86es6htcjsr9j28thzeddfjpk48y2sqgvq0uz,output,control_d6,False,27.4,
bc1pwqq34afla3tkfhcjt0hrxx04skp6xvgyxdth3ky3q7ctn3fktjusdstd34,output,control_d6,False,26.4,
bc1ql4v7lsuc7cy25slgm595f8yczqfprt8aaszmtq,output,control_d6,False,23.0,
31ouvuEPvTz4BXtyEy2fGXvdNPyheagJnP,input,control_d6,False,90.0,
bc1qenzyeg5ugrefu3k49rwcpq256a7xc4nk3zq8d8,output,control_d6,False,89.5,
bc1qr5k2l3h80669sy3jd0ufnvn9jqdqtckv7ls9xy,output,control_d6,False,87.1,
bc1q873z2utmmgp3fxcl6n2msl890zams6mgdvhzdx,input,control_d6,False,22.2,
bc1qpgeugwlqkn8ztjwuyvdruvq2a0g0lfzr2q0dwh,input,control_d6,False,22.1,
bc1qrdypsyma9zlxwy0n5kxrfkgnyey5dfxxavty9l,output,control_d6,False,21.9,
3QGbM9Ks6u9F8vPV2UfTXMmDRycFiiGZ48,output,control_d6,False,22.5,
1uDjPKDPxF3LirHn57keNQn9e2BHjtesj,input,control_d6,False,23.1,
bc1q0n6uqqjrjffcy88495sdpu9jp5jhq8elwr86kw,output,control_d6,False,22.0,
bc1q6j7qr0rdcrlfqtzgh0f2e82l5qa4y6sf3t8q5g,output,control_d6,False,21.4,
bc1pcywj27d0df49l93cf68wrwly50xff7jx8ellp3pl8d72gt944ggq7shdz3,output,control_d6,False,23.0,
bc1qefr84ew62wgzduw7rvrj65f9nehehdjc65h4x5,input,control_d6,False,88.9,
bc1q28nfj64jfunmzx2ny3hl992ehqwceynwuwyu4d,output,control_d6,False,23.3,
bc1qcxmjqk2wfwkpgp6c23664juxyrp8khhlmm8ksx,input,control_d6,False,23.8,
bc1pudksp6k4d9qewnz5xjyqssq9nh049xj45zd5dv33m4x6uymk762s9d6nl0,output,control_d6,False,24.2,
1N6PEhp5q78q6Yo4T2ZGS76ANHDSuAk7th,output,control_d6,False,24.9,
bc1q2z3889xwcyqkzs908vjs3ntwnrsx9e4h7544x2,input,control_d6,False,88.3,
bc1pteg89cf4cggh8zpdxur6gqnc6jy68n5amn8z0eajtyra06nhramqr5jegz,output,control_d6,False,21.1,
bc1qwfl8h8ga3yhy66dczpa20eaj4q3wq6apdjje7a,output,control_d6,False,27.1,
15NRjor5t298tBUzqzMMyKQ3T9znbrRUbL,output,control_d6,False,23.8,
3PsBZAhiC6wHH2v28vAS8AhzT4GbVDGsCS,input,control_d6,False,89.4,
bc1p4mv92fse0dxvnyf65fc4k5sqzyc6s04dhkka944a6rfsxd398x7q9ndnnj,input,control_d6,False,89.3,
bc1qlygl7clcqlf34tzpz7ltux27rfzl2wcrv5yftt,input,control_d6,False,88.3,
bc1qyum2s5f6syeh6m3aa2x4eua4mamece0p5ufr2j,input,control_d6,False,23.5,
bc1q8dh87hje6k7zk54p8mnln87fdh3n2ydmnk4q65,output,control_d6,False,22.6,
3M3e3qgyKQtrMKJxiXgF3UdGaBWN52SCfR,input,control_d6,False,22.8,
1BAFCqXBPiSUnjKubxY9pJJ1mLQonEWoar,output,control_d6,False,22.3,
bc1qncl8rq2je9pf4en87p9xwvf5s2kzefuxej8sfv,input,control_d6,False,23.5,
bc1qj0czszle29yvemxjvhwszlum65kk2kxasy4u7r,output,control_d6,False,29.8,
bc1qxr6j08a3728hqtuff8k78hh4x0e4puvjf703yp,input,control_d6,False,89.3,
14KuByRcdCsyARrxE2eC8rMBkMSz96fJGA,output,control_d6,False,22.5,
bc1p9reuefk7cw0mk52hxc8xu6yknwtr5rgek7tfhrg37sr4evkuq79qv3s5ny,input,control_d6,False,23.2,
bc1qdzhma27vyzkk20de9wte3av4cdva9dqcu3ewgz,output,control_d6,False,22.6,
3GLdXnxsVhTZXXvh8tNZ45yL2PJzgwDKuc,input,control_d6,False,24.0,
bc1qy94zfjes5e7wnmxuxk5e09v0g7cj38z82yu77h,output,control_d6,False,26.0,
bc1qn82l7a7202vq797v6g6du6kz9gjqk6xshms3cm,input,control_d6,False,23.5,
bc1q8dqttet0m4dmt0ktm4j5srpzgenakr77ptl3mc,output,control_d6,False,25.8,
336LqaKSLgL4oKV8H3UNbYK4UYd7qFKE8x,input,control_d6,False,23.6,
bc1qywwvcznn7j24r85h4jty229fdd048lqxjv69l8,output,control_d6,False,23.1,
bc1p7rdjdzrwvp4mw2p04gend4ncaj4elqswsd84sq3zv89t8dlj2k0s5eqs4a,output,control_d6,False,23.0,
bc1qajg3xnkdsm4s89h5x00zfkr34e2qg9t06dvnj8,input,control_d6,False,89.3,
1MEU59HzT3iz3WGF1zQfZ91NbMAmQXb4FH,output,control_d6,False,23.3,
bc1qpknkjw53z967aldzkfteyclg4ucjp5zyzy8kqx,input,control_d6,False,23.9,
bc1p4zxe53tw7p3fdujxv6adgxykd3dvwakn9arqugm6hd0qu6alxvaqg6jjlk,output,control_d6,False,23.7,
bc1pnccls00u06smjzszpzd8nhvg5ga63397c5kqrmxhlgkxl7kk6n7qweska5,input,control_d6,False,87.9,
bc1q793gj5eml2u9hpgqm6y3xjgmfu669xy0aqzfa0,input,control_d6,False,25.6,
bc1qckgkgejlcvt3fnvhl2vuqlhju3rzzj5nr92zaj,input,control_d6,False,23.7,
131hLZshJPwEJt54TZP5nQ1jS7Vf3SneeG,output,control_d6,False,22.7,
1AHq2i92LT4VBMnvRLEsSwQ4qx6Hgga6Z,output,control_d6,False,23.5,
bc1p947tklrf4pdekfuxpr6jnt7grcy2en9mrkd8s0x22vdu5pynly4srgghhm,output,control_d6,False,26.0,
bc1qpsnmefezlpl99mna2xqysgrlhphq7v65ad7lj7,output,control_d6,False,24.0,
bc1q2wems8rfe63us77aqlvdt8gpvfjn4wdaljkdmp,output,control_d6,False,23.4,
3D12C4Sf1dKN3DUAULRBh27LMQ3xePfBaM,output,control_d6,False,23.8,
126RcsevouNugCXVg679BMuur8P4ebRr9Z,output,control_d6,False,89.8,
bc1q7x7xsf690v6x5y7fypdhsw4fnzrr6lf0m6lsr5,output,control_d6,False,22.2,
bc1q3trzqfkrmhvxxugzl93nrd6xygq5q8skv2t72r,output,control_d6,False,23.6,
bc1qlq9xlrx29nfe5aangvvgr8t89zxaqwc8nl3wf8,output,control_d6,False,22.7,
bc1qmkgc78hqqezasap8rywcdezlnlzkn0xj6s887u,input,control_d6,False,90.8,
1ADvArWaNocr9k8TS6h5kKJGzuwziBRyEe,output,control_d6,False,21.2,
bc1qd33q9uz4v3pr04f6vz3ckuyfcfy697v39gwrdm,output,control_d6,False,88.5,
bc1q7l3cx9k07wfrkr2hefchj6ks4sys986nk3dr2n,input,control_d6,False,24.0,
bc1q96k5r7xad8x2rx7xh7tzkrc5xnxgk40dxw4f3f0mdkw5t4cxad9qx0gd0z,output,control_d6,False,24.1,
bc1qxg5qeelvnlf4f0y4qfstkp74laarzyva4vhrpn,output,control_d6,False,89.3,
bc1q085hnqyl5zx34luh0scem2m537qn92ppd7n70e,input,control_d6,False,90.6,
1FcVF53tj8ZDzPZm1Gy6mtFYJtciz7QrVX,input,control_d6,False,25.0,
1MaQUWpPe53njj7DCLwqBxva2AkraR9jkM,input,control_d6,False,23.0,
bc1qdsw8ng63ku92sgs8tk4nwlqrz85gfn8w20crkakvhjduluxrjf5s5qj9lr,output,control_d6,False,21.6,
3Hx8xSHSJNbuNWtRxXVAF9tGKbGvXXcKWy,input,control_d6,False,23.0,
bc1qpct0any8wz3lmaqhlqpw8049fhdtv7drrpkfty,input,control_d6,False,24.4,
bc1q567klje2lxhs5trht55g4tvpv90pw6qpe2q5c6,input,control_d6,False,27.6,
bc1qnjkcxdfag02w44pkpdn3f7zdxj0avsn8g6djkn,input,control_d6,False,25.6,
bc1qvmahfwxemjcqm86c3dfnwufw5k90u827l35mft,input,control_d6,False,22.4,
bc1qgn4t4hp7w4jmlk9arjnf4cm58ja6x5mzcu4p7a,output,control_d6,False,23.0,
16JMUm2okQ3h7fTCZW62FC89uUG1RPWNDk,input,control_d6,False,22.3,
3PWGcs9YpJWxK4jYu3744DWG8EoEiFtmeJ,input,control_d6,False,23.0,
bc1prtgnktmpl2vkxxy9fmhruaepfnqey4yxssxpqhszgau63f2p5c4qnx876k,input,control_d6,False,87.4,
bc1qj4vy363zzlv8dk50kl2nhe0kg80sch20l5n8ep,output,control_d6,False,23.0,
bc1pyuw802lr4hlzqw363h7ja85jgcjaur502e9w8hdtu85tx4r8rjcslc5kyh,output,control_d6,False,26.2,
33LeCq8dTm5xFT8rqxc8yXtkJJ9VZgbCkk,output,control_d6,False,23.3,
bc1qg0tk9zlsfphdsxn3d6736qpty4454wxa8jeqm7,input,control_d6,False,23.7,
bc1qwqy6lxvc52jzy8rznrma30j8hq92c4kt9hy9dr,output,control_d6,False,21.8,
bc1qnxw7t7u7054k60s7aq5660pjnv2r66ktez8xum,input,control_d6,False,25.8,
bc1pcxxlkncguzhnk8lmz2fu3yr9re3aak6mthwyvqvm3yl3n9s4vwsqhe0723,output,control_d6,False,24.1,
bc1q7qy047cwuy62ywyrpd5nugfha7zrqxl9lv3zvn,input,control_d6,False,23.2,
bc1qlwrg2yfrg9xnxaq6qvkzd0xyxk6540wg4aup5t,output,control_d6,False,25.1,
bc1pdvud7nc2lazwyg3hg8pzwg76jc8u9e0ncjvxwzyj64737u66v3eszx4usx,input,control_d6,False,24.9,
bc1qcc2c6gpmghkcm0r8jpt6sckeveufvznhnvpgn0,output,control_d6,False,25.4,
bc1q5qrmjc283x33qyzdd8ru5qayt4kfvgjadpjn5s,output,control_d6,False,23.3,
3QfizzDcCjKg6MiVLo3Ar2SdQ2UyVc6B4J,input,control_d6,False,24.7,
bc1qqv84l839e4fjn3p7npyxk7udtw6rvdlkr99rcn,input,control_d6,False,23.4,
bc1qwtpzxfchjuqreqkfark7ecjcaftyt8svk7y2v8,input,control_d6,False,24.6,
36FBjcUzP6ggvFqEioeTf5eNx9AEMYGKtM,output,control_d6,False,21.7,
bc1qhplwtf4ehd6s9qzq2eefyh963guq7s2ts5ywcy,output,control_d6,False,23.5,
36xmhhRYYUtRN5iVBthyLhWi3NdKYUbZWQ,output,control_d6,False,88.2,
bc1qh7y4ct5qjgw74acxpja4my8lwhaqw3qrxpfua8,output,control_d6,False,23.7,
1LzMUsmmvayg1QUqMxvy61n8Bh3FgbmXs1,input,control_d6,False,24.7,
1JjfjsU8U3RasTaKSTLq761G2oWzbMtH6P,input,control_d6,False,21.5,
bc1qdxsq5s2gzg25c46khlm56qx4gcuz7sgcfm3saj,input,control_d6,False,22.9,
bc1q6qfnspzgfnsrsen6ks6dd2hgtlxyprefkf2zap,input,control_d6,False,22.0,
bc1qx6xq2rl4mkxy6j7jt9892d5rns3l70sk6qjx4h,input,control_d6,False,23.2,
bc1phrjpxnm6nze8u8d27uqt9s6e4zzyntczg0cpuvaxr9w5mxf94zaq6l4733,input,control_d6,False,26.1,
bc1qy7rs6e43qsz3xn7xapqts72deukvls2f30ug3v,input,control_d6,False,89.5,
bc1q5nrtus3lfhrmfqym0ffa5t00533x55yk4r2e3t,output,control_d6,False,26.7,
bc1qgchkc4lt36jhzqylphwkpxwqwcz533v6caafnd,input,control_d6,False,23.1,
bc1p6weg6agmyht4f57s7hd995wg4n4rwqat8u9kf8mgu8zjcmyuppksgsaqex,output,control_d6,False,22.2,
bc1qac7xvwenkk7rjj05zn2pv9ssmpjlsw95a3nug8,output,control_d6,False,23.9,
1DUSWpKgjuEHNfRK6i54ECyuSun14oxXQN,input,control_d6,False,23.3,
bc1qppszmmh8kvkqd9sjkae7tjrzpcl7v95f38krtn,output,control_d6,False,89.5,
bc1q8jh74l5p6p8a5puhv9lu7f6m7rspz5ztmkz9p7,input,control_d6,False,23.3,
bc1qg2jjz9lyfcxswhpp6075x0243dahwhrj69a8cs,input,control_d6,False,25.2,
bc1qdxe6mpnhf6mvet8k7d3x6acxukkqlwhmz94uaz,input,control_d6,False,87.8,
bc1qp5slgv9d6uvtksfcas29h9pu7732tmn33g7c63,input,control_d6,False,87.6,
bc1qy97justpxxypejpt9079azy0ru059j9lpfnf6g,input,control_d6,False,21.8,
bc1qv82qngj6d4yg4ts95htvqtncknw2ngnyv4gqr3,input,control_d6,False,23.6,
bc1palxd6gml29zv8gzmnnv9s2wg3q3vnz463dh8tq2rh28tujm75wdqrn87pv,output,control_d6,False,23.8,
bc1qxdflqf64yc9w93sj0pmd6w6v0uelysa3uan664,output,control_d6,False,25.1,
bc1qhcy9n6d0smtypt4887ta4943ypsgcjlxl2fprc,output,control_d6,False,23.6,
1ApACGdUdSDQtRKnpp9x5ujHG7Ye1vw3EW,output,control_d6,False,23.4,
17BkjCSyNN4dYsrhJQwGyDjWMXcC46zrMz,input,control_d6,False,23.4,
bc1qzzvnlzluspnd78jnajwzt6mfu6jq5ljtg43ujm,output,control_d6,False,87.7,
3MpWCy93CZ15WzVz8N1ok6dCSobL1b2m4A,input,control_d6,False,23.9,
14fJwwmjURbwm83LZBa5bbr1hrD9KtezKV,input,control_d6,False,24.8,
bc1qrgh69gjjmzfyh8fktdv5vv8h5dvmxf2x688gyn,input,control_d6,False,25.4,
bc1p56zcjhr5agqzpyk0dw5w2ah0rs9ufex7kz9jl5prq6296gacphmsmx8n4h,input,control_d6,False,100.7,
bc1qr4esz3nt022nx9hlsrct253u9qpvfc4dkey5sw,input,control_d6,False,23.2,
bc1qgchq76zz94kjzmadkeqe4n0d8ygp083gw0udj8,input,control_d6,False,88.0,
bc1qjv3xsqt9t9gs2wphtxx6s58ml5a4trtxlwx7cq,input,control_d6,False,26.9,
3QcsaBQjnXb69zQbN9w6om5QLCyFck8wKP,output,control_d6,False,24.7,
bc1q9d4elnmmjjdh60n4x3p9kznc9ls795wpqelj3j,output,control_d6,False,89.8,
3QMt2RFejBrg2EuGJrsUoikYEViydTar1j,input,control_d6,False,30.6,
bc1q9wrhx49g6zef9vskw3wu9kvgm4584zwca4edhh,output,control_d6,False,25.2,
bc1q2g6cygany5wmt0p8ak9dnymgc3yu925wnna2v7,output,control_d6,False,22.8,
bc1q0dk4eyqaxaevyxeaekjqtmkx0y8n05cj0l6s0s,output,control_d6,False,22.6,
bc1q2zhp00s9mpa44p3mup0ecuy6fz94at46r6yy6l,input,control_d6,False,22.9,
1PZH8Hve4gQjMxy3Ajs3Kf8ZQCY3CF6gDr,output,control_d6,False,23.2,
1K4Y3JzLJ6bxgsRiXnAusVSmZ4h7gFp6j7,output,control_d6,False,90.7,
bc1p6uacescj2ydf0ygngvadv5ghx07nqmr7czktewex22rzwkxvks8qztgpga,input,control_d6,False,24.1,
bc1qf4yv58nf340vk9p6zn9awe2d0ywtfpjszs84js,input,control_d6,False,21.7,
bc1qcswk26hxzzsfznm47xmyxxw9a203s323syp5rj,input,control_d6,False,22.1,
bc1qzd3mczfh4r77y6g9zra2mmy6rf6z2heyvr02fq,output,control_d6,False,87.2,
bc1qjkgwzeewswnj9n9krh6fuk863543j6gen84fu4,input,control_d6,False,23.7,
bc1q0wcvc2vy3f4v34325umwhtq846usadrh9sx8nn,output,control_d6,False,24.0,
17upAKsduXBFX1rsAWTefQyfW6929ssoaE,input,control_d6,False,24.1,
bc1q8npqgvk7zwrd9rcqcfmc2mex3fgzdxep2schsk,output,control_d6,False,27.4,
bc1qpd697uwze98jcudmjkw46mwsaquqdefmvx8wgj,output,control_d6,False,20.4,
bc1qncc7kry9jh4wj6lkfm6zyfx4pnd295ml7fm4xe,input,control_d6,False,22.2,
1QGW4fyb3W91VbNhexZXiTNzT2JWZ8mPUt,input,control_d6,False,23.0,
bc1pqf54xz7xjpq66zd52zv56p3lr7eh4rg9ca4c0y4ukjwq27900g4qghuwqq,input,control_d6,False,24.2,
bc1qvzhrlqwhw943nzs2zs855h6u4rgc7t6ytvrazamnlzu5h2g2kmwqmze3ag,input,control_d6,False,25.8,
bc1q9hg3rnmzsdxjjeg92rxacxkqekqn2fpu95u5p4,output,control_d6,False,24.1,
38PQc63TkTBTZv7EuNQDsvUCXqs4KVZ64R,output,control_d6,False,24.7,
bc1q4yuh9yk4ms72kr5n5k3x9grw8ghu5pnlzug780,input,control_d6,False,88.4,
bc1qa28ewrnnh2xvszajl4wlnyydch3jp86g3kx8wk,input,control_d6,False,23.5,
bc1q22xmkqphecv8xyxcnth60x3mtkux3lfa777r2e,output,control_d6,False,22.9,
bc1qgm82g37cfs3j5m98zyrs8kq4zxxamegwulfj0y,input,control_d6,False,89.4,
bc1qtle86lpyf87y4ez7cs4a0k5c3wraxjjljd7vug,output,control_d6,False,23.1,
bc1pr7zq8lcxz8pye93lqjvugdu0fvql2g23feyqw0pjnukpssrk6g9q4mh40y,input,control_d6,False,22.6,
3KLSDAeGc9xitz5eyV8hCnexKaimfVcC3n,input,control_d6,False,89.7,
bc1qvhuvfmkhcm6eexrkatk4uls8a5dh34qpetn5t7,input,control_d6,False,22.1,
bc1qchvj84fnz33qm6pnyxah345u9jsqmkq4ked0sv,input,control_d6,False,86.4,
bc1qvalwclldjuz4d5mf626050aeneu3dnwwes8n24,input,control_d6,False,21.8,
bc1pk8g4rztfkxs2q9c40g6keeknjw6aadx3kzu4suzlll0remfw7xxs5x9ctv,output,control_d6,False,22.0,
bc1qw998g9m8ujhmczvf5l4h7r5z3hcwqsnrj7pkc9,output,control_d6,False,89.7,
bc1qj0s3faaczzv5usnxe2k9n58favaz3udlk9hnn2,output,control_d6,False,21.2,
bc1qpk98rh8wvx89jh23fxmujs6ksl7pssy93xejen,output,control_d6,False,22.2,
bc1qzmnjng7f2ydnenczu8ce0q6j3dmf0mmugnggzc,input,control_d6,False,21.6,
bc1q29e3mshrtmf5vx43mrwxu90urlu9m0ju8ppw9l,output,control_d6,False,26.8,
bc1qzwkm937xky0wd4xz8duuscnyjv86khew2luznm,output,control_d6,False,21.7,
13HCbBN7VCtkZ1pz15STiiBrxBLrzfj8AY,output,control_d6,False,89.0,
bc1q7p52dufvnya2pyunlcqwe04du7qxczc0gzx7sr,input,control_d6,False,21.9,
bc1qf92zhhue8x4y6gg0hcs4wnth3fk4ecr3gz974k,output,control_d6,False,22.1,
bc1qlzneg7cjzjq980fdqx0py373nezumlumw2u5jzpa4zgj8jmpdkzs87a6fc,output,control_d6,False,24.9,
bc1q6heywdt34cr78ay59rtrwaqseknwwq9kwj9ml3,output,control_d6,False,21.8,
bc1qpt6qv4k2l28etv5zr5xcvl2xxxec0g7ganhklp,output,control_d6,False,25.3,
bc1qv8r8ml64wfvn6qgldunfeke4uga9xxk2ed6v6t,output,control_d6,False,23.0,
bc1p7e5vlprqrfmszxnnj86xjdzk5dyt56e0g74wvnegwu6avprc783sxxuw3m,input,control_d6,False,21.6,
bc1p68h7t0k5zd77c5vsazcprldmhs6t32derwy6q56wq82k0j2r6prs09j2ye,input,control_d6,False,25.7,
bc1qtaynzz0pqd9zakccpdlsw7hm6mpj4lcp8t6rzc,output,control_d6,False,25.2,
bc1pdn99awspklq6r0wrcgzekw89fsqfty66ve0t9r5cpk3c43p4xc4sj44ft9,input,control_d6,False,21.6,
bc1pqkl8efunrqqcu6hju8se05wtg6vrlfqydv4jxwudt9zkv9j0vnrqzd079v,output,control_d6,False,22.5,
193pDoasznKvb1AALamg5PW6jHu96Ccdyo,output,control_d6,False,23.3,
bc1q44mr56h5sgl9scq495u8a5n3y9jxrrncr5nr73,input,control_d6,False,22.8,
bc1qsv6hv8ljflnzf9vjmf8l7strg98r6njs3xs7ks,input,control_d6,False,88.9,
bc1q4k8m8kdlhg26lhy5r0qclykzwkfsywqd9438gs,output,control_d6,False,87.8,
bc1qcjcjuvdypkv2v5dpmk0pwkxljujjvwzp7dacfj,output,control_d6,False,22.7,
bc1qf5qrd7jw32kwncjfnlncn3zlvpthdraml4wd79,output,control_d6,False,23.2,
bc1qv5v7tg2h04x4g3mg5a0v6lf6xhfxtse905f2ez,input,control_d6,False,21.7,
bc1psq5mp4rw2n6k5w28kn0u5dva07ns8dvfp7cwc7t0f02pp0m7zzjsduzzsw,output,control_d6,False,21.5,
bc1q8kn8fgnz937e866yvasj8ggstxsc83jqvqltux,input,control_d6,False,90.3,
bc1ptcp7hzavfvnpjncm5ngfqqqsupwm02wwm9spv4q4rmmq3406c8eq0yjj64,input,control_d6,False,25.2,
bc1quvr556rf84rpusjp8zhf0mmkx20ze837cunnke,input,control_d6,False,23.0,
bc1q49kz8akcta4zmqywg7dknwr2kszt037h0n2jpu,output,control_d6,False,22.6,
bc1q0qclxpvqgefuhumsz4vwjp8ykjlfg2qfs03t4w,input,control_d6,False,23.1,
bc1qpxyx0jlv20q9my9la550nzfpxrcmfg9a3lxjnp,output,control_d6,False,22.0,
bc1qj4x755c2h6yn2n8ndprrzftmjvshd96fw4arfm,output,control_d6,False,25.3,
1B6qkDnV1u2YQ2Z9xxdrPBNSnZvzrJgDof,output,control_d6,False,24.1,
bc1p60pd3c5lnmd87hrtzxkth2j2342uxtzqqgjkpv7xlf6ep4vkjllq8na8e3,input,control_d6,False,23.6,
bc1pzn3lu2x9z290ljezduqdt4q89e9lu36agmtpflgevnc9ssc22cjqckhlng,output,control_d6,False,23.1,
bc1q7xeazdgfrdgmppzefwqpu6222r3xywm4ca8l6s,output,control_d6,False,25.6,
36cQXJyGWC1gcihV9LDg3pybKZYcbZdUrm,output,control_d6,False,25.7,
bc1q8efz7yh4pvcaydam48l83rr6wsmqcclne3dhk7e6z67qh7xvj5fq5h9suc,output,control_d6,False,24.4,
bc1qchy2nwu7n7wkujh5p3k6x6dpfskyffagkhumk7,input,control_d6,False,25.0,
bc1qfta8xsu2rrrgjm22rduec54dwfu7cam8yzmyjc,output,control_d6,False,94.4,
bc1q7sn6yn6kh2lsd9fcawwjf6eq9w527xngaxhg88,input,control_d6,False,25.0,
bc1qff9eq3jlv4nwzevskge6z3k2lwarl5zuhn2dlt,output,control_d6,False,28.1,
bc1q8f5awxczmakdjf3ns7tuyvcw2gzsh8hcav592e,input,control_d6,False,88.1,
bc1q2cp8pedy642e8qhulh27dxmfzvl7mlhprg5k72,output,control_d6,False,25.6,
bc1qhsl6gsg9qealn6zyttlezh65wr4cvwpqw0craz,output,control_d6,False,26.6,
bc1qpnvlfud33k822hr44wg7kduwqds77s2l7gqcdg,output,control_d6,False,27.4,
3PrCvUXHkiVzTxm3nSpiTavFVvi8pH2BSJ,output,control_d6,False,24.9,
bc1qkdnpvv9gsqxfyeehdnqz3gzxa89j4ysv5xe9c3,input,control_d6,False,23.1,
bc1qzdkh7leap458d7g04a76hpw05h4f4wfjjdl7x3,input,control_d6,False,23.7,
bc1qee9hg68jpt6q05lc8yv3444emtxqrd79xejfte,output,control_d6,False,23.0,
bc1qmn2xgyn84gl0gfxyhxu0vped0aptwxhjr7c0rm,output,control_d6,False,21.8,
bc1qyjh3j0x72k8xfy58qcy78uh7s7tqwwqt7lufyz,input,control_d6,False,21.4,
3P6sosNLbBbQKnqeTYP4UiXyrToLNWPFfN,input,control_d6,False,25.2,
bc1p2znv73mff7y903xe939vqkyekj8yyhym8er8lpks38n8c348a7eqjpu4lg,output,control_d6,False,26.9,
bc1qsqd5axa95wrfc0ag8fn2q6z8dun0hupf6eqyg5,input,control_d6,False,89.8,
1NMmTa9cA6B6a93gxr5rKCtnUtuSfGDhZo,output,control_d6,False,22.8,
3JP47KrZuQQcyJpFjcpHPpP9KdqT8Tw7fk,output,control_d6,False,23.2,
bc1qx6cyk2hld9m5lnshx6tpsa0465ftexvq9axfxj,output,control_d6,False,26.3,
bc1qglasc8jrh0n8lqlr44w3vgaw3hylhefwh7qv3p,input,control_d6,False,22.6,
bc1qk0e5d4yul0h4lnwjyn87l08pnlgdyq6cvg2xet,input,control_d6,False,22.6,
13my8VxqqPFywZoSSVgLeowzdu4tDWd7m5,input,control_d6,False,24.7,
bc1q732hw3mq2357j47palgdacqjlzyg96gwlhc849,output,control_d6,False,22.8,
3GKi2iHKZ5n5KtxAg29zTcmueW4x54a9su,input,control_d6,False,22.5,
bc1qqf2ujtnp8ey6myjphtm8vll36tsu4zfn5ncw0w,input,control_d6,False,23.9,
3KLqXpcWFrQ19hpXvRMUD8Q924t3Ewv5Q6,input,control_d6,False,22.3,
bc1q6vnwh68qg45c4cvj8epfy2044v3mnya36tphrs,input,control_d6,False,24.2,
bc1qxscw5vjmj5yjgcpla8uk2xrne6pspz43z6z2ea,input,control_d6,False,26.7,
bc1pcug8h68yuksh0z0x3ksfu3eqpzfmr2pf28jgw5tsc6xuajtnujnszpjvdr,input,control_d6,False,28.2,
3GCMWcs5ZYuN8KHaJ9cw2GtMdAgqZfWWRz,input,control_d6,False,89.8,
bc1qy25hvfxsmxm57zgqhtudkdkscgmpf0mk4e6lmc,output,control_d6,False,88.2,
bc1qkd4ls78zty9v8s68ql0ut6mh8t69fxmwcxnqcj,output,control_d6,False,22.8,
bc1peuh8slrr8flu9uw73rshz9p2r9dk6tf5h0dmw296xq6mglmp0qwscmujcv,output,control_d6,False,89.8,
bc1qz2yeys34gk3daccfhpp4t5nez5m7ata27wky00,input,control_d6,False,22.9,
bc1qqsj3vt64zcp9attty7ms653x64nned7tk6e3d3,input,control_d6,False,22.1,
bc1qehevfmcgj7v405t4rwmq43d4erkf7ptsjzdfku,input,control_d6,False,23.1,
bc1pa8jafyqvqxddfnwe4fdccv9q2eu9fxhjmk4lfql43eu80ll2sz2s2ndngn,output,control_d6,False,88.7,
bc1qtpnzj879xp87l3cy4kju998m824szmdz6yvnzf,output,control_d6,False,22.7,
bc1qxe5m2lzuemh3pms5xpgnqfsdqjzuvl0xac6qr3,output,control_d6,False,24.7,
bc1qvtn2w4hjxvsecxgm3c3nexpahrp3pdw74e5dmx,input,control_d6,False,23.0,
bc1qa9txxadh4h6lu3xmzynqf9zsc2uvxg7n7fx4q0,input,control_d6,False,88.5,
bc1qwvrtstq9ajad46h47lk4ecy8xrhaj80h44qf49,output,control_d6,False,22.9,
bc1qhttz0yqak562ks293lgxjhsqds8clfya2t554s,output,control_d6,False,23.2,
1AYXZmHbmgEJpwacFQ2XEtxNmcxz6xZQQB,output,control_d6,False,23.4,
bc1qsyvkkhjl695827gayvvnvegnpy5462dytnw7p5,input,control_d6,False,22.2,
bc1q40q5qqnwvze0ms3chr58p60jz8v6ckn83hcd9k,output,control_d6,False,23.9,
3EixXw7dj3S3T5yFBP2RosxTfpkjHTd1qn,output,control_d6,False,22.9,
bc1qt0h3nv7qaaf0utl02vlv5kq74y9pqenutc2rq2,output,control_d6,False,22.4,
bc1qwqgjdv944jtxkvjfycr9a07pc5cd30prw0r7kj,input,control_d6,False,89.6,
bc1q2g05phj58cdfqmf60mmvp2334enw747glzvp49,input,control_d6,False,22.3,
bc1q82xx70rddm4yslyvd8vawjhlx3u0rceuvge4sv,output,control_d6,False,87.5,
bc1qttpxdxrlqrs4xr9d8aqjw9a0dmfjsg0sek97c0,output,control_d6,False,22.8,
bc1qcamc4du4nw5y09gckgckwjk6wydsl4gaunrkqj,output,control_d6,False,88.0,
bc1pp59dazp2mwp92qytf0ts3ettr7uvgeau5ggm3xeh9htuvu9jwrsshugddq,input,control_d6,False,23.7,
bc1qha9vm5wr8vzqms89h23f9z46c56l8jlhy3cej9,output,control_d6,False,33.3,
bc1q4wrtvzruuqjd70jx99p5s55afvrkpggvwcnmex,input,control_d6,False,23.9,
bc1qm96w487cqf700z08djn453r45p9llua6ea782t,output,control_d6,False,23.4,
3QDpLoR6ECFFkkRZ9D3Fr48doAdXbuYXGH,output,control_d6,False,24.9,
bc1qwta3m0s3qk2c5mutjqy25hp4h635s33t5lknpq,input,control_d6,False,24.9,
bc1q3auhsy88x7z6duntqrquau33xn32ycgm0l59te,input,control_d6,False,91.4,
1GguTXWimc1RbGwzAtxgNAdZStHH4vmLRT,output,control_d6,False,27.1,
1P3xhDfGpAge5zQoHD1fVGCf5WMSgxRgNN,output,control_d6,False,89.8,
1GgGqvGcCjtPTTHQhKztLNkxrNekazzBVy,output,control_d6,False,24.7,
bc1qlq4h2re2z2v7748fjtyprc78c26cur29389drd,output,control_d6,False,95.0,
bc1pfea96n8g40h4xvmeh8y0skt7p485alxc990avagg9ewmjvftcs0spmpvzf,output,control_d6,False,24.4,
3CmVYjZVwzo9KGwC71Qymwdw7HzorwAYmQ,output,control_d6,False,22.1,
bc1qmznea9hanm5fg2hv95zs8g2gx8qnvrpvxm2w45,output,control_d6,False,90.6,
bc1qcwh4q7qxpzyq3uvdcf6hpkceu4q4u2hgykt2tn,output,control_d6,False,88.8,
bc1pykjs95yzldm6kwe8fzetaznnp5gjlv25g2vj46t72u78jvuzav4sf8we9v,output,control_d6,False,87.8,
bc1q6vpulpjvn0hh8ae28c60wrsutk4y6wwq69vuax,output,control_d6,False,27.7,
1GEvVX4bUn3B3xQvLD1cqhyBViCLtayXP6,output,control_d6,False,23.7,
bc1qycc8fnr7a4f7zqmdefxfm9hwxj6jnzz6z7fv73,output,control_d6,False,23.3,
bc1qqmzh906jju69utexw6ytzfsj4x2dcvxdc7latl,output,control_d6,False,23.2,
bc1qxk8nl2smmlwjtd6trdkgf6mqutells609ll9m6,output,control_d6,False,22.5,
bc1qnntmqxdw8kv633dvft5w0kfeczgj69qgn6yk6s,input,control_d6,False,22.8,
bc1pr0jxj8rx3r7nyxp2fplmuzqwxv5fwgnz3t88a8xc089vvh4a44vqrt6uey,output,control_d6,False,25.3,
bc1p6dqwjtyad0yzjqr5d44pqr9mvs5uv3l2dhmp7qu56k2935vtnzlsm5qvg7,input,control_d6,False,22.6,
bc1qzju9tn2ayt2llyrlykrrqu3fx0ue3cslx83qdu,output,control_d6,False,22.7,
bc1qp7fc4wvpc35v4zuv8xc923822qjuedk2sn5mhh,input,control_d6,False,28.0,
bc1qsjj563wx2fpxqgu0qxmw3yxxrraarke9jt793s,output,control_d6,False,26.5,
bc1q9xxq46mm3scr0p5k3hwuhxe3gtfxxpj8yf4t5v,input,control_d6,False,90.3,
bc1qvfjw5ttfhuch7was3lhsed5vgaw9pjmu8snrjg,input,control_d6,False,23.8,
16RNWLc4TXh1S2gbE8PtByA3DRktUyx4hh,output,control_d6,False,24.4,
bc1qrthw5wtltxqvrwxpe6sluaenlcuvp0rcdkdje7,output,control_d6,False,24.2,
bc1q6q8xmx40rkqu7nqk6a88zk48qxk5u3r7tvc4qg,input,control_d6,False,23.5,
bc1ps49cfcutcch5xqv6jm7y65g54lv4eruqc2h9n8tu3fcwh79jrtcsqdehh8,input,control_d6,False,24.3,
bc1qag2mkpg93w7qx8445gs9xety5uf3r20vu7gda4,input,control_d6,False,21.4,
bc1qhvn32r3w549yu08d7zl06hj035865ayulfquyn,output,control_d6,False,22.3,
31s2uanwVDXWkHxpgzhBMKUcQetchTUFzL,output,control_d6,False,29.6,
bc1qtec3dy2gllsapnu35sccgxgkau3w0ycygcwh8m,output,control_d6,False,23.3,
18ENQmf5MaidGSuuv5GSKnPWY55rckggSz,output,control_d6,False,22.7,
39FLXfz3C2wKoqXJbwz9zDWRt9kMjWHjN8,output,control_d6,False,23.1,
bc1p3l6whd536q9nkuy9flzwgnq8hdp80tlrrtvf76xpnfntrnweu7gq3y6nv7,output,control_d6,False,23.5,
bc1q3td390jv2vgh2vjd9pmku8qy6mgymqslu6s8dkw3qq0u37yufhusvn5chc,output,control_d6,False,23.6,
1Mwoc7KVcAAL8xJRej7TY6UXnFWW39KYot,output,control_d6,False,23.6,
bc1pazpgusd8ldzqvng6ptwwyvsm47vg83qvqpns47ultu5mw2lm0cdqxzxe90,input,control_d6,False,88.2,
bc1pvxgwrncjkhs8r3ftpk8gwj5czecynmhlrrxwkap94vw2p3y8p5us3y98hp,output,control_d6,False,22.4,
bc1q7wch2vc3kxkcznlvw4lt3qxd60j66jukk3llsp,output,control_d6,False,32.4,
bc1qnpnxxu2237kvadjf5puzx97ltzl4yxhl0l772n,output,control_d6,False,22.8,
bc1qvvu0d6smzgsnn9mvjhgjg09hm3stg0a6fj0l0a,output,control_d6,False,26.2,
bc1q8djuejx7clzgq43uga05f0et0muh96g4zal83k,output,control_d6,False,22.8,
bc1q4298d6sx5v34egznt263c52tx3j2umt8aggnv9uarnddy50lmq8qjkmxpt,input,control_d6,False,22.7,
bc1qgyd8jvj4c7n3j00zkas8gru8du6pmr3e4gzp0z,output,control_d6,False,24.6,
bc1q3sz8h5e8jcqr8zpaprq2n6ayje6wtyzm9lx8l7,input,control_d6,False,22.7,
bc1qfelwupnm5l2hyssyd5px397myclfn266z7f03j,output,control_d6,False,23.2,
bc1q9nzlcn06rvhqrrnfwuw49qn708tskjmp0jq054,input,control_d6,False,24.0,
19uxBaA4r6ZPAKDKRPx2fFC7qrrrm92gwg,output,control_d6,False,25.5,
bc1pydlkpur05sg324d6prdvvplv70a8z3fz9d346xygtpl5nhpzglnscd4g9r,input,control_d6,False,23.0,
bc1qe03hcxgkxxwn7u6ryfflyp997jfhelm6ra3swy,output,control_d6,False,23.9,
bc1q64fgwcxy8jkyshy04gmvvtpt8cfq4tazp42j8z,output,control_d6,False,22.4,
bc1q4ezmf25r3gcrl089q0jzugkng0ujrgtzqzu5le,input,control_d6,False,22.6,
bc1q87qz2dulyhc2yc3qxazvdf4dueesq6yy7zex2w,output,control_d6,False,25.6,
bc1qwzg2cqsyzcuq4mqm7ezsavlgrcrw7maf7egjln,output,control_d6,False,22.1,
1AMzfsj99mxfg1bCMarN3Zw7tBBYfKpz8c,output,control_d6,False,22.4,
bc1qylrelsynj7j4pagwmgc6cc9ddmvly4r7m5xy07,output,control_d6,False,22.5,
bc1q46d6rpuvnnaq3ak4hjvd0n4fslncdm7g5wvz60,input,control_d6,False,23.1,
bc1qgt9v2442krepsgrcyfj7eqx49spruazjjcte9c,input,control_d6,False,23.4,
bc1qpgupxxp0h57g02kvkxwrn3mp399hydrc6lsufl,output,control_d6,False,24.4,
bc1qmlzx2cryt3l28cy2yp58dqkq2zdvfze2mgfcqq,output,control_d6,False,23.9,
36tfmPPPXcDVfEfkmvKmBG476Y5YHkkrn4,output,control_d6,False,24.4,
1KKu8aVLrkgreQYWo6LiAmc2vUNYnE41AX,output,control_d6,False,22.8,
bc1q4ema5ak9g6qhpwzlxt2wnjtz2c6e76d5dmhnfa,output,control_d6,False,88.9,
bc1qs677gnlyz3xrcpuftqm2egpplf4rfhsn4j6u5e,input,control_d6,False,87.4,
1KkVY5xe3W7UpfwoUGhAgK6GV6mLE5Kevg,input,control_d6,False,23.9,
bc1qxjnegepdgzdvcyup3nnnw4ld8flmulzntw43qw,input,control_d6,False,23.1,
bc1q9m0uzn2tzc7gffy2hjepjzyh3t2cwkduehgr2h,output,control_d6,False,22.0,
1cjDaenpo5vCMSmXL6S85cc48ZM5DcrDD,input,control_d6,False,21.0,
bc1pescqjg9phtcfwtxe4yvju7tfdmew8qvuq6nl6600wrfsqqpamvmsmkhyk3,input,control_d6,False,23.6,
bc1qtnn3d40ywpw9t4r2d5q3v2hhfsvy9fv8364gwl,input,control_d6,False,87.3,
bc1q4yu9jv3yks3twcdyhzyhjg5lr3kc7p7dmsew8k,output,control_d6,False,22.0,
35hyHAcUpyjNKzNqPoXZoL11Xn6dJqvoua,input,control_d6,False,24.3,
bc1pg2fyvtu4axrkqjk0jjw0nesxl9gcpw8h5kea4te8kqhn58clspdqxg5ssm,output,control_d6,False,23.8,
bc1qnsupj8eqya02nm8v6tmk93zslu2e2z8chlmcej,output,control_d6,False,87.2,
bc1qqxz3vyfmt58keavaqejsfy2mtqny62jl7wfqgf,output,control_d6,False,21.7,
bc1qt0ekqexem0v5rzl9erk3fjzcmrwuntwtk260w6,output,control_d6,False,87.1,
1261X7WqiPbbgCgG6h11V9JKKeBbDWwjPi,output,control_d6,False,88.0,
bc1p36npregz99httwryyr8u0zn52favezpg2txhrpw62kc2vmpgq05q8yfsgv,input,control_d6,False,23.6,
bc1pu5n7hgstl97hvpy429uent5la99xqx63drez7q4a56ch0lp2lw9qwqsf3j,input,control_d6,False,22.4,
bc1qvwn8d2v2fc9kcggmyy7hnn85a7pgshf6y7nwnc,output,control_d6,False,23.0,
bc1qh8hhd6aqfsw0n6ea85z4s3lu02685ssulhpu2t,output,control_d6,False,23.0,
bc1q25ep92jeuszyah38s48ztg20kfqedgdj0lpmff,input,control_d6,False,23.1,
bc1q5288jzqvlvnmj4pxaf4mjq4jzxy2m76q88wp3x,input,control_d6,False,23.0,
bc1qzzhsjktewt8udd0jay4m3sza658z6gg46d6prp,output,control_d6,False,23.8,
bc1qlvj0j8z2ey57eq5aqnfhwvqvt2whsktu03q0cx,input,control_d6,False,21.6,
bc1qzkzuhksckfz64quym4rxzssxcjapugvntwdk0r,input,control_d6,False,22.1,
bc1pzs2c4yuzdxsypw9s9lsvpcx758epjkwvvesmkh07ldynwqj3lr0sg0vtjz,input,control_d6,False,23.2,
bc1p9mvx6xemagy72f07tysga2a86gwsuc48xmj98nvk5lrmy0dgc9gqekwenj,input,control_d6,False,22.5,
bc1ptc8ka2c0qd5ts4h0kwkp4kzdvza72783vxrdyfl0l2g3fdghr9yqzc26rn,output,control_d6,False,21.5,
bc1q32duge0wm7rnky656ymqcxvpyxw49ee0s4fy6n,output,control_d6,False,22.3,
bc1qdumj07x9gzvuz9t4rw3sl704ras7tacj20pdzy,input,control_d6,False,89.0,
bc1qdugpm2uxtjv4w6krpegl2e8v5g0wzphze3mxt4,output,control_d6,False,23.2,
1QEm7Ny1D8YFPvJcPgENDvtEVVZcMP31ED,output,control_d6,False,22.5,
bc1qrk62da356f4hrj9kxguq6kqxtz8v6wjuhkm3d6,input,control_d6,False,22.6,
bc1qxszk5v6cfgyjdjamlxh99n7twqrqq9v6vggsuc,input,control_d6,False,23.5,
bc1q9z8t5vealq2xmh40m82ux27e4jh6jv3jpnxvwn,output,control_d6,False,22.3,
bc1qqrn4hafnxa7mzhveg0kpvx40qw8nj0cwjser5d,input,control_d6,False,22.0,
bc1q6gm23u5qhq0tzuyuknyedvhtzjgc9qzva729fw,output,control_d6,False,23.5,
bc1qjwtwcvukuze739ffyv52tjl40pa0fspa3ytqhk,output,control_d6,False,25.6,
36rRTYuXfv8GJEe9Wyz4KY9671Y5ZBR9ee,input,control_d6,False,24.6,
3PGt9FrqmrPeX6cBxCxtPjr8Agt9V6BfUT,input,control_d6,False,22.8,
bc1qn3v5wra3z2e4535rj2rt63f98sm8sjc44uswmy,output,control_d6,False,23.6,
16o57Re3JuWr6GgmBnz7C18w9BFbDX6Nru,input,control_d6,False,22.7,
18VnSGSdwpAVB4bAJkDDmbh4EpBF4ba8x1,output,control_d6,False,22.4,
bc1q8g2c29zmf648pfwdlr602c8553e3c7c0crzwk0,input,control_d6,False,24.3,
bc1qnh88tppvucaqjwevvvd0yztmqkpuzm0hpwcncc,input,control_d6,False,87.4,
3DyUfMT3K65E5D3RKeoAnFPUmLajZK7WxQ,output,control_d6,False,23.9,
bc1q3ysaa2l0eu83caaxt5xydw0p3skqqre89d70wm,output,control_d6,False,23.0,
bc1qsqrh25jxcdew7cr82dt6hr2h232k7m24axc4x7,output,control_d6,False,25.9,
12ZpPuHTwioFhhRUodpR2LMZKSvCyu1D4M,output,control_d6,False,25.4,
3LtDQX9iVFtxmsnQSJLwe21XtB1UE3YA3s,output,control_d6,False,23.0,
bc1q94090el2ppaf537eyaqqw4xk2934q2asguyz92,output,control_d6,False,24.5,
18iEcaufEJLKNwSuMk8Un6SDr8vVhZSbYk,output,control_d6,False,21.1,
bc1qm2235s00wsq8wgc5q85tjdkr3f09plc0tw7zpl,input,control_d6,False,24.5,
bc1qdhf02f8pwdhm6yy097xcasw65xruk9u5lnzfq9,input,control_d6,False,22.4,
bc1qeg3l9dwh57cslmjjwzwrc8z5v05f856a4dl9aj,input,control_d6,False,89.6,
bc1qk9aapga74sjyk0e7ggfcwp9ug29tsttvzt9ca7,input,control_d6,False,25.1,
bc1q8k9v0z0l2ra96n5l4k58awzjuqr5vse9kyptud,input,control_d6,False,22.7,
1ExMuy9qr5NE7tmWfM3PjztgRBMoCDDzZe,output,control_d6,False,87.7,
bc1qpjqe5wzufv870kfpyrtc6v6nnfyzmefe83ly38,output,control_d6,False,23.8,
bc1q87slxfl4eftzpdvxh6r2e5axqjn92dhe37q3pw,output,control_d6,False,25.1,
bc1qdy6gl7930sml4ykpgdz7sshmycsj9d4277qu6y,output,control_d6,False,23.7,
3PAazCxiYVQtzgPnVtdGp4nbHoQWh4GbLX,output,control_d6,False,23.4,
bc1q64wpqaxewjnee43qpczayn2lw4vtmx0pa90m23,output,control_d6,False,24.3,
bc1qxx8ulsm97n6a82kznedfj04xcslhu2eta5hg2l,input,control_d6,False,25.6,
bc1qup6mzu3v26j68wexa6xhcw3vf8n0mjkg2ukm9w,output,control_d6,False,89.3,
3NZG4CABHySV3TKdTxbkkWayNWCdzhdxEq,output,control_d6,False,25.2,
bc1qutna589pwfmmul9h60qm9wskajmk8qqxt4cfes9dzdsvplsqn62sp9fgwy,output,control_d6,False,24.0,
bc1ppxxkqe9yxpldq8almv8l7wxgtjrh833weygwjuyf5v5j6edhfpqs9ssg3m,output,control_d6,False,25.2,
bc1qewy5zktyl9v8fyaaeds4j8m0rqpyzwktdarqhq,output,control_d6,False,22.8,
1371eFsrvYBF2NWWBYvcYYU4TYkmVB9UnX,output,control_d6,False,23.8,
bc1qsqnggpthdepmq90g3cncjpvrkgspdq479dgs9n,output,control_d6,False,23.1,
32se7jUL2UfeeAsLudUxTSTyDNVjjzF8LV,output,control_d6,False,89.9,
3FXGJFUs7HizpwS3ytwhTzdCRfqg3cF4o1,output,control_d6,False,32.0,
bc1pwrcktrwm7t9qremtgcnhnlt300l844m7l2624sv4c2q6u5vaptzs76npgh,input,control_d6,False,25.7,
1zrhhSZo5WnNECTFZrj85sob6vq9WgGi2,input,control_d6,False,23.3,
39fGSgRJbjA9abQZJ4x5okrV2MVowtJcfq,output,control_d6,False,88.7,
bc1q3qlvfpurp2j98c6zcavykn2a5x6g4y9yz7yzrr,output,control_d6,False,24.8,
bc1qxak2xxpgm2y7rr3ufjhk5qqp9gsza4edg5h2sw,output,control_d6,False,24.3,
12uEWDpmpQjCZej9FTkZCqrTHkFH4WNhry,output,control_d6,False,25.2,
bc1pnazutmv2mcstde0zvs7lch00j6a8l7q8qexcxs3y9pxy9zadx4gshj0v39,input,control_d6,False,26.3,
bc1qgl43gzpj8vk89d8cwe740glhtlxmewymed00u2,output,control_d6,False,23.5,
bc1q0ujtevvk5yc8wxv5p2er80geuwsad604j5xgtq,input,control_d6,False,23.5,
bc1qwqdg6squsna38e46795at95yu9atm8azzmyvckulcc7kytlcckxswvvzej,input,control_d6,False,23.4,
bc1qz0kzezergjexg34acq0gkfnshl6hyutwa7rvjd,output,control_d6,False,25.0,
bc1pxx3jt2gnc2zlf7zyw3w6fhed052zanqfnk2h5u2jqcrda3csknas5zsupp,input,control_d6,False,24.8,
bc1qkyqw52ufetw8nksmm0ndc9q9gxqh5ef428e7c7,input,control_d6,False,22.7,
3FCZJ7v1cHbvCS1A82rdMafVtwaf4dFA9F,input,control_d6,False,22.8,
bc1qd8sv2u95rzmwuhjzxjf6se0xap6gszfcmjszha,input,control_d6,False,25.9,
bc1q48ls6uxrul4gmsww9m8h4kmhe8w48ysptd5rmz,input,control_d6,False,25.1,
1JcExHeYkyvZGwkzwVuJVkL3CHqaUNHegP,output,control_d6,False,23.5,
bc1qnrtnszqy5arxmhamftupxa50qgw6xcx66setjx,input,control_d6,False,24.7,
bc1qljdef5wkyzz3w4hg2k4trr3xq2pnc075kqjhwz,output,control_d6,False,22.9,
bc1qh528yzqlfah703ntaz0xxh6pn69t2uyep0ws49,output,control_d6,False,88.3,
13M682JctGYcB2mpK1jFFg4f2axCJ7scGJ,input,control_d6,False,22.6,
38UDjXwZQL9KjEnLCAULHgc27tcceAeiZW,output,control_d6,False,24.2,
bc1qxuxmnxcj7s9pekcg97j27wz8l98j26guzgfxja,output,control_d6,False,24.9,
bc1q2547pag44jdegqy7pyluvg7knvux8mtnh3xuml,input,control_d6,False,22.1,
bc1qk3t024eyakqn4r97kcncvfklqqapeq43pz9kl9,input,control_d6,False,21.4,
bc1q3s98ychcm5hugcyqyxrcr8uzrdc4n4r4a4vfk9,input,control_d6,False,21.9,
bc1qv4u8nghrxf2fjmuztcjl2p5a5nxtwn7ew0awk790fx725zvyn9pqlwx9pv,output,control_d6,False,89.8,
bc1qlhuzqe2ylnzvs38wdgvvt3mqkqpu93rp5yjkep,input,control_d6,False,23.9,
bc1q9jh4c52qjah95qs99hdqframxlpqnm7r52ksy4,output,control_d6,False,24.9,
bc1pdryxkfuejr5dxramutevqkyxcmgeeupgt8vnwcvh02zzestyau7q9kn4n0,output,control_d6,False,24.3,
bc1qfmpp0rzfnpmsfyr626uwc4cvkkdae9h4ga4jyt,output,control_d6,False,21.9,
bc1qe5yntmge4r645jqxhjdx06naw9sk4ky9zxpmn9,output,control_d6,False,22.1,
bc1q4fxfgezqwr3u7cq7rpggd7lk9f7drx04yppng8,output,control_d6,False,22.7,
bc1qlr3j42wm7jmhr4jk3j72kcgjq29lxs9yvrwl9k,input,control_d6,False,21.8,
bc1qdc4z52940rspapl43vmmndnvsxtcx9jzzmcahy,output,control_d6,False,24.6,
bc1qdpxdqj24pse3tr5zsh7celes6hcvlyzxz0vrvu,input,control_d6,False,27.0,
12iNFeQdntCeqjKNvVLDiD3kzwQRADGNVA,output,control_d6,False,23.4,
bc1qgfr2arutw90x76yw6s2adlrhqgpp08vap24td0,output,control_d6,False,23.6,
bc1ql9v9ckvwrctdjpr74ru03jnkuhe6y47yv2au8s,input,control_d6,False,23.4,
1AVPWVjU5ohqCdgeoNAZixJjajaPKwZUBg,output,control_d6,False,30.3,
bc1qkxl27h8a4utk3wvz7e50wjctyp4pzkhz8cxvep,input,control_d6,False,25.1,
bc1qw6d7wf5q0kwrzvqgsvjfytfhpal7rheywf44ar,output,control_d6,False,89.1,
3BBYsMV1BubiyQjAokhromTJaDS5Vatp95,output,control_d6,False,25.2,
bc1qakdg86uzvp4v53f9edy5ms36jhvvy0fslmv3wh,input,control_d6,False,24.2,
1NHKdNEa2a2sMoQ2w9USoGcwn3EHBEGtQG,input,control_d6,False,28.3,
bc1pjcrk68mjzj5xyk4c09x39gdumt0xmu9j6nrppe0avjsvj9kqf0qqzd89ny,output,control_d6,False,25.3,
bc1qlcqe7ldrayxvgdazr6p62yzw306cml2agxu4h3,input,control_d6,False,29.1,
369LwrLCXmAFjMVoMk1meVk5z8dXuLYadZ,output,control_d6,False,22.6,
199JVFuJgimybw4RXBmftLAVufPeyP2GwG,output,control_d6,False,22.6,
bc1qrm4c7v2jhjftawt35yvskuqlj79pu3jn9k3d0n,input,control_d6,False,23.4,
bc1qd86cpcn0da3gkz3t6cn8697584nzxgh3psmkxf,output,control_d6,False,23.8,
bc1q29mhmzeshu385pnsxeew0tmx70k7e5kfeufty9,input,control_d6,False,89.0,
12hkzi8BAgHAvvWbx8NVoGwuV4Y2qPUu7Z,input,control_d6,False,28.7,
3C6AnL1zoi7esDgm9Mupgu6DwPJ8hyDSzr,output,control_d6,False,24.2,
bc1qeu5wtkeuax0c83v33vx7u80426x6zxnyhpc38s,input,control_d6,False,93.8,
bc1q5flh3y7vwsm49a8wjmlu07spj2nllu5wlwftpk,output,control_d6,False,24.3,
bc1p6lvrh27k2v7y9e80gljx2gzvfpjgna9z66ftnkmwl5d5a5ee48wqfjgvnz,output,control_d6,False,87.7,
bc1qz6lejdx7xmus7g8lfdvmfn9g6akzmyktl0xm3u,input,control_d6,False,22.4,
17EtTMjW2oAR99mVHiCW7T4hg3HbbiKB8q,input,control_d6,False,22.7,
bc1qda9vpw6a2cuj2g2pdvzvz5mjdndmzvy8rcqcdu,output,control_d6,False,22.0,
1G9ZZwKQbcTHUcvb6bTN3sWhe2TdJFjw2R,output,control_d6,False,21.9,
bc1qmsx4p46ax6cd3gleff7u90emvuxgduvad4a977,output,control_d6,False,21.6,
bc1q8nuday58l4srv9p2esruu3vsucyuk4rqyhs9vc,output,control_d6,False,23.3,
bc1qse4hvmjjnwv5g8a5chh7dglwj9aecuuu9eqclp,input,control_d6,False,22.8,
bc1ql9tju2f36kv2pdeuy2s6htavhm39zwjjjrdn90,input,control_d6,False,24.3,
bc1qxegfxc66wkvqpccrsvrhvudl36fcw2zfy6nym0,output,control_d6,False,24.1,
3ENCPbMU9fjDGuRsRzELminHnnd4FSpne4,output,control_d6,False,21.6,
3CkLhf5kjZyovWmU6cDWjWDchd8i25wokb,output,control_d6,False,22.7,
bc1q0xr0zlf0qckm0whnylgpukvr4sx2xc9fg0pnxj,input,control_d6,False,23.0,
1CqR7vkwVBCuFkUMkJfLL141CtzUvRX2hx,output,control_d6,False,87.0,
32mAvwGoDaZL8v63pi8bV1QQi79g7rEG6P,output,control_d6,False,26.7,
bc1qg7xcktsz8d38kyawuppv3zturxgfs6axlr2xyc,input,control_d6,False,25.8,
bc1q7yysm94wh3aewd7qzqnus29jgnqj0apcu30ad9,input,control_d6,False,23.3,
1Nw5cxdkEMVact8ABPXkj5vHCVCCFxMBdT,output,control_d6,False,23.5,
3BddasbbUmCFbcUg2B8kZMDLL69sez2cT1,output,control_d6,False,23.0,
bc1qnzzgt59pcjqtd9mazckn0h4472lft72nk8rd97,input,control_d6,False,22.4,
bc1q5hs8zzllwygxdqkqhj7djc30r4h4k0adyk55vvsv3m9klp599vqqqnfyqm,input,control_d6,False,22.5,
bc1q9eswmmnu0x83teccfnc0ngx8wuatgd05r3jfz2,input,control_d6,False,23.8,
bc1qhesvmtlueazpjk08jdakpjsgw38yx4xc5cm7kz,output,control_d6,False,23.5,
bc1qyeknfs8uf7k4pe5eyuja27pada9y5u6f9mhc4e,output,control_d6,False,91.6,
bc1qc0nqpp4jm0j84z3f6zyc5ng7tjxmymqg02vaka,input,control_d6,False,23.9,
1KG2mkV75L5aBjS2thHtGYveEBjiWSDwS5,output,control_d6,False,25.9,
bc1q3024j0vjmlhrmt6w2s22hvtk2hegzedjntr95z,output,control_d6,False,22.7,
bc1qzrfaxtka0v0a3xwzvk0yaj6dvxqt2fjjlk0ma5,output,control_d6,False,21.2,
bc1q5nxuaqsqqfh0mpl7uqc4cy25v34xlymuyqmezy,output,control_d6,False,27.2,
1a79XuLPYasqSPFBbghSqkafd5qX8CVcJ,output,control_d6,False,24.6,
bc1qyznmlj029l7ajhyhv5de34gcygtvffvgmxrc8u,output,control_d6,False,24.5,
1HgncKbVEsTYiQocoweR4QqRSx5M7qet2r,output,control_d6,False,22.1,
31tshMDbYPXgYS5TdSdVKS35X32wL1ZQ5x,output,control_d6,False,89.4,
bc1p97rp8gxg7qxr753r75x3gx8fduqzx84a80cqtky9x9046x2zqsxs9cglxl,output,control_d6,False,24.4,
13qATooeN5Svfu7ZYE7zJmEN7QWDLuW9sc,input,control_d6,False,22.8,
bc1qq678kslqhgzhjlyvz3kcxlpcsun7nlsqz4n2kr,output,control_d6,False,87.3,
1Fg559XCMse9mcZZJL5t5rcs31LPgTiD9H,input,control_d6,False,24.2,
bc1qw957yp98wetwrvltwzmjgyz40r4y8su9namy8f,output,control_d6,False,24.1,
bc1qkn2uqzgpar2fg2mfcm370cy7y7jevp5ujawv7c,output,control_d6,False,22.8,
bc1qgh2nne9dxnltaw0njgh8xhwmdqapwk3ahtnrzg,output,control_d6,False,21.6,
bc1qhzqxcw6fyvrzr293pvw9w3rgng028zrhl8zxew,output,control_d6,False,89.8,
bc1ql597k5nk679hlkvz2rsm7qppz7fyzqxwvfnh79,input,control_d6,False,21.8,
bc1qdvlh5jnpaeys5a95d6ufneqtkswlkz7wvf6xrprle7mn4vqsxf0snjtwt0,output,control_d6,False,28.7,
bc1p43hl3na33uptt09yp37rjudgfr82zzsf3g6pn00qxszv4rpvhknq9jgam8,output,control_d6,False,25.0,
bc1q685ju9hhnulfx5swsmj8m2qdlme2mtt7gs4j4s,output,control_d6,False,22.8,
bc1p7lwakxwtm23v5sk59v875pp0xalcayaym3jtf9tepglzsx8rxtzqw3ykr6,input,control_d6,False,25.8,
bc1qdt943fugtx6dn6f59q8463ccrman22j6qrr5cmykpnja904d2kvs2zmhxy,input,control_d6,False,86.5,
bc1p2p6d0pzwhz5g0u002em0uj303hmhkh3gqs2nh6hxuw90rwkzg5nsatsphn,input,control_d6,False,25.2,
bc1q6c85ggtdsxhpzn0kzcfsyuxgd9ul0x9haz3jqla42ewn77sr7twskjpw7m,output,control_d6,False,22.7,
bc1qznpdz2a5rzlly348456yel8srydzccqrn88djr,input,control_d6,False,26.0,
bc1qhg2w63ld5ltpmackv94ttwrdw3vk64d5n50f37,output,control_d6,False,21.8,
1K6TkSKohJHaPMnkSy8FSDipGm4pJ3qoMc,output,control_d6,False,24.4,
bc1qe0k9390maceyqkcyc9u3ffl6r9vch7peyn24t8,input,control_d6,False,24.8,
bc1p2l55wdpve56axhe2dxmy00tc5pya9xnaxrq3fp2tpmzuq2vx4fnqhpmg7x,input,control_d6,False,22.6,
bc1pf7e9rl098kkyaz88uryzlda7yacd380c8zx38my7jekuzq37jljq68jy5s,output,control_d6,False,106.3,
bc1qat49gf53t6mp8z6tzujyhknrjnpcmrt829uluk,input,control_d6,False,88.7,
bc1q7wcjrg2wmp68ul9dkusyph7g8myj9mvagttl56,input,control_d6,False,25.2,
bc1qn0lazwqgnvwhs4qqekrv3facjym7hyr47pc4lz,output,control_d6,False,23.8,
bc1qvac533k697m5qpan0f94r6rx5dvserdwwfm6zq,input,control_d6,False,23.8,
bc1qhactsw22mhfcum2wg036fkpqpvw5dk2m2jnzt7,input,control_d6,False,27.4,
bc1qvndqdjetp8agjm8w8s70qrskx2s8fks9fgettz,output,control_d6,False,24.3,
bc1qd9lx8gm3rpjmd4hzsw878t8n7vs6w8jm74004v,output,control_d6,False,23.8,
bc1qm8emf0edh4943xmcmzth9kcx7s22n8yqzpa5kl,input,control_d6,False,23.0,
bc1qvr8755exhq6x5cfup7fwfzyhahk4ccf76mxzxj,output,control_d6,False,24.2,
bc1quw286hp9gqgjvc8p5hdqqfcu9f9sdtvuldntqz,input,control_d6,False,22.1,
bc1p78ap7r8speewcz9w743cylpcxcuvujv0kgml0edrccsuvxsf4pnsf774nn,output,control_d6,False,25.4,
bc1qt29n5eq0q6z4t7nmx6y46uxf0p8dt3pdk5pnxr,output,control_d6,False,22.7,
bc1qdd7k4fkwguexx7ndednwxx9njcw5qlk3ejhq89,input,control_d6,False,24.0,
bc1q3sdrr4ajer79atrvwwec8595sd42tcjr3993vd,output,control_d6,False,90.0,
bc1prsjde3scy22v8fnea8vjzauq3kvmktns3r4w96j3gn08t58x5eyqlzfhlc,input,control_d6,False,22.7,
bc1qzlpcr4gqj5xgr9a889xdz4sxuae8u360e4ak34,input,control_d6,False,25.5,
bc1qqlq89rk2dyaf93svv286saepcvmuuyk8ugt78m,output,control_d6,False,24.5,
bc1q73exylfht7nnews0jsujvdfptp5ygkl5dhj6l7,output,control_d6,False,88.6,
bc1qe9wt0lk04uc2jskm8dfcqtet7s0llphvlsrktzsxp6atj2820wsqpt6zx2,output,control_d6,False,22.8,
bc1pvd850f78ru4mhx9me6cjan5qcz7738zlxwj0xm4z4psvk2x4wy7q62sy73,input,control_d6,False,26.1,
32j5yyVuCYazBLqgVYhhKE7EFzS5SVHYDU,output,control_d6,False,23.4,
bc1qu4zwpx0yx3atrvgxhquldvpktcrld5mwq67clc7y6q6438jrckvstws8gu,output,control_d6,False,25.6,
13NxW924GmdezaLWtYh9eDfrUJ5qN3Mzcg,output,control_d6,False,23.3,
19d8ohicm8t2SqJbQhWBwp572zhTQSMWvL,output,control_d6,False,23.1,
bc1q7g9p0e7l07mdherkr8n73r67l3rnje046ypy36uke79a8ghc36us3jgcah,input,control_d6,False,22.6,
1HYwiaGmAMwNSE2q4Z2V3aGyN7H6Wxibwf,output,control_d6,False,21.9,
bc1qrxy92u2735x7vqguyzfemz5uqh2lwjwuyvp25h,output,control_d6,False,23.2,
bc1qw7d2sp5g0p039973t3wqyjedp35nmz08pxdzx7,input,control_d6,False,21.4,
bc1q7pccg8sgfuzxdmmh4c9jzqf0yfdw2uy5sa6gnw,input,control_d6,False,87.4,
bc1pjnhulqdjtqkdshefugu3en4t0thnyj39d942ze80cwgl2zl4exfshflyyk,output,control_d6,False,24.2,
189K3QoftFVnbgV5nQzdLNkLQv8XpumuKP,input,control_d6,False,22.4,
bc1pscvaygan3zujq5cncag4g95zqkymyhdw50x8sjww2y9y39zndczqktc0pn,output,control_d6,False,27.4,
17ZxjWmdUTFtqWvYpQJjLGmWXjXDKCtxq8,input,control_d6,False,25.7,
bc1q6p908lg6apuxqscjn66nwlqhguzk4u0pcxz0l3,output,control_d6,False,86.9,
bc1q6jycgsw0843yss8d7kpugzh6yevdht552z7ekq,input,control_d6,False,27.5,
bc1qveavlacdasxhhj5jjtrr3vxgxhnnl5qt0gujw2,input,control_d6,False,23.4,
bc1q0kukptjy280y6safyx4n6caddwn9rydfpx6exv,input,control_d6,False,22.9,
bc1phmkclg4j9haztsaj7snj7latz2aunvw6cwtyz8z877tkza8lzlvsulecfr,input,control_d6,False,22.8,
bc1prpn76hxr6zejfv3nv6ks8tamzyymw9y3s4mfyfqxxmdkq40enxfqt9ax5x,input,control_d6,False,23.2,
1Gthq6HZKWfNp3g4b5BPyK9toJHw75MGhn,output,control_d6,False,21.2,
3KA2cWmmvqB7YRG69yn3YK1fCg6K14S9B9,output,control_d6,False,24.0,
bc1qmsnd02wmxf6x2dvzry8tm5dtrcaapnp4pnvzyn,input,control_d6,False,22.5,
3B8e5KT23P7B91oNkrmB3LmDeEampq4Gkx,output,control_d6,False,22.4,
bc1q3rwnfaw7r73cdakg72m2jhhd370lxut7nxqd8u,output,control_d6,False,25.3,
bc1q3c6yly8k0hex4jl3c7gwr5jylzx7gregelyxr9,input,control_d6,False,88.0,
3819xT9h9Qb9qXQ7ZRtxz5rr6hsoJzLr3K,output,control_d6,False,22.8,
bc1qc0wsp5mph43q2d0e570mvrk987xl760gxkwn3g,input,control_d6,False,22.6,
3JMBh4LX83jC5qT1u7VLsmcKeranz3LaKj,output,control_d6,False,24.8,
bc1qzu426j22728z2h067n26v2xyggtm56x9ntfrwc,input,control_d6,False,25.8,
bc1qy64278y7ftkkr738el9d3nyq4uj6lh8yu5ztg7,output,control_d6,False,23.9,
bc1qjwcdmqqdgvnhv8l8nz3hff2h4xcyjahna2rypj,input,control_d6,False,21.6,
17xb19JvUonidzySXYeoxr8Rtci13o6VpW,output,control_d6,False,25.0,
bc1qy86lx845dmaqdplkfjrx38c6nyvu2nrkqqqcck,output,control_d6,False,27.4,
3F7DtAo1dtbPQMMftHsrqMvfiV9HZgDSDm,input,control_d6,False,25.3,
bc1p5rsmfw7fvdejznkpg4c4vsdd8a46szuqkpse9e4tmcuyu35qsp0qul06af,output,control_d6,False,87.9,
bc1qnz24p8atvukjz7c540q0zg8ppphrxh8ahdvc60,output,control_d6,False,23.3,
bc1qtjkmqntvx36u78h0hl5pssa08p9mfrfmzpa3r5,input,control_d6,False,24.8,
3EypHE8EU3tVGnAPjQEwCEWn12hsZfJT6n,output,control_d6,False,88.9,
bc1pqspaa4q2xqyzey9d28plywqgcl4heg5ral2qpcarn8r98tcmrhsqzm2jgd,input,control_d6,False,28.8,
bc1q95gkk032hxux9d4ud2e8c6r672fp2lns78unh3,input,control_d6,False,24.4,
bc1pv68v9plsu8wzm83x4542sjushxxj0l7nderuq7wq5mr23nmpw7csylwf63,output,control_d6,False,22.5,
bc1q799rwjak07uawa7zpmhya39uhkkvdystskmt00,output,control_d6,False,25.9,
15xqQLoHtPQLmU4cg8Trpz2My1WzDVKBPn,output,control_d6,False,21.9,
bc1qhw7z4enyeteqtnawdf9tasdd39eze8vqwcuy6u,input,control_d6,False,23.4,
bc1q8ntevuwgt3puvghszgcztqxrywytzqgehldvv5,output,control_d6,False,24.1,
bc1q77lnq2prnywsgu8fvn9lqr8e9d2x0uan0hn60c,output,control_d6,False,89.2,
bc1qsv96h75uwc75nlg6pv924y57m2m6ehjpyc6dl3,output,control_d6,False,22.7,
bc1qz2x2gc04zsahl6hc8h7w5h2ccguucynwsj62lx,input,control_d6,False,22.7,
16rTpYWmZdVBRAAGZvyEtRFczaUpcqBcZb,output,control_d6,False,23.0,
18ND224FDYTzCC7W1T1YfDJ87UiGYLkULa,input,control_d6,False,21.9,
bc1qxwqwvvrsdq5swwpx5lc8xewzv4r4nxlz5qj493,output,control_d6,False,21.4,
bc1qazmn447dwx2fqps8fsc7x46wamrvc6mc5dcasj,output,control_d6,False,23.1,
bc1qn7v7k3tqmrdtdhcev45ek7zjqzzhw8q77ppa26,input,control_d6,False,22.7,
bc1qx0u4lpmj26c4d4luhj42k7ul324jskkzcswsc4,output,control_d6,False,23.4,
17WyP8NLGGkd96gGMYXUYA4aPiume6wZso,output,control_d6,False,22.4,
bc1qr0m9rmehp9zkp3d22zulslpdpkuhzyxaeucthc,input,control_d6,False,22.5,
bc1qqgtse2n86zf0kc8gwx2z755lqpfz9xfxulc2rf,input,control_d6,False,23.9,
bc1qgmrh5dpj3amcgm00klx80094pma343w5wexhh8,output,control_d6,False,23.7,
bc1qkmpxcut0yguhtculdsr85y43vfqzh9vkrqzt79,input,control_d6,False,23.0,
3Pwj9pNDNCMgwdPDvYJBTbgr8g4pjB1JXf,output,control_d6,False,22.6,
bc1qglehq8tdaedxyu9dgax7dmgqntycndthc2xf52,output,control_d6,False,22.3,
bc1qfwd3wgmrj74ae5ek2yrd3mf4tj9ajft07sc6n7,output,control_d6,False,25.5,
bc1qz3deg90jkslkgld2ujzqzx6mmft4jczn88w58f,output,control_d6,False,87.0,
1JZY1mtsXBt8iMQQNW8Pg4uYLJASPFDAGr,input,control_d6,False,23.0,
13GW3LPantGfYh9rXb1khU7VyJoAyAiEky,input,control_d6,False,22.9,
bc1qpkpptjawunjlcc3pwv7yuae43uxu4mf64f09ru,output,control_d6,False,22.6,
bc1pes8g49zzzfgldlm8ph0jq7r58xvc7vp098tv2auzexnpm7uqs62su9nxe0,input,control_d6,False,22.0,
12BmX1Gzm36BsFxVoQSb65DBj3C1y47Ezu,input,control_d6,False,21.9,
bc1q66t8ysxewlws580qyryk7mndvhqr3tjehevan9,input,control_d6,False,23.3,
bc1qq6j2syfsxglywkh5p6mnqtfepu9k6227d4pe5s,input,control_d6,False,89.7,
bc1qdrayemawl8n0r4u7enlyc8zguhyghxcrucflqu,output,control_d6,False,27.2,
38WbfEodbyQLyKwdv599b4s5jhJPHWzN7e,output,control_d6,False,24.6,
bc1q7lxurhnn3lsrlckd5xr0zjj8dakxk65np53kul,input,control_d6,False,87.8,
13nPU18MfxwEoztcEqrKgZVGzFEg4wJqg4,input,control_d6,False,87.8,
bc1q77e7dwe0xj38ym478wy2rt39rfsula3r0gheg4,output,control_d6,False,24.9,
bc1qye0h8szj33zyyhvrt6fhk0d5qgzkn9nmqyqj2k,input,control_d6,False,25.6,
34856DyPwwqSSxMyCDwFkx6MPhAG1ZC7Ru,output,control_d6,False,23.9,
1AkSwDSzQAK4mGRrmz2N4Z7sBuCFu1GPwh,input,control_d6,False,21.5,
bc1q963pa9ur4avk8gaqaxtp6wqvkahn7ltn8fzn8gd3yu6hfn3rk9pqg4f2nt,input,control_d6,False,21.5,
bc1q7rmhxwvr037fnd593chdrse0da0aplqg3qv0es,input,control_d6,False,23.9,
bc1qpjg6xxq7tscd86pwl42p8w39p3ce388lmjx2x4,output,control_d6,False,24.5,
3P2G452ppRLn176bsGWkyiAyKUDgdLRAhf,output,control_d6,False,23.4,
bc1q70h9xt6rvv8gvx5xgx33rmftutp26j2crm23sf,output,control_d6,False,23.4,
1EjV1dUBVZMcN9QMY47GJrgBFUAsCu2oE7,output,control_d6,False,27.3,
1K7FX4EhgP6YArCmKjKdtQK9bRvivdR2Tk,output,control_d6,False,23.4,
bc1qwds9wzjn9zp7tzhuerescwajestw35y2t6ef5p,output,control_d6,False,21.6,
bc1qn0x97dp8uyqcw6jkllquneejv84nuwhjzhxrp6,output,control_d6,False,21.2,
1JxsqiXhXQtzB8fLZjtoupVAWRvTnTVepT,output,control_d6,False,23.2,
3FhjvDNuvkgSvY3zEmQ7nyALUXf2WXLt6E,output,control_d6,False,23.3,
bc1p87fyw74jf7prjh65gca5phwpjx6jkw732tvwmvqk75jjs78x6rsq3tu04z,input,control_d6,False,23.9,
3FSA7wYocfpCSK1u2D6eaFtfyMQFRBH9WM,output,control_d6,False,23.9,
bc1q4udwlgt4vqa7hevkpz6jtyr8p930p4dez8x276,output,control_d6,False,23.1,
1CfhvMpw7s6ZMncEcJAua8JXD1LMboNRus,output,control_d6,False,22.8,
bc1q92kpx55flzpyhtcmkjxyxykjh0z3a4847r48hx,input,control_d6,False,22.5,
bc1qgd23yltgedn9vf25t8jz28c5e0jjv8wwjng8zg,output,control_d6,False,23.7,
bc1q3jlsx46jcljphlgf2j43rr0a7nlf55k26h6r6w,input,control_d6,False,27.3,
bc1qv4nrewluj5f59gyl58xg4hwj2yuf60da9s8gfd,output,control_d6,False,21.8,
bc1qamg24nacuh0uvzuaarsfwf97eleunspfutm4x6,input,control_d6,False,22.4,
bc1qdal9ywug7axgegkzwphc89wl6nyxwvmm5je3km,output,control_d6,False,23.2,
bc1qj0ft7pglwru6f885zhsdljmhx29u597cw74t6h,output,control_d6,False,22.7,
bc1q3zfttrm9yeggcuqehp9zf5xak2a6jdud4vp0d7,input,control_d6,False,86.7,
bc1q78hf7az6frl4h38vmgvq6c2uww97zpxf85ut00ptascsauksqrcqs8h58z,output,control_d6,False,86.3,
bc1qfwc707exrdcf8vm4nglmfyzw9tsmdavyn3hpvl,output,control_d6,False,28.4,
bc1qpl88dlw06y2y82ehxpwprt9mvzp0u7qg7rgd6v,output,control_d6,False,23.4,
1JCaG711ZWTPoy6qKGdtpYQrP8yCFJPtPk,output,control_d6,False,23.0,
bc1qgyr8pk9xls9zl699cw4vksfjqccf4c8vj4x4sk,output,control_d6,False,22.4,
bc1qws3gxnamm3uwfx0k36fx23s903t8vtzyn7svnv,input,control_d6,False,22.5,
bc1q56tnkwl8zgzcmkk9guyukd63jnmrhahs89csfy,output,control_d6,False,22.3,
bc1qwup7uchxed0pnjj0r8my4t5wv5vghye2zt4haemtp4y78sv4auvs4v8xfc,output,control_d6,False,22.3,
3MBP8jJCJ4MUsY8adGR7ZxKSArnzs8LYRf,output,control_d6,False,26.4,
bc1pg2xm3lxzazgzudssek3aymg7yzg32wxt5wvpupe4lqndqkuukqwswgsq3y,output,control_d6,False,26.2,
bc1qsw0jsv0hpncfs526m45xae84pzq98gjzhs8g4l,input,control_d6,False,89.6,
bc1qcsumjqg0g5lvpkmnaep9pt4gz2tp7jnywt232k,output,control_d6,False,25.9,
bc1q4zgrc7xzkp0pygzgpwwkm552dkr0kk9pfn57ff,output,control_d6,False,20.9,
38B3iPPQEAZrkaM7mJdKqvNz5PdbnTt9qG,input,control_d6,False,24.5,
bc1qym63h2yvxg36awj2fzuc07gzletchda6uywq9x75heu4pdka6krs59fysu,output,control_d6,False,23.3,
3BvCWAMfZ2aW8tvJSzKuXng2to5YikABu1,input,control_d6,False,85.1,
bc1pee8gm5yzf3pxkvpdkgjpmc5p03rf7cxdzvqewz24jpn8jhx85ddql9sqqr,input,control_d6,False,22.2,
bc1qssqhhuhzd987zuspytx2ftrg9e54g6yuzjkmw0,input,control_d6,False,21.4,
bc1pu7ykqcypsex4wu92futfdgnuwas2gdsrn3l2n7vuvj7sxwjrq79qngsnf5,input,control_d6,False,22.2,
bc1qamls99cj4cstzcu3d9z84ujz8ukq6zaeyle4fs,input,control_d6,False,20.7,
bc1qfwn0khly6057l9mk0h994rffruztlmqn7zpyj3,output,control_d6,False,22.5,
1F1edhCAjLiebru2Vbga8F3TB64xtRzMge,output,control_d6,False,21.7,
1E5nLBMNdBSQNpturqtUp7BE3RqP67HLdm,output,control_d6,False,23.6,
bc1qw5lrz26swtx9rxwzg670c457t08m7gfj86x7re,input,control_d6,False,87.0,
1D2YespehobKqkWtDw5h3EuiXJyhxcbgAt,output,control_d6,False,21.8,
bc1ql7mxfc7azu35d2q6qa6yztussjccvhy7l4w5we,output,control_d6,False,22.5,
bc1qwucz4nxhmqm5xd9r6cc8sft4d4ep5tkgq5cnat,output,control_d6,False,25.9,
bc1qgkqele6jz5c5tmxrxavj59wmxylyp9a0gdhvxe,output,control_d6,False,21.8,
bc1pfpshv2hdpt0p7we03j7zdv4xalece5ag0zv4tda90ds345tmsnms62tlrc,output,control_d6,False,88.6,
bc1q2dkee7dwg26ralcz8cdpxl9dytj9xyx8eqgkm4,output,control_d6,False,86.5,
3MuxoxPRFjrv8xHaRcdCQTfXHhMxdKhojp,output,control_d6,False,22.3,
bc1qyrjk0sfrr2tp42wp6vnzeykjxpa44q9yjr6u5a,input,control_d6,False,22.1,
bc1ppj46r4mesfxddgymzd7xrdhhavl9c4hw6vysjl4jj8gsd5sj8reqcttes9,input,control_d6,False,23.2,
352tkKr9roaoPjVN48fjiRSt4Kc3nhy992,output,control_d6,False,22.3,
bc1qyknxnfz6uyc4s5az47lqkd068c4m8rfu7dter2,output,control_d6,False,22.6,
bc1qn02dq2y8g5h0elr0u95n4a995kz7r4qunelsny,output,control_d6,False,25.2,
1KQca7GbQjq2Mnkm1Fc1FHfaxE5zxbtRe1,output,control_d6,False,26.7,
bc1qtx9nzn4qukcpe08t07ff6zuls5s5rnfxl0504f,output,control_d6,False,88.1,
3KeYk7BSDEFf7Px3jc7zhLZ14aZ63V6hJt,input,control_d6,False,24.5,
bc1q38rk89q8wqvyc757n9vmjc4ss03c0yegxzcpew,output,control_d6,False,21.8,
bc1qq5k7q92khuvvfpfgrf3p2c2c7scg76a85zx049,output,control_d6,False,24.0,
bc1qlt5nm3kflne7rht4alsnzdzad878ld5rcu4na0,output,control_d6,False,24.1,
bc1qn23yj7dwqjv88c6t96j0el7ftvsed59mtfdyh8,output,control_d6,False,23.4,
bc1qv4ywdq89a02sh35gfgl8fzmre65m474dcfw8z4,input,control_d6,False,22.5,
bc1qurn86n4qw4p33v5zpnmewd6r4qffc2cuc8qe0l,output,control_d6,False,23.8,
bc1qruys6jr6765h2mpq8tz65wgle2l9s9fq4qmtyv,output,control_d6,False,22.5,
bc1ql8qcu0dqhs56q4dg0s0k4r7e0daq2ura73d0vr,output,control_d6,False,22.9,
bc1qqk3larpmckfm9yem7fpvvd58ukpk9lhg3ag3wc,input,control_d6,False,24.9,
bc1q8tpvhk0f4hdmmq94naftzfny8sqszg49nndf3m,output,control_d6,False,24.1,
163UL8hPVH4hPiy51nqMZpUyaQk6n7L2Sb,output,control_d6,False,22.8,
18aLF6SmsyTtsGGPkLQ38PyHU74EnHZZ7M,output,control_d6,False,23.0,
bc1qfpavhkeeexchjxhudkfz4kenn0r5vpgt9m4hmh,input,control_d6,False,25.6,
bc1pt65exley6pv6uqws7xr3ku7u922tween0nfyz257rnl5300cjnrsjp9er6,input,control_d6,False,26.4,
bc1q2t6vadr8jmshha8fewq4332c5py7v997lnsh4m,input,control_d6,False,26.4,
34pn6f6GRVGw8XFx5Jxrbgy1Gwcp6Ne7QT,output,control_d6,False,26.0,
32jfpapjAjKUV6CnDN3UZVXh4KanCxTDDH,input,control_d6,False,22.2,
bc1q0gl6yfg8lau96j8vxl0v2768u3qrqefvk0780s,input,control_d6,False,22.3,
bc1qweqqdru2dm456vr34n0ycyartfd0cwx62jpamg,output,control_d6,False,24.2,
bc1q8mvsnjtqzr322gzka74y3uy6plcfxjkz7rngr5,output,control_d6,False,23.6,
bc1q8agp4dweykk6hp4w0kdwtthz8q5gyef4fqn599,output,control_d6,False,22.7,
bc1qy0u9dsleg45dvtauxjqxmgt5gtc4xwkzc3zqqs,input,control_d6,False,26.7,
bc1qt7er70ve2ljem0h0ku96e8zt08q2pprtj6fxqn,output,control_d6,False,23.1,
17KdbcjDeFK3ucmAeoTFFtkN7KT7s1ye5f,output,control_d6,False,24.0,
bc1qqy8uc55xpnv7dp9tyq55nqjdzux5xs6eqjv5hr,input,control_d6,False,23.1,
1P8pBXMWqXHoMCNPr7uduysSKNAGXdTK1e,output,control_d6,False,23.5,
3NSwUPLvtA7nuAnUvwn7UMH3WkjXhENP6S,output,control_d6,False,22.7,
16SRWffMTZmy8XH6NpapCdSUNbpAuud8Vv,output,control_d6,False,91.0,
1G6FwhoLerjHNEYPz6YujKzvoUx6M56f2F,output,control_d6,False,22.2,
bc1qn6yflgfxta6mcxldrrk7lnehgjvhmxsgm0j3eu,output,control_d6,False,28.2,
36fZV1iGueAdfv9YQ5g9TaZpSYiMxDTGFe,output,control_d6,False,27.1,
37NTpEbug5nmoavVSLySwBSnK5UuHBcjfw,output,control_d6,False,26.7,
bc1qgduk8mxwk86eumq423e0n54fhrxspqe3kwj5ry,output,control_d6,False,26.1,
bc1q634k7ckqyq2wke7y9dmrxh4an0tkj9vse9ua5q,output,control_d6,False,25.1,
1Gn2ZgwoBar7pk8Fv8kUJxhGQejE41N1GQ,output,control_d6,False,26.8,
bc1qped07tnhj07v3cj38389mdyz0pvswxcjr33z8z,input,control_d6,False,23.3,
bc1qkn67rxj889avrs547dnl2495r6700wgxfqprjq,output,control_d6,False,96.0,
bc1q6sh4qcm48qynaa75927c0hc4s03r6k8ckp46d3,output,control_d6,False,23.9,
3MiBxReyk3uCGwcoPTZLdN5UthoBtUssvY,output,control_d6,False,100.1,
bc1qhurxsnqucneavpsqhvwr08wcy7tcz893v5tu75,output,control_d6,False,21.6,
bc1qj4pyqmur2h9yme96a8rcumj7uth3hvz38t2k05,output,control_d6,False,23.1,
bc1pe5aeu4etxu84z5jea9k50lg7dtkmd2wct5nqqw9pmx3kk3d2s2zqn9eyy0,output,control_d6,False,25.0,
bc1ptyjpj97xsgkv050xpewx0zd8dcz9jf3dawn4p7s4ekp84fml290q0hzqyd,input,control_d6,False,28.0,
bc1qxqaa8wwhf4cxneentql2xg9zv4lyjuzztzqysp,output,control_d6,False,32.2,
3FKVNJjSAAgAURMbPw3JZm6Bs1XZrX12oo,output,control_d6,False,88.4,
bc1qpq2ztz8zg29jj3xk7d8ttmcx5utc3tv409rtqk,input,control_d6,False,26.5,
bc1qx0prx67pg4gkwhvtz25k9a58tn8yd6yfq5vxzr,input,control_d6,False,25.4,
1FJEvaYJKHGiBqdvCp3i3k3yzrMfqVv5gB,input,control_d6,False,32.5,
bc1qsdx5w7yctrm3v8ncr86w0mkxynmqa20g9l87qv,output,control_d6,False,24.1,
bc1qcv24turrpq3thtm7rw2mwdkck3p9r7vvrcquel,output,control_d6,False,90.9,
bc1qa3j95p54nqkk87ylqdkpg5cphff0z94fpy9tax8gwknpqlyh49dq6sslzz,output,control_d6,False,21.7,
bc1qjfn345qcsh3hknl0veqz8mnxvzrfl84nywlcmv,output,control_d6,False,21.8,
bc1qjmx8dcyafmjy5gh56fvy9n7d89q49lpx6pyu6v,output,control_d6,False,21.6,
bc1qstkcrk4v8fjrjrlnskrdqjq8pgegeq3sqd4e8k,input,control_d6,False,89.2,
bc1p782f0vfe3uptsu3scwt6hgkas7dqdmsrlvq3ye8kuzrg85m9gjestq9xnn,input,control_d6,False,87.0,
bc1qlj74c9zzsa2g6dj8my9lph05fah7wusxa2y2rj,output,control_d6,False,23.4,
